FID,Shape,DPTO_CCDGO,MPIO_CCDGO,MUNICIPIO,DEPARTAMENTO,PK,CODIGO_DANE,Region,CODIGO_PRO,PROVINCIA,RURALIDAD,Capital,Población,Área_No_Municipalizada,Instrumento,Categoria_Municipal,Nivel_Desempeño_Fiscal,PDET,ZOMAC,IRV,INFORMALIDAD,Año,Cod_precio,irradiado_rango_prec,rango_prec,irradiado,Codigo_D1,Isocrona_25k_DPTO,Isocrona_25K_MPIO,Isocrona_25K_TIEMPO,Isocrona_25K_HORA,Isocrona_25K_DIST,Isocrona_CAPIT_DPTO,Isocrona_CAPI_MPIO,Isocrona_CAPI_TIEMPO,Isocrona_CAPI_HORA,Isocrona_CAPI_DIST,Tamaño_Predial_Area,Tamaño_predial_AREA_HA,Tamaño_predial_numero,Tamaño_Predial_numero_(ha),GRUPO_UFH,AREA_UFH,Uso_agrope,Observacio,VCRT_valor_medio
281,Polygon,5,1,MEDELLIN,ANTIOQUIA,5001,5001,Andina,509,VALLE DEL ABURRA,Ciudades y aglomeraciones,si,2595300,-,3. POT,ESPECIAL,G1_ALTO,No PDET,NO ZOMAC,Medio Bajo,0.330386,-,-,Irradiado_Mayor que 400 - hasta 500,Mayor que 400 - hasta 500,1,5001.0,Antioquia,MEDELLÍN,0.0,A1. Menos 1 hora,0.0,Antioquia,MEDELLÍN,0.0,A1. Menos 1 hora,0.0,Mediana propiedad,8840.59132250457,Pequeña propiedad,3869.0,4,12839.014283,SI,-,
304,Polygon,5,2,ABEJORRAL,ANTIOQUIA,5002,5002,Andina,506,ORIENTE,Rural,-,21297,-,1. EOT,SEIS,G5_BAJO,No PDET, ZOMAC,Medio Bajo,0.610351,-,-,Irradiado_Mayor que 140 - hasta 160,Mayor que 140 - hasta 160,1,5002.0,Antioquia,LA CEJA,1.170065,A2. Mayor que 1 y menor que 2 horas,34.79899,Antioquia,MEDELLÍN,2.221,A3. Mayor que 2 y menor que 3 horas,72.270772,Pequeña propiedad,25108.60931967532,Pequeña propiedad,6214.0,3,23503.755827,SI,-,
303,Polygon,5,4,ABRIAQUI,ANTIOQUIA,5004,5004,Andina,505,OCCIDENTE,Rural disperso,-,2841,-,1. EOT,SEIS,G1_ALTO,No PDET, ZOMAC,Bajo,0.52461,-,-,Irradiado_Mayor que 15 - hasta 20,Mayor que 15 - hasta 20,1,5004.0,Antioquia,BELLO,3.83523,A4. Mayor que 3 y menor que 4 horas,103.964379,Antioquia,MEDELLÍN,4.396107,A5. Mayor que 4 y menor que 5 horas,113.248441,Pequeña propiedad,52.96893439942217,Pequeña propiedad,7.0,4,131.738154,SI,-,
302,Polygon,5,21,ALEJANDRIA,ANTIOQUIA,5021,5021,Andina,506,ORIENTE,Rural,-,4912,-,1. EOT,SEIS,G5_BAJO,No PDET, ZOMAC,Bajo,0.780562,-,-,Irradiado_Mayor que 40 - hasta 50,Mayor que 40 - hasta 50,1,5021.0,Antioquia,BARBOSA,1.034509,A2. Mayor que 1 y menor que 2 horas,27.573506,Antioquia,MEDELLÍN,2.097059,A3. Mayor que 2 y menor que 3 horas,65.589654,Pequeña propiedad,5809.280812075443,Pequeña propiedad,1154.0,3,4603.228652,SI,-,
301,Polygon,5,30,AMAGA,ANTIOQUIA,5030,5030,Andina,507,SUROESTE,Intermedio,-,32142,-,2. PBOT,SEIS,G4_MEDIO_BAJO,No PDET,NO ZOMAC,Medio Bajo,0.588635,2024,5.1.1,Mayor que 120 - hasta 140,Mayor que 120 - hasta 140,0,5030.0,Antioquia,CALDAS,0.450208,A1. Menos 1 hora,15.163961,Antioquia,MEDELLÍN,0.925888,A1. Menos 1 hora,38.370563,"Gran propiedad, latifundios",493.0946635697523,Pequeña propiedad,67.0,2,445.326007,SI,-,
300,Polygon,5,31,AMALFI,ANTIOQUIA,5031,5031,Andina,503,NORDESTE,Rural,-,27637,-,1. EOT,SEIS,G4_MEDIO_BAJO,PDET Bajo Cauca-Nordeste Antioqueño, ZOMAC,Medio Alto,0.577379,-,-,Irradiado_Mayor que 20 - hasta 30,Mayor que 20 - hasta 30,1,5031.0,Antioquia,SEGOVIA,2.163889,A3. Mayor que 2 y menor que 3 horas,82.60925,Antioquia,MEDELLÍN,3.354158,A4. Mayor que 3 y menor que 4 horas,133.126111,Mediana propiedad,58960.884007381086,Pequeña propiedad,1601.0,3,45121.830096,SI,-,
299,Polygon,5,34,ANDES,ANTIOQUIA,5034,5034,Andina,507,SUROESTE,Intermedio,-,45796,-,2. PBOT,SEIS,G3_MEDIO,No PDET,NO ZOMAC,Medio Bajo,0.577379,2024,4.2.1,Mayor que 80 - hasta 100,Mayor que 80 - hasta 100,0,5034.0,Antioquia,CALDAS,2.314897,A3. Mayor que 2 y menor que 3 horas,87.313413,Antioquia,MEDELLÍN,2.790576,A3. Mayor que 2 y menor que 3 horas,110.520014,Pequeña propiedad,1406.501885531212,Pequeña propiedad,733.0,3,1063.647919,SI,-,
298,Polygon,5,36,ANGELOPOLIS,ANTIOQUIA,5036,5036,Andina,507,SUROESTE,Intermedio,-,6082,-,1. EOT,SEIS,G3_MEDIO,No PDET,NO ZOMAC,Bajo,0.554012,2024,3.2.2,Mayor que 30 - hasta 40,Mayor que 30 - hasta 40,0,5036.0,Antioquia,CALDAS,0.585439,A1. Menos 1 hora,11.912489,Antioquia,MEDELLÍN,1.047691,A2. Mayor que 1 y menor que 2 horas,35.001934,Mediana propiedad,650.5194514269567,Pequeña propiedad,134.0,3,376.645106,SI,-,
297,Polygon,5,38,ANGOSTURA,ANTIOQUIA,5038,5038,Andina,504,NORTE,Rural disperso,-,12005,-,1. EOT,SEIS,G3_MEDIO,No PDET, ZOMAC,Medio Alto,0.589065,-,-,Irradiado_Mayor que 20 - hasta 30,Mayor que 20 - hasta 30,1,5038.0,Antioquia,YARUMAL,0.648078,A1. Menos 1 hora,15.94386,Antioquia,MEDELLÍN,2.867662,A3. Mayor que 2 y menor que 3 horas,113.773925,Mediana propiedad,13236.335518772405,Pequeña propiedad,3005.0,3,18688.267567,SI,-,
296,Polygon,5,40,ANORI,ANTIOQUIA,5040,5040,Andina,503,NORDESTE,Rural,-,19527,-,1. EOT,SEIS,G3_MEDIO,PDET Bajo Cauca-Nordeste Antioqueño, ZOMAC,Alto,0.633219,-,-,Irradiado_Mayor que 30 - hasta 40,Mayor que 30 - hasta 40,1,5040.0,Antioquia,YARUMAL,1.565964,A2. Mayor que 1 y menor que 2 horas,44.890159,Antioquia,MEDELLÍN,4.228916,A5. Mayor que 4 y menor que 5 horas,140.544488,Mediana propiedad,70618.57884450944,Pequeña propiedad,1274.0,4,58936.948705,SI,-,
295,Polygon,5,42,SANTAFE DE ANTIOQUIA,ANTIOQUIA,5042,5042,Andina,505,OCCIDENTE,Rural,-,27831,-,1. EOT,CINCO,G1_ALTO,No PDET, ZOMAC,Medio,0.434881,-,-,Irradiado_Mayor que 200 - hasta 250,Mayor que 200 - hasta 250,1,5042.0,Antioquia,BELLO,1.589578,A2. Mayor que 1 y menor que 2 horas,52.077164,Antioquia,MEDELLÍN,2.150455,A3. Mayor que 2 y menor que 3 horas,61.361227,Mediana propiedad,24307.61309407117,Pequeña propiedad,3823.0,4,34401.445484,SI,-,
294,Polygon,5,44,ANZA,ANTIOQUIA,5044,5044,Andina,505,OCCIDENTE,Rural disperso,-,7433,-,1. EOT,SEIS,G2_MEDIO_ALTO,No PDET,NO ZOMAC,Medio Bajo,0.775,-,-,Irradiado_Mayor que 30 - hasta 40,Mayor que 30 - hasta 40,1,5044.0,Antioquia,BELLO,2.270951,A3. Mayor que 2 y menor que 3 horas,76.705087,Antioquia,MEDELLÍN,2.831828,A3. Mayor que 2 y menor que 3 horas,85.989149,Mediana propiedad,9652.570785208381,Pequeña propiedad,1326.0,4,19168.21784,SI,-,
403,Polygon,5,45,APARTADO,ANTIOQUIA,5045,5045,Andina,508,URABA,Ciudades y aglomeraciones,-,130362,-,3. POT,TRES,G2_MEDIO_ALTO,PDET Urabá Antioqueño, ZOMAC,Medio,0.692543,-,-,Irradiado_Mayor que 70 - hasta 80,Mayor que 70 - hasta 80,1,5045.0,Antioquia,APARTADÓ,0.0,A1. Menos 1 hora,0.0,Córdoba,MONTERÍA,4.472517,A5. Mayor que 4 y menor que 5 horas,226.522157,Mediana propiedad,39993.051958521064,Pequeña propiedad,1184.0,3,25284.683142,SI,-,
293,Polygon,5,51,ARBOLETES,ANTIOQUIA,5051,5051,Andina,508,URABA,Intermedio,-,31853,-,2. PBOT,SEIS,G2_MEDIO_ALTO,No PDET,NO ZOMAC,Medio Bajo,0.613794,-,-,Irradiado_Mayor que 20 - hasta 30,Mayor que 20 - hasta 30,1,5051.0,Córdoba,MONTERÍA,1.576415,A2. Mayor que 1 y menor que 2 horas,74.248737,Córdoba,MONTERÍA,1.553917,A2. Mayor que 1 y menor que 2 horas,73.407316,Mediana propiedad,48296.060207530914,Pequeña propiedad,2188.0,2,42143.100487,SI,-,
292,Polygon,5,55,ARGELIA,ANTIOQUIA,5055,5055,Andina,506,ORIENTE,Rural disperso,-,7975,-,1. EOT,SEIS,G5_BAJO,No PDET, ZOMAC,Alto,0.516161,-,-,Irradiado_Mayor que 30 - hasta 40,Mayor que 30 - hasta 40,1,5055.0,Antioquia,LA CEJA,1.918687,A2. Mayor que 1 y menor que 2 horas,77.036457,Antioquia,MEDELLÍN,2.981157,A3. Mayor que 2 y menor que 3 horas,115.249661,Mediana propiedad,8219.327167247198,Pequeña propiedad,1951.0,4,14515.14906,SI,-,
291,Polygon,5,59,ARMENIA,ANTIOQUIA,5059,5059,Andina,505,OCCIDENTE,Rural,-,5358,-,1. EOT,SEIS,G3_MEDIO,No PDET,NO ZOMAC,Medio Bajo,0.386467,-,-,Irradiado_Mayor que 40 - hasta 50,Mayor que 40 - hasta 50,1,5059.0,Antioquia,CALDAS,1.518159,A2. Mayor que 1 y menor que 2 horas,48.573001,Antioquia,MEDELLÍN,1.798613,A2. Mayor que 1 y menor que 2 horas,45.207316,"Gran propiedad, latifundios",4931.170882865111,Pequeña propiedad,1133.0,4,5203.584648,SI,-,
290,Polygon,5,79,BARBOSA,ANTIOQUIA,5079,5079,Andina,509,VALLE DEL ABURRA,Ciudades y aglomeraciones,-,55649,-,2. PBOT,CUATRO,G5_BAJO,No PDET,NO ZOMAC,Medio Bajo,0.626284,-,-,Irradiado_Mayor que 70 - hasta 80,Mayor que 70 - hasta 80,1,5079.0,Antioquia,BARBOSA,0.0,A1. Menos 1 hora,0.0,Antioquia,MEDELLÍN,1.098924,A2. Mayor que 1 y menor que 2 horas,38.830361,Pequeña propiedad,10303.443560802738,Pequeña propiedad,5348.0,4,11107.413417,SI,-,
289,Polygon,5,86,BELMIRA,ANTIOQUIA,5086,5086,Andina,504,NORTE,Rural disperso,-,6356,-,1. EOT,SEIS,G5_BAJO,No PDET,NO ZOMAC,Medio Bajo,0.702008,2017,3.2.2,Irradiado_Mayor que 100 - hasta 120,Mayor que 100 - hasta 120,1,5086.0,Antioquia,BELLO,1.174409,A2. Mayor que 1 y menor que 2 horas,43.594322,Antioquia,MEDELLÍN,1.735286,A2. Mayor que 1 y menor que 2 horas,52.878384,Mediana propiedad,20.41649462698231,Pequeña propiedad,11.0,2,28.814363,SI,Agropecuario,
288,Polygon,5,88,BELLO,ANTIOQUIA,5088,5088,Andina,509,VALLE DEL ABURRA,Ciudades y aglomeraciones,-,561955,-,3. POT,UNO,G4_MEDIO_BAJO,No PDET,NO ZOMAC,Bajo,0.582293,-,-,Irradiado_Mayor que 300 - hasta 400,Mayor que 300 - hasta 400,1,5088.0,Antioquia,BELLO,0.0,A1. Menos 1 hora,0.0,Antioquia,MEDELLÍN,0.576162,A1. Menos 1 hora,9.342641,Pequeña propiedad,4741.556302711102,Pequeña propiedad,1789.0,4,5129.798449,SI,-,
287,Polygon,5,91,BETANIA,ANTIOQUIA,5091,5091,Andina,507,SUROESTE,Intermedio,-,10808,-,1. EOT,SEIS,G3_MEDIO,No PDET,NO ZOMAC,Medio,0.458927,2024,4.1.1,Mayor que 60 - hasta 70,Mayor que 60 - hasta 70,0,5091.0,Antioquia,CALDAS,2.193383,A3. Mayor que 2 y menor que 3 horas,79.10925,Antioquia,MEDELLÍN,2.669063,A3. Mayor que 2 y menor que 3 horas,102.315851,Mediana propiedad,551.8020283520317,Pequeña propiedad,103.0,4,569.712218,SI,-,
286,Polygon,5,93,BETULIA,ANTIOQUIA,5093,5093,Andina,507,SUROESTE,Intermedio,-,16485,-,1. EOT,SEIS,G2_MEDIO_ALTO,No PDET,NO ZOMAC,Medio Bajo,0.569202,2024,4.1.2,Mayor que 70 - hasta 80,Mayor que 70 - hasta 80,0,5093.0,Antioquia,CALDAS,2.334966,A3. Mayor que 2 y menor que 3 horas,80.702143,Antioquia,MEDELLÍN,2.810646,A3. Mayor que 2 y menor que 3 horas,103.908745,Pequeña propiedad,553.4949750782347,Pequeña propiedad,190.0,3,697.686082,SI,-,
282,Polygon,5,101,CIUDAD BOLIVAR,ANTIOQUIA,5101,5101,Andina,507,SUROESTE,Intermedio,-,27458,-,1. EOT,SEIS,G1_ALTO,No PDET,NO ZOMAC,Medio,0.306362,2024,3.3.2,Mayor que 50 - hasta 60,Mayor que 50 - hasta 60,0,5101.0,Antioquia,CALDAS,1.967864,A2. Mayor que 1 y menor que 2 horas,75.9193,Antioquia,MEDELLÍN,2.443544,A3. Mayor que 2 y menor que 3 horas,99.125902,Mediana propiedad,3668.600724733422,Pequeña propiedad,1243.0,3,4317.395318,SI,-,
283,Polygon,5,107,BRICEÑO,ANTIOQUIA,5107,5107,Andina,504,NORTE,Rural disperso,-,8473,-,1. EOT,CINCO,G4_MEDIO_BAJO,PDET Bajo Cauca-Nordeste Antioqueño, ZOMAC,Alto,0.515258,-,-,Irradiado_Mayor que 20 - hasta 30,Mayor que 20 - hasta 30,1,5107.0,Antioquia,YARUMAL,1.275075,A2. Mayor que 1 y menor que 2 horas,34.084776,Antioquia,MEDELLÍN,4.085076,A5. Mayor que 4 y menor que 5 horas,148.093016,Mediana propiedad,25394.585162929154,Pequeña propiedad,1185.0,3,21819.289798,SI,-,
284,Polygon,5,113,BURITICA,ANTIOQUIA,5113,5113,Andina,505,OCCIDENTE,Rural disperso,-,9925,-,1. EOT,SEIS,G5_BAJO,No PDET,NO ZOMAC,Medio Bajo,0.657778,-,-,Irradiado_Mayor que 30 - hasta 40,Mayor que 30 - hasta 40,1,5113.0,Antioquia,BELLO,2.638751,A3. Mayor que 2 y menor que 3 horas,81.316356,Antioquia,MEDELLÍN,3.199628,A4. Mayor que 3 y menor que 4 horas,90.600418,"Gran propiedad, latifundios",15190.640881582625,Pequeña propiedad,2050.0,4,31588.907845,SI,-,
285,Polygon,5,120,CACERES,ANTIOQUIA,5120,5120,Andina,501,BAJO CAUCA,Rural disperso,-,30925,-,2. PBOT,SEIS,G5_BAJO,PDET Bajo Cauca-Nordeste Antioqueño, ZOMAC,Alto,0.753663,-,-,Irradiado_Mayor que 15 - hasta 20,Mayor que 15 - hasta 20,1,5120.0,Antioquia,CAUCASIA,1.138445,A2. Mayor que 1 y menor que 2 horas,58.249957,Córdoba,MONTERÍA,3.357914,A4. Mayor que 3 y menor que 4 horas,182.438304,"Gran propiedad, latifundios",118373.46884800753,Mediana propiedad,888.0,3,108752.520339,SI,-,
350,Polygon,5,125,CAICEDO,ANTIOQUIA,5125,5125,Andina,507,SUROESTE,Rural disperso,-,8798,-,1. EOT,SEIS,G3_MEDIO,No PDET, ZOMAC,Medio Bajo,0.481843,-,-,Irradiado_Mayor que 30 - hasta 40,Mayor que 30 - hasta 40,1,5125.0,Antioquia,BELLO,2.84995,A3. Mayor que 2 y menor que 3 horas,80.171991,Antioquia,MEDELLÍN,3.410827,A4. Mayor que 3 y menor que 4 horas,89.456053,Mediana propiedad,6766.662665330266,Pequeña propiedad,1782.0,4,11529.003901,SI,-,
349,Polygon,5,129,CALDAS,ANTIOQUIA,5129,5129,Andina,509,VALLE DEL ABURRA,Ciudades y aglomeraciones,-,85385,-,2. PBOT,TRES,G2_MEDIO_ALTO,No PDET,NO ZOMAC,Bajo,0.539605,-,-,Irradiado_Mayor que 200 - hasta 250,Mayor que 200 - hasta 250,1,5129.0,Antioquia,CALDAS,0.0,A1. Menos 1 hora,0.0,Antioquia,MEDELLÍN,0.527421,A1. Menos 1 hora,23.606602,Mediana propiedad,5498.782044835743,Pequeña propiedad,1264.0,4,8471.899199,SI,-,
348,Polygon,5,134,CAMPAMENTO,ANTIOQUIA,5134,5134,Andina,504,NORTE,Rural,-,9671,-,1. EOT,SEIS,G4_MEDIO_BAJO,No PDET, ZOMAC,Alto,0.646421,-,-,Irradiado_Mayor que 20 - hasta 30,Mayor que 20 - hasta 30,1,5134.0,Antioquia,YARUMAL,0.493643,A1. Menos 1 hora,17.150967,Antioquia,MEDELLÍN,3.271499,A4. Mayor que 3 y menor que 4 horas,129.710678,Mediana propiedad,13626.793621421948,Pequeña propiedad,1704.0,3,10931.907922,SI,-,
347,Polygon,5,138,CAÑASGORDAS,ANTIOQUIA,5138,5138,Andina,505,OCCIDENTE,Rural,-,16256,-,1. EOT,SEIS,G5_BAJO,No PDET,NO ZOMAC,Medio,0.79284,-,-,Irradiado_Mayor que 20 - hasta 30,Mayor que 20 - hasta 30,1,5138.0,Antioquia,BELLO,3.119284,A4. Mayor que 3 y menor que 4 horas,95.377374,Antioquia,MEDELLÍN,3.680161,A4. Mayor que 3 y menor que 4 horas,104.661436,Pequeña propiedad,6998.40761250694,Pequeña propiedad,2352.0,4,10393.141024,SI,-,
346,Polygon,5,142,CARACOLI,ANTIOQUIA,5142,5142,Andina,502,MAGDALENA MEDIO,Rural,-,4781,-,1. EOT,SEIS,G1_ALTO,No PDET,NO ZOMAC,Bajo,0.554801,-,-,Irradiado_Mayor que 40 - hasta 50,Mayor que 40 - hasta 50,1,5142.0,Antioquia,PUERTO BERRÍO,1.253597,A2. Mayor que 1 y menor que 2 horas,53.615642,Antioquia,MEDELLÍN,3.070699,A4. Mayor que 3 y menor que 4 horas,124.646717,Mediana propiedad,16342.67665428779,Pequeña propiedad,485.0,4,17950.558593,SI,-,
345,Polygon,5,145,CARAMANTA,ANTIOQUIA,5145,5145,Andina,507,SUROESTE,Intermedio,-,4907,-,1. EOT,SEIS,G4_MEDIO_BAJO,No PDET,NO ZOMAC,Bajo,0.539787,2024,4.1.2,Mayor que 70 - hasta 80,Mayor que 70 - hasta 80,0,5145.0,Caldas,CHINCHINÁ,2.377258,A3. Mayor que 2 y menor que 3 horas,88.796255,Caldas,MANIZALES,2.545949,A3. Mayor que 2 y menor que 3 horas,94.86316,Pequeña propiedad,205.6458834546216,Pequeña propiedad,260.0,2,176.712805,SI,-,
344,Polygon,5,147,CAREPA,ANTIOQUIA,5147,5147,Andina,508,URABA,Intermedio,-,51777,-,2. PBOT,SEIS,G3_MEDIO,PDET Urabá Antioqueño, ZOMAC,Medio,0.38557,-,-,Irradiado_Mayor que 60 - hasta 70,Mayor que 60 - hasta 70,1,5147.0,Antioquia,CAREPA,0.0,A1. Menos 1 hora,0.0,Córdoba,MONTERÍA,4.674416,A5. Mayor que 4 y menor que 5 horas,242.106219,Mediana propiedad,26898.57646147588,Pequeña propiedad,1699.0,3,13713.227714,SI,-,
343,Polygon,5,148,CARMEN DE VIBORAL,ANTIOQUIA,5148,5148,Andina,506,ORIENTE,Intermedio,-,63761,-,2. PBOT,CUATRO,G3_MEDIO,No PDET,NO ZOMAC,Medio Bajo,0.241529,-,-,Irradiado_Mayor que 50 - hasta 60,Mayor que 50 - hasta 60,1,5148.0,Antioquia,EL CARMEN DE VIBORAL,0.0,A1. Menos 1 hora,0.0,Antioquia,MEDELLÍN,1.373767,A2. Mayor que 1 y menor que 2 horas,52.898485,Pequeña propiedad,10924.4146274118,Pequeña propiedad,6800.0,2,7247.410876,SI,-,
342,Polygon,5,150,CAROLINA,ANTIOQUIA,5150,5150,Andina,504,NORTE,Rural,-,4174,-,1. EOT,SEIS,G4_MEDIO_BAJO,No PDET,NO ZOMAC,Medio Bajo,0.447482,-,-,Irradiado_Mayor que 60 - hasta 70,Mayor que 60 - hasta 70,1,5150.0,Antioquia,BARBOSA,1.164349,A2. Mayor que 1 y menor que 2 horas,51.45412,Antioquia,MEDELLÍN,2.250145,A3. Mayor que 2 y menor que 3 horas,90.001638,Mediana propiedad,6989.981480998457,Pequeña propiedad,459.0,3,9278.216637,SI,-,
341,Polygon,5,154,CAUCASIA,ANTIOQUIA,5154,5154,Andina,501,BAJO CAUCA,Ciudades y aglomeraciones,-,97025,-,2. PBOT,CINCO,G2_MEDIO_ALTO,PDET Bajo Cauca-Nordeste Antioqueño, ZOMAC,Medio Alto,0.502394,-,-,Irradiado_Mayor que 60 - hasta 70,Mayor que 60 - hasta 70,1,5154.0,Antioquia,CAUCASIA,0.0,A1. Menos 1 hora,0.0,Córdoba,MONTERÍA,2.412726,A3. Mayor que 2 y menor que 3 horas,126.236876,Mediana propiedad,79679.9968061304,Mediana propiedad,1123.0,3,113822.554453,SI,-,
340,Polygon,5,172,CHIGORODO,ANTIOQUIA,5172,5172,Andina,508,URABA,Intermedio,-,61741,-,2. PBOT,SEIS,G2_MEDIO_ALTO,PDET Urabá Antioqueño, ZOMAC,Medio,0.655842,-,-,Irradiado_Mayor que 40 - hasta 50,Mayor que 40 - hasta 50,1,5172.0,Antioquia,CHIGORODÓ,0.0,A1. Menos 1 hora,0.0,Córdoba,MONTERÍA,4.872692,A5. Mayor que 4 y menor que 5 horas,252.517489,Mediana propiedad,35424.3675000736,Pequeña propiedad,1255.0,1,29802.865588,SI,-,
339,Polygon,5,190,CISNEROS,ANTIOQUIA,5190,5190,Andina,503,NORDESTE,Intermedio,-,10326,-,1. EOT,SEIS,G3_MEDIO,No PDET,NO ZOMAC,Medio Bajo,0.587224,-,-,Irradiado_Mayor que 40 - hasta 50,Mayor que 40 - hasta 50,1,5190.0,Antioquia,BARBOSA,0.719155,A1. Menos 1 hora,35.867619,Antioquia,MEDELLÍN,1.804951,A2. Mayor que 1 y menor que 2 horas,74.415137,Mediana propiedad,2162.8803489396596,Pequeña propiedad,545.0,4,2317.85893,SI,-,
338,Polygon,5,197,COCORNA,ANTIOQUIA,5197,5197,Andina,506,ORIENTE,Rural,-,16390,-,1. EOT,SEIS,G5_BAJO,No PDET, ZOMAC,Medio,0.681104,-,-,Irradiado_Mayor que 50 - hasta 60,Mayor que 50 - hasta 60,1,5197.0,Antioquia,EL SANTUARIO,0.578482,A1. Menos 1 hora,21.596551,Antioquia,MEDELLÍN,2.024986,A3. Mayor que 2 y menor que 3 horas,80.964885,Pequeña propiedad,14694.069077355722,Pequeña propiedad,5632.0,4,12887.0492,SI,-,
337,Polygon,5,206,CONCEPCION,ANTIOQUIA,5206,5206,Andina,506,ORIENTE,Rural,-,5020,-,1. EOT,SEIS,G3_MEDIO,No PDET, ZOMAC,Medio Bajo,0.556433,2017,3.2.1,Mayor que 20 - hasta 30,Mayor que 20 - hasta 30,0,5206.0,Antioquia,BARBOSA,0.74562,A1. Menos 1 hora,13.402439,Antioquia,MEDELLÍN,1.808169,A2. Mayor que 1 y menor que 2 horas,51.418586,Mediana propiedad,5749.896571204415,Pequeña propiedad,1416.0,3,10273.026895,SI,Agropecuario,
336,Polygon,5,209,CONCORDIA,ANTIOQUIA,5209,5209,Andina,507,SUROESTE,Intermedio,-,22540,-,1. EOT,SEIS,G2_MEDIO_ALTO,No PDET,NO ZOMAC,Medio Bajo,0.490702,2024,4.1.2,Mayor que 70 - hasta 80,Mayor que 70 - hasta 80,0,5209.0,Antioquia,CALDAS,1.673388,A2. Mayor que 1 y menor que 2 horas,59.147013,Antioquia,MEDELLÍN,2.149068,A3. Mayor que 2 y menor que 3 horas,82.353615,Pequeña propiedad,1247.904279392967,Pequeña propiedad,385.0,4,1608.565651,SI,-,
335,Polygon,5,212,COPACABANA,ANTIOQUIA,5212,5212,Andina,509,VALLE DEL ABURRA,Ciudades y aglomeraciones,-,83559,-,2. PBOT,TRES,G3_MEDIO,No PDET,NO ZOMAC,Bajo,0.220875,-,-,Irradiado_Mayor que 300 - hasta 400,Mayor que 300 - hasta 400,1,5212.0,Antioquia,COPACABANA,0.0,A1. Menos 1 hora,0.0,Antioquia,MEDELLÍN,0.657443,A1. Menos 1 hora,14.429646,Pequeña propiedad,2599.342170982123,Pequeña propiedad,1801.0,4,3260.881597,SI,-,
397,Polygon,5,234,DABEIBA,ANTIOQUIA,5234,5234,Andina,505,OCCIDENTE,Rural,-,24377,-,1. EOT,SEIS,G1_ALTO,PDET Urabá Antioqueño, ZOMAC,Medio Alto,0.631973,-,-,Irradiado_Mayor que 50 - hasta 60,Mayor que 50 - hasta 60,1,5234.0,Antioquia,CHIGORODÓ,3.270522,A4. Mayor que 3 y menor que 4 horas,111.165599,Antioquia,MEDELLÍN,5.004362,A6. Mayor que 5 y menor que 6 horas,148.190072,Mediana propiedad,28468.493523177374,Pequeña propiedad,1195.0,3,30810.790165,SI,-,
334,Polygon,5,237,DON MATIAS,ANTIOQUIA,5237,5237,Andina,504,NORTE,Intermedio,-,20198,-,1. EOT,SEIS,G4_MEDIO_BAJO,No PDET,NO ZOMAC,Medio Bajo,0.416811,2017,3.2.2,Irradiado_Mayor que 120 - hasta 140,Mayor que 120 - hasta 140,1,5237.0,Antioquia,BARBOSA,0.587819,A1. Menos 1 hora,21.393607,Antioquia,MEDELLÍN,1.39111,A2. Mayor que 1 y menor que 2 horas,45.562951,Pequeña propiedad,6792.910460780678,Pequeña propiedad,1724.0,3,7754.750023,SI,Agropecuario,
333,Polygon,5,240,EBEJICO,ANTIOQUIA,5240,5240,Andina,505,OCCIDENTE,Rural,-,12713,-,1. EOT,SEIS,G2_MEDIO_ALTO,No PDET,NO ZOMAC,Medio Bajo,0.640288,-,-,Irradiado_Mayor que 200 - hasta 250,Mayor que 200 - hasta 250,1,5240.0,Antioquia,BELLO,2.003043,A3. Mayor que 2 y menor que 3 horas,50.167114,Antioquia,MEDELLÍN,2.092413,A3. Mayor que 2 y menor que 3 horas,40.527417,"Gran propiedad, latifundios",8652.645067591522,Pequeña propiedad,3572.0,3,8818.513763,SI,-,
332,Polygon,5,250,EL BAGRE,ANTIOQUIA,5250,5250,Andina,501,BAJO CAUCA,Intermedio,-,55845,-,2. PBOT,CINCO,G2_MEDIO_ALTO,PDET Bajo Cauca-Nordeste Antioqueño, ZOMAC,Medio Alto,0.891281,-,-,Irradiado_Mayor que 15 - hasta 20,Mayor que 15 - hasta 20,1,5250.0,Antioquia,EL BAGRE,0.0,A1. Menos 1 hora,0.0,Córdoba,MONTERÍA,4.352387,A5. Mayor que 4 y menor que 5 horas,205.228968,"Gran propiedad, latifundios",89731.71225984636,Mediana propiedad,901.0,4,71538.317512,SI,-,
331,Polygon,5,264,ENTRERRIOS,ANTIOQUIA,5264,5264,Andina,504,NORTE,Rural,-,11982,-,1. EOT,SEIS,G3_MEDIO,No PDET,NO ZOMAC,Bajo,0.313992,2017,3.3.2,Irradiado_Mayor que 80 - hasta 100,Mayor que 80 - hasta 100,1,5264.0,Antioquia,BARBOSA,1.069663,A2. Mayor que 1 y menor que 2 horas,44.528636,Antioquia,MEDELLÍN,1.651265,A2. Mayor que 1 y menor que 2 horas,48.224473,Pequeña propiedad,7096.809102483894,Pequeña propiedad,1711.0,3,7737.44901,SI,Agropecuario,
330,Polygon,5,266,ENVIGADO,ANTIOQUIA,5266,5266,Andina,509,VALLE DEL ABURRA,Ciudades y aglomeraciones,-,246327,-,3. POT,UNO,G4_MEDIO_BAJO,No PDET,NO ZOMAC,Bajo,0.248629,-,-,Irradiado_Mayor que 300 - hasta 400,Mayor que 300 - hasta 400,1,5266.0,Antioquia,ENVIGADO,0.0,A1. Menos 1 hora,0.0,Antioquia,MEDELLÍN,0.521635,A1. Menos 1 hora,11.518377,Pequeña propiedad,2298.3810185208213,Pequeña propiedad,1233.0,4,2744.841107,SI,-,
329,Polygon,5,282,FREDONIA,ANTIOQUIA,5282,5282,Andina,507,SUROESTE,Intermedio,-,25764,-,1. EOT,SEIS,G3_MEDIO,No PDET,NO ZOMAC,Medio Bajo,0.294031,2024,4.2.2,Mayor que 100 - hasta 120,Mayor que 100 - hasta 120,0,5282.0,Antioquia,CALDAS,0.828138,A1. Menos 1 hora,23.258074,Antioquia,MEDELLÍN,1.303818,A2. Mayor que 1 y menor que 2 horas,46.464675,Pequeña propiedad,1792.37658476296,Pequeña propiedad,1417.0,2,1251.278679,SI,-,
398,Polygon,5,284,FRONTINO,ANTIOQUIA,5284,5284,Andina,505,OCCIDENTE,Rural,-,21737,-,1. EOT,SEIS,G1_ALTO,No PDET, ZOMAC,Medio,0.535964,-,-,Irradiado_Mayor que 15 - hasta 20,Mayor que 15 - hasta 20,1,5284.0,Antioquia,BELLO,3.67851,A4. Mayor que 3 y menor que 4 horas,111.335447,Antioquia,MEDELLÍN,4.239387,A5. Mayor que 4 y menor que 5 horas,120.619509,Mediana propiedad,6673.619328356494,Pequeña propiedad,844.0,4,6542.965057,SI,-,
328,Polygon,5,306,GIRALDO,ANTIOQUIA,5306,5306,Andina,505,OCCIDENTE,Rural,-,5899,-,1. EOT,SEIS,G1_ALTO,No PDET,NO ZOMAC,Medio,0.911882,-,-,Irradiado_Mayor que 30 - hasta 40,Mayor que 30 - hasta 40,1,5306.0,Antioquia,BELLO,2.620929,A3. Mayor que 2 y menor que 3 horas,80.184986,Antioquia,MEDELLÍN,3.181806,A4. Mayor que 3 y menor que 4 horas,89.469048,Mediana propiedad,4503.5312714864485,Pequeña propiedad,1105.0,4,6515.551009,SI,-,
396,Polygon,5,308,GIRARDOTA,ANTIOQUIA,5308,5308,Andina,509,VALLE DEL ABURRA,Ciudades y aglomeraciones,-,55483,-,2. PBOT,TRES,G1_ALTO,No PDET,NO ZOMAC,Bajo,0.338396,-,-,Irradiado_Mayor que 250 - hasta 300,Mayor que 250 - hasta 300,1,5308.0,Antioquia,GIRARDOTA,0.0,A1. Menos 1 hora,0.0,Antioquia,MEDELLÍN,0.882674,A1. Menos 1 hora,23.703658,Pequeña propiedad,2756.386436121141,Pequeña propiedad,1140.0,4,1989.213455,SI,-,
395,Polygon,5,310,GOMEZ PLATA,ANTIOQUIA,5310,5310,Andina,504,NORTE,Rural,-,10300,-,1. EOT,SEIS,G3_MEDIO,No PDET,NO ZOMAC,Bajo,0.489086,-,-,Irradiado_Mayor que 30 - hasta 40,Mayor que 30 - hasta 40,1,5310.0,Antioquia,BARBOSA,0.848911,A1. Menos 1 hora,40.548737,Antioquia,MEDELLÍN,1.934707,A2. Mayor que 1 y menor que 2 horas,79.096255,Mediana propiedad,18241.565556816844,Pequeña propiedad,2007.0,2,11050.436605,SI,-,
394,Polygon,5,313,GRANADA,ANTIOQUIA,5313,5313,Andina,506,ORIENTE,Intermedio,-,10700,-,1. EOT,SEIS,G5_BAJO,No PDET, ZOMAC,Medio Alto,0.817175,-,-,Irradiado_Mayor que 40 - hasta 50,Mayor que 40 - hasta 50,1,5313.0,Antioquia,EL SANTUARIO,0.423921,A1. Menos 1 hora,14.295332,Antioquia,MEDELLÍN,1.870426,A2. Mayor que 1 y menor que 2 horas,73.663665,Pequeña propiedad,13025.641417856687,Pequeña propiedad,4581.0,4,7601.054459,SI,-,
393,Polygon,5,315,GUADALUPE,ANTIOQUIA,5315,5315,Andina,504,NORTE,Intermedio,-,6926,-,1. EOT,SEIS,G1_ALTO,No PDET, ZOMAC,Medio,0.649095,-,-,Irradiado_Mayor que 20 - hasta 30,Mayor que 20 - hasta 30,1,5315.0,Antioquia,BARBOSA,1.323907,A2. Mayor que 1 y menor que 2 horas,60.252395,Antioquia,MEDELLÍN,2.409703,A3. Mayor que 2 y menor que 3 horas,98.799913,Mediana propiedad,6438.056848799538,Pequeña propiedad,1114.0,3,6769.725736,SI,-,
392,Polygon,5,318,GUARNE,ANTIOQUIA,5318,5318,Andina,506,ORIENTE,Intermedio,-,59226,-,2. PBOT,TRES,G3_MEDIO,No PDET,NO ZOMAC,Medio Bajo,0.654845,-,-,Irradiado_Mayor que 300 - hasta 400,Mayor que 300 - hasta 400,1,5318.0,Antioquia,MARINILLA,0.411836,A1. Menos 1 hora,19.348023,Antioquia,MEDELLÍN,1.025798,A2. Mayor que 1 y menor que 2 horas,25.335029,Pequeña propiedad,6706.267353076671,Pequeña propiedad,5024.0,2,3953.67723,SI,-,
391,Polygon,5,321,GUATAPE,ANTIOQUIA,5321,5321,Andina,506,ORIENTE,Intermedio,-,8945,-,1. EOT,SEIS,G1_ALTO,No PDET,NO ZOMAC,Medio Bajo,0.390992,-,-,Irradiado_Mayor que 300 - hasta 400,Mayor que 300 - hasta 400,1,5321.0,Antioquia,EL SANTUARIO,0.857288,A1. Menos 1 hora,22.772287,Antioquia,MEDELLÍN,2.19587,A3. Mayor que 2 y menor que 3 horas,77.112193,Pequeña propiedad,4114.591151024566,Pequeña propiedad,1743.0,3,2159.293434,SI,-,
390,Polygon,5,347,HELICONIA,ANTIOQUIA,5347,5347,Andina,505,OCCIDENTE,Rural,-,5682,-,1. EOT,SEIS,G3_MEDIO,No PDET,NO ZOMAC,Medio Bajo,0.764568,-,-,Irradiado_Mayor que 50 - hasta 60,Mayor que 50 - hasta 60,1,5347.0,Antioquia,LA ESTRELLA,1.184872,A2. Mayor que 1 y menor que 2 horas,24.145079,Antioquia,MEDELLÍN,1.460224,A2. Mayor que 1 y menor que 2 horas,36.874726,Mediana propiedad,5543.86454798659,Pequeña propiedad,1453.0,4,6172.832631,SI,-,
389,Polygon,5,353,HISPANIA,ANTIOQUIA,5353,5353,Andina,507,SUROESTE,Intermedio,-,5790,-,1. EOT,SEIS,G5_BAJO,No PDET,NO ZOMAC,Bajo,0.139225,2024,4.1.1,Mayor que 60 - hasta 70,Mayor que 60 - hasta 70,0,5353.0,Antioquia,CALDAS,1.813448,A2. Mayor que 1 y menor que 2 horas,67.738182,Antioquia,MEDELLÍN,2.289128,A3. Mayor que 2 y menor que 3 horas,90.944783,Mediana propiedad,373.8383359085528,Pequeña propiedad,31.0,1,497.82642,SI,-,
388,Polygon,5,360,ITAGUI,ANTIOQUIA,5360,5360,Andina,509,VALLE DEL ABURRA,Ciudades y aglomeraciones,-,296953,-,3. POT,UNO,G5_BAJO,No PDET,NO ZOMAC,Bajo,0.586345,-,-,Irradiado_Mayor que 300 - hasta 400,Mayor que 300 - hasta 400,1,5360.0,Antioquia,ITAGÜÍ,0.0,A1. Menos 1 hora,0.0,Antioquia,MEDELLÍN,0.416799,A1. Menos 1 hora,13.629646,Pequeña propiedad,266.44573155133986,Pequeña propiedad,136.0,3,383.170461,SI,-,
399,Polygon,5,361,ITUANGO,ANTIOQUIA,5361,5361,Andina,504,NORTE,Rural disperso,-,28634,-,1. EOT,SEIS,G4_MEDIO_BAJO,PDET Bajo Cauca-Nordeste Antioqueño, ZOMAC,Alto,0.524663,-,-,Irradiado_Mayor que 20 - hasta 30,Mayor que 20 - hasta 30,1,5361.0,Antioquia,YARUMAL,3.496565,A4. Mayor que 3 y menor que 4 horas,101.520014,Antioquia,MEDELLÍN,4.943877,A5. Mayor que 4 y menor que 5 horas,155.198903,"Gran propiedad, latifundios",90895.31309787974,Pequeña propiedad,2764.0,4,91990.81733,SI,-,
387,Polygon,5,364,JARDIN,ANTIOQUIA,5364,5364,Andina,507,SUROESTE,Intermedio,-,15400,-,1. EOT,SEIS,G1_ALTO,No PDET,NO ZOMAC,Medio Bajo,0.213499,2024,4.2.2,Mayor que 100 - hasta 120,Mayor que 100 - hasta 120,0,5364.0,Antioquia,CALDAS,2.767316,A3. Mayor que 2 y menor que 3 horas,101.38448,Antioquia,MEDELLÍN,3.242996,A4. Mayor que 3 y menor que 4 horas,124.591082,Pequeña propiedad,464.4033007174164,Pequeña propiedad,234.0,4,265.33263,SI,-,
386,Polygon,5,368,JERICO,ANTIOQUIA,5368,5368,Andina,507,SUROESTE,Intermedio,-,14344,-,1. EOT,SEIS,G2_MEDIO_ALTO,No PDET,NO ZOMAC,Bajo,0.282032,2024,4.2.1,Mayor que 80 - hasta 100,Mayor que 80 - hasta 100,0,5368.0,Antioquia,CALDAS,2.153212,A3. Mayor que 2 y menor que 3 horas,75.212193,Antioquia,MEDELLÍN,2.628891,A3. Mayor que 2 y menor que 3 horas,98.418795,Mediana propiedad,974.9880384710772,Pequeña propiedad,131.0,2,1090.243945,SI,-,
385,Polygon,5,376,LA CEJA,ANTIOQUIA,5376,5376,Andina,506,ORIENTE,Intermedio,-,69831,-,2. PBOT,TRES,G3_MEDIO,No PDET,NO ZOMAC,Medio Bajo,0.299263,-,-,Irradiado_Mayor que 250 - hasta 300,Mayor que 250 - hasta 300,1,5376.0,Antioquia,LA CEJA,0.0,A1. Menos 1 hora,0.0,Antioquia,MEDELLÍN,1.078415,A2. Mayor que 1 y menor que 2 horas,38.271782,Pequeña propiedad,7558.61707159169,Pequeña propiedad,3171.0,4,5993.482456,SI,-,
1117,Polygon,5,380,LA ESTRELLA,ANTIOQUIA,5380,5380,Andina,509,VALLE DEL ABURRA,Ciudades y aglomeraciones,-,76971,-,2. PBOT,DOS, ,No PDET,NO ZOMAC,Bajo,0.313481,-,-,Irradiado_Mayor que 200 - hasta 250,Mayor que 200 - hasta 250,1,5380.0,Antioquia,LA ESTRELLA,0.0,A1. Menos 1 hora,0.0,Antioquia,MEDELLÍN,0.476925,A1. Menos 1 hora,19.675231,Mediana propiedad,1355.7788724233847,Pequeña propiedad,547.0,4,2163.49479,SI,-,
384,Polygon,5,390,LA PINTADA,ANTIOQUIA,5390,5390,Andina,507,SUROESTE,Intermedio,-,8571,-,1. EOT,SEIS,G2_MEDIO_ALTO,No PDET,NO ZOMAC,Medio Bajo,0.647436,2024,4.2.1,Mayor que 80 - hasta 100,Mayor que 80 - hasta 100,0,5390.0,Antioquia,CALDAS,1.344608,A2. Mayor que 1 y menor que 2 horas,50.093102,Antioquia,MEDELLÍN,1.820288,A2. Mayor que 1 y menor que 2 horas,73.299704,Mediana propiedad,2659.242209788734,Pequeña propiedad,237.0,3,2710.194113,SI,-,
383,Polygon,5,400,LA UNION,ANTIOQUIA,5400,5400,Andina,506,ORIENTE,Intermedio,-,22870,-,1. EOT,SEIS,G1_ALTO,No PDET,NO ZOMAC,Medio Bajo,0.360363,-,-,Irradiado_Mayor que 120 - hasta 140,Mayor que 120 - hasta 140,1,5400.0,Antioquia,LA CEJA,0.289561,A1. Menos 1 hora,11.905382,Antioquia,MEDELLÍN,1.352031,A2. Mayor que 1 y menor que 2 horas,50.118586,Pequeña propiedad,10857.846029339631,Pequeña propiedad,3165.0,4,7029.433618,SI,-,
382,Polygon,5,411,LIBORINA,ANTIOQUIA,5411,5411,Andina,505,OCCIDENTE,Rural disperso,-,10556,-,1. EOT,SEIS,G5_BAJO,No PDET,NO ZOMAC,Bajo,0.679562,-,-,Irradiado_Mayor que 100 - hasta 120,Mayor que 100 - hasta 120,1,5411.0,Antioquia,BELLO,2.115521,A3. Mayor que 2 y menor que 3 horas,71.193817,Antioquia,MEDELLÍN,2.676398,A3. Mayor que 2 y menor que 3 horas,80.477879,Mediana propiedad,11175.65948825048,Pequeña propiedad,2560.0,4,11809.197129,SI,-,
381,Polygon,5,425,MACEO,ANTIOQUIA,5425,5425,Andina,502,MAGDALENA MEDIO,Rural,-,8646,-,1. EOT,SEIS,G4_MEDIO_BAJO,No PDET,NO ZOMAC,Medio,0.520389,-,-,Irradiado_Mayor que 30 - hasta 40,Mayor que 30 - hasta 40,1,5425.0,Antioquia,PUERTO BERRÍO,1.335697,A2. Mayor que 1 y menor que 2 horas,63.392597,Antioquia,MEDELLÍN,2.92054,A3. Mayor que 2 y menor que 3 horas,117.669762,Mediana propiedad,23076.829110829338,Pequeña propiedad,1379.0,4,23884.72041,SI,-,
380,Polygon,5,440,MARINILLA,ANTIOQUIA,5440,5440,Andina,506,ORIENTE,Intermedio,-,69343,-,2. PBOT,CUATRO,G2_MEDIO_ALTO,No PDET,NO ZOMAC,Medio Bajo,0.424126,-,-,Irradiado_Mayor que 250 - hasta 300,Mayor que 250 - hasta 300,1,5440.0,Antioquia,MARINILLA,0.0,A1. Menos 1 hora,0.0,Antioquia,MEDELLÍN,1.288767,A2. Mayor que 1 y menor que 2 horas,49.218586,Pequeña propiedad,9666.63940330041,Pequeña propiedad,6639.0,2,5873.62157,SI,-,
379,Polygon,5,467,MONTEBELLO,ANTIOQUIA,5467,5467,Andina,507,SUROESTE,Intermedio,-,6973,-,1. EOT,SEIS,G2_MEDIO_ALTO,No PDET, ZOMAC,Medio Bajo,0.282656,2024,3.3.1,Mayor que 40 - hasta 50,Mayor que 40 - hasta 50,0,5467.0,Antioquia,LA CEJA,0.743458,A1. Menos 1 hora,23.179394,Antioquia,MEDELLÍN,1.262116,A2. Mayor que 1 y menor que 2 horas,49.858788,Pequeña propiedad,937.9948260755176,Pequeña propiedad,566.0,3,914.562949,SI,-,
401,Polygon,5,475,MURINDO,ANTIOQUIA,5475,5475,Andina,508,URABA,Rural disperso,-,5263,-,1. EOT,SEIS,G3_MEDIO,PDET Chocó, ZOMAC,Medio,0.1875,-,-,Irradiado_Mayor que 15 - hasta 20,Mayor que 15 - hasta 20,1,5475.0,Antioquia,CHIGORODÓ,5.858009, ,150.456263,Córdoba,MONTERÍA,10.672777,A8. Mayor que 8 horas,402.573752,,,,,2,390.062564,SI,-,
378,Polygon,5,480,MUTATA,ANTIOQUIA,5480,5480,Andina,508,URABA,Rural disperso,-,14904,-,1. EOT,SEIS,G1_ALTO,PDET Urabá Antioqueño, ZOMAC,Medio Alto,0.664213,-,-,Irradiado_Mayor que 40 - hasta 50,Mayor que 40 - hasta 50,1,5480.0,Antioquia,CHIGORODÓ,1.10378,A2. Mayor que 1 y menor que 2 horas,61.009755,Córdoba,MONTERÍA,5.918549,A6. Mayor que 5 y menor que 6 horas,313.127244,Mediana propiedad,33408.306943055184,Pequeña propiedad,698.0,2,20262.348677,SI,-,
377,Polygon,5,483,NARIÑO,ANTIOQUIA,5483,5483,Andina,506,ORIENTE,Rural,-,10723,-,1. EOT,SEIS,G1_ALTO,No PDET, ZOMAC,Medio,0.406756,-,-,Irradiado_Mayor que 30 - hasta 40,Mayor que 30 - hasta 40,1,5483.0,Antioquia,LA CEJA,1.921017,A2. Mayor que 1 y menor que 2 horas,78.350671,Antioquia,MEDELLÍN,2.9834870000000002,A3. Mayor que 2 y menor que 3 horas,116.563874,Pequeña propiedad,10489.310058391075,Pequeña propiedad,2412.0,4,15869.726417,SI,-,
376,Polygon,5,490,NECOCLI,ANTIOQUIA,5490,5490,Andina,508,URABA,Rural disperso,-,45151,-,2. PBOT,SEIS,G2_MEDIO_ALTO,PDET Urabá Antioqueño, ZOMAC,Medio,0.747268,-,-,Irradiado_Mayor que 20 - hasta 30,Mayor que 20 - hasta 30,1,5490.0,Antioquia,"TURBO, DISTRITO PORTUARIO, LOGÍSTICO, INDUSTRIAL, TURÍSTICO Y COMERCIAL",0.880439,A1. Menos 1 hora,48.181833,Córdoba,MONTERÍA,3.029409,A4. Mayor que 3 y menor que 4 horas,153.8722,Mediana propiedad,69841.38983977977,Pequeña propiedad,4406.0,2,65560.978629,SI,-,
375,Polygon,5,495,NECHI,ANTIOQUIA,5495,5495,Andina,501,BAJO CAUCA,Rural,-,27705,-,1. EOT,SEIS,G5_BAJO,PDET Bajo Cauca-Nordeste Antioqueño, ZOMAC,Medio Alto,0.748261,-,-,Irradiado_Mayor que 20 - hasta 30,Mayor que 20 - hasta 30,1,5495.0,Antioquia,CAUCASIA,2.250426,A3. Mayor que 2 y menor que 3 horas,76.216861,Córdoba,MONTERÍA,4.23411,A5. Mayor que 4 y menor que 5 horas,187.109877,"Gran propiedad, latifundios",45724.506978698075,Mediana propiedad,454.0,3,49571.911449,SI,-,
374,Polygon,5,501,OLAYA,ANTIOQUIA,5501,5501,Andina,505,OCCIDENTE,Rural disperso,-,3292,-,1. EOT,SEIS,G5_BAJO,No PDET,NO ZOMAC,Medio,0.553953,-,-,Irradiado_Mayor que 180 - hasta 200,Mayor que 180 - hasta 200,1,5501.0,Antioquia,BELLO,1.956786,A2. Mayor que 1 y menor que 2 horas,64.582547,Antioquia,MEDELLÍN,2.517663,A3. Mayor que 2 y menor que 3 horas,73.866609,Mediana propiedad,4169.349286842253,Pequeña propiedad,1276.0,3,5893.690678,SI,-,
373,Polygon,5,541,PEÑOL,ANTIOQUIA,5541,5541,Andina,506,ORIENTE,Intermedio,-,22410,-,1. EOT,SEIS,G1_ALTO,No PDET,NO ZOMAC,Medio Bajo,0.317613,-,-,Irradiado_Mayor que 300 - hasta 400,Mayor que 300 - hasta 400,1,5541.0,Antioquia,MARINILLA,0.498964,A1. Menos 1 hora,15.195332,Antioquia,MEDELLÍN,1.769374,A2. Mayor que 1 y menor que 2 horas,64.413918,Pequeña propiedad,8548.871070561272,Pequeña propiedad,6550.0,3,6554.024759,SI,-,
372,Polygon,5,543,PEQUE,ANTIOQUIA,5543,5543,Andina,505,OCCIDENTE,Rural disperso,-,8585,-,1. EOT,SEIS,G5_BAJO,No PDET,NO ZOMAC,Medio,0.757956,-,-,Irradiado_Mayor que 20 - hasta 30,Mayor que 20 - hasta 30,1,5543.0,Antioquia,BELLO,5.237546, ,132.627835,Antioquia,MEDELLÍN,5.798423,A6. Mayor que 5 y menor que 6 horas,141.911897,Mediana propiedad,21228.527362491186,Pequeña propiedad,2290.0,4,37956.81921,SI,-,
371,Polygon,5,576,PUEBLORRICO,ANTIOQUIA,5576,5576,Andina,507,SUROESTE,Intermedio,-,9124,-,1. EOT,SEIS,G1_ALTO,No PDET,NO ZOMAC,Bajo,0.349823,2024,3.3.1,Mayor que 40 - hasta 50,Mayor que 40 - hasta 50,0,5576.0,Antioquia,CALDAS,2.098329,A3. Mayor que 2 y menor que 3 horas,71.428131,Antioquia,MEDELLÍN,2.574009,A3. Mayor que 2 y menor que 3 horas,94.634733,Pequeña propiedad,2588.417096742542,Pequeña propiedad,1113.0,4,3274.053336,SI,-,
370,Polygon,5,579,PUERTO BERRIO,ANTIOQUIA,5579,5579,Andina,502,MAGDALENA MEDIO,Intermedio,-,41857,-,2. PBOT,SEIS,G1_ALTO,No PDET, ZOMAC,Medio,0.607011,2024,3.3.1,Mayor que 40 - hasta 50,Mayor que 40 - hasta 50,0,5579.0,Antioquia,PUERTO BERRÍO,0.0,A1. Menos 1 hora,0.0,Antioquia,MEDELLÍN,3.919821,A4. Mayor que 3 y menor que 4 horas,167.63982,"Gran propiedad, latifundios",76539.88429178539,Pequeña propiedad,571.0,3,46062.20393,SI,-,
369,Polygon,5,585,PUERTO NARE,ANTIOQUIA,5585,5585,Andina,502,MAGDALENA MEDIO,Rural,-,15124,-,1. EOT,SEIS,G1_ALTO,No PDET,NO ZOMAC,Bajo,0.623687,2024,3.3.2,Mayor que 50 - hasta 60,Mayor que 50 - hasta 60,0,5585.0,Boyacá,PUERTO BOYACÁ,1.33238,A2. Mayor que 1 y menor que 2 horas,56.411479,Antioquia,MEDELLÍN,4.581713,A5. Mayor que 4 y menor que 5 horas,178.845202,"Gran propiedad, latifundios",28166.35769542247,Mediana propiedad,369.0,2,21851.994382,SI,-,
368,Polygon,5,591,PUERTO TRIUNFO,ANTIOQUIA,5591,5591,Andina,502,MAGDALENA MEDIO,Intermedio,-,19387,-,1. EOT,SEIS,G2_MEDIO_ALTO,No PDET,NO ZOMAC,Medio Bajo,0.451777,-,-,Irradiado_Mayor que 80 - hasta 100,Mayor que 80 - hasta 100,1,5591.0,Boyacá,PUERTO BOYACÁ,0.914945,A1. Menos 1 hora,35.884776,Antioquia,MEDELLÍN,4.315737,A5. Mayor que 4 y menor que 5 horas,178.622157,"Gran propiedad, latifundios",18863.212792982133,Pequeña propiedad,608.0,2,21283.908604,SI,-,
367,Polygon,5,604,REMEDIOS,ANTIOQUIA,5604,5604,Andina,503,NORDESTE,Rural,-,30277,-,2. PBOT,CINCO,G4_MEDIO_BAJO,PDET Bajo Cauca-Nordeste Antioqueño, ZOMAC,Medio Alto,0.745885,-,-,Irradiado_Mayor que 15 - hasta 20,Mayor que 15 - hasta 20,1,5604.0,Antioquia,SEGOVIA,0.216002,A1. Menos 1 hora,8.518377,Antioquia,MEDELLÍN,4.294522,A5. Mayor que 4 y menor que 5 horas,173.785404,Mediana propiedad,122218.81392327358,Pequeña propiedad,1907.0,3,102994.731043,SI,-,
366,Polygon,5,607,RETIRO,ANTIOQUIA,5607,5607,Andina,506,ORIENTE,Intermedio,-,25227,-,1. EOT,TRES,G2_MEDIO_ALTO,No PDET,NO ZOMAC,Bajo,0.244526,-,-,Irradiado_Mayor que 200 - hasta 250,Mayor que 200 - hasta 250,1,5607.0,Antioquia,LA CEJA,0.279815,A1. Menos 1 hora,15.309545,Antioquia,MEDELLÍN,0.932277,A1. Menos 1 hora,30.297771,Mediana propiedad,8277.221081040083,Pequeña propiedad,2589.0,4,12141.003296,SI,-,
365,Polygon,5,615,RIONEGRO,ANTIOQUIA,5615,5615,Andina,506,ORIENTE,Ciudades y aglomeraciones,-,145704,-,3. POT,UNO,G1_ALTO,No PDET,NO ZOMAC,Bajo,0.218008,-,-,Irradiado_Mayor que 300 - hasta 400,Mayor que 300 - hasta 400,1,5615.0,Antioquia,RIONEGRO,0.0,A1. Menos 1 hora,0.0,Antioquia,MEDELLÍN,1.511475,A2. Mayor que 1 y menor que 2 horas,42.900209,Pequeña propiedad,11734.021101929848,Pequeña propiedad,8407.0,2,5624.115942,SI,-,
364,Polygon,5,628,SABANALARGA,ANTIOQUIA,5628,5628,Andina,505,OCCIDENTE,Rural,-,9592,-,1. EOT,SEIS,G5_BAJO,No PDET,NO ZOMAC,Medio,0.876607,-,-,Irradiado_Mayor que 30 - hasta 40,Mayor que 30 - hasta 40,1,5628.0,Antioquia,BELLO,3.168756,A4. Mayor que 3 y menor que 4 horas,95.36316,Antioquia,MEDELLÍN,3.729633,A4. Mayor que 3 y menor que 4 horas,104.647222,Mediana propiedad,12529.780247351153,Pequeña propiedad,3331.0,4,23228.343052,SI,-,
1116,Polygon,5,631,SABANETA,ANTIOQUIA,5631,5631,Andina,509,VALLE DEL ABURRA,Ciudades y aglomeraciones,-,88966,-,2. PBOT,UNO,G1_ALTO,No PDET,NO ZOMAC,Bajo,0.116755,-,-,Irradiado_Mayor que 400 - hasta 500,Mayor que 400 - hasta 500,1,5631.0,Antioquia,SABANETA,0.0,A1. Menos 1 hora,0.0,Antioquia,MEDELLÍN,0.466643,A1. Menos 1 hora,15.195332,Mediana propiedad,472.9638351155169,Pequeña propiedad,251.0,4,856.171156,SI,-,
363,Polygon,5,642,SALGAR,ANTIOQUIA,5642,5642,Andina,507,SUROESTE,Rural,-,19153,-,1. EOT,SEIS,G3_MEDIO,No PDET, ZOMAC,Medio,0.420727,2024,4.1.1,Mayor que 60 - hasta 70,Mayor que 60 - hasta 70,0,5642.0,Antioquia,CALDAS,2.308443,A3. Mayor que 2 y menor que 3 horas,67.793817,Antioquia,MEDELLÍN,2.784123,A3. Mayor que 2 y menor que 3 horas,91.000418,Pequeña propiedad,2949.017564465563,Pequeña propiedad,1040.0,4,3309.864029,SI,-,
362,Polygon,5,647,SAN ANDRES,ANTIOQUIA,5647,5647,Andina,504,NORTE,Rural,-,7598,-,1. EOT,SEIS,G1_ALTO,No PDET, ZOMAC,Medio Alto,0.65008,-,-,Irradiado_Mayor que 30 - hasta 40,Mayor que 30 - hasta 40,1,5647.0,Antioquia,YARUMAL,1.619006,A2. Mayor que 1 y menor que 2 horas,54.629856,Antioquia,MEDELLÍN,3.217684,A4. Mayor que 3 y menor que 4 horas,124.465094,Mediana propiedad,10070.969346796886,Pequeña propiedad,1923.0,3,10817.813351,SI,-,
361,Polygon,5,649,SAN CARLOS,ANTIOQUIA,5649,5649,Andina,506,ORIENTE,Rural,-,16838,-,1. EOT,SEIS,G2_MEDIO_ALTO,No PDET, ZOMAC,Medio Alto,0.660381,-,-,Irradiado_Mayor que 40 - hasta 50,Mayor que 40 - hasta 50,1,5649.0,Antioquia,EL SANTUARIO,1.587464,A2. Mayor que 1 y menor que 2 horas,45.704372,Antioquia,MEDELLÍN,3.033969,A4. Mayor que 3 y menor que 4 horas,105.072706,Mediana propiedad,39750.32332526998,Pequeña propiedad,3763.0,3,34447.835402,SI,-,
360,Polygon,5,652,SAN FRANCISCO,ANTIOQUIA,5652,5652,Andina,506,ORIENTE,Rural,-,5945,-,1. EOT,SEIS,G1_ALTO,No PDET, ZOMAC,Medio Alto,0.855556,-,-,Irradiado_Mayor que 50 - hasta 60,Mayor que 50 - hasta 60,1,5652.0,Antioquia,EL SANTUARIO,0.960186,A1. Menos 1 hora,39.037468,Antioquia,MEDELLÍN,2.406691,A3. Mayor que 2 y menor que 3 horas,98.405801,Mediana propiedad,15673.532195464973,Pequeña propiedad,1305.0,4,16330.175172,SI,-,
359,Polygon,5,656,SAN JERONIMO,ANTIOQUIA,5656,5656,Andina,505,OCCIDENTE,Intermedio,-,16368,-,1. EOT,SEIS,G2_MEDIO_ALTO,No PDET,NO ZOMAC,Medio Bajo,0.313936,-,-,Irradiado_Mayor que 60 - hasta 70,Mayor que 60 - hasta 70,1,5656.0,Antioquia,BELLO,1.16359,A2. Mayor que 1 y menor que 2 horas,32.170563,Antioquia,MEDELLÍN,1.724466,A2. Mayor que 1 y menor que 2 horas,41.454625,Pequeña propiedad,6977.587728631361,Pequeña propiedad,2643.0,3,6186.46312,SI,-,
358,Polygon,5,658,SAN JOSE DE LA MONTAÑA,ANTIOQUIA,5658,5658,Andina,504,NORTE,Rural,-,3867,-,1. EOT,SEIS,G1_ALTO,No PDET,NO ZOMAC,Medio Bajo,0.283208,-,-,Irradiado_Mayor que 30 - hasta 40,Mayor que 30 - hasta 40,1,5658.0,Antioquia,YARUMAL,1.339128,A2. Mayor que 1 y menor que 2 horas,50.808535,Antioquia,MEDELLÍN,2.806136,A3. Mayor que 2 y menor que 3 horas,95.731789,Mediana propiedad,8546.122946726762,Pequeña propiedad,198.0,3,5948.039593,SI,-,
357,Polygon,5,659,SAN JUAN DE URABA,ANTIOQUIA,5659,5659,Andina,508,URABA,Intermedio,-,21540,-,1. EOT,SEIS,C_CIUDADES,No PDET,NO ZOMAC,Medio Bajo,0.779543,-,-,Irradiado_Mayor que 20 - hasta 30,Mayor que 20 - hasta 30,1,5659.0,Córdoba,MONTERÍA,1.907391,A2. Mayor que 1 y menor que 2 horas,91.972496,Córdoba,MONTERÍA,1.884893,A2. Mayor que 1 y menor que 2 horas,91.131075,Mediana propiedad,14709.31734912578,Pequeña propiedad,1881.0,2,15573.393521,SI,-,
356,Polygon,5,660,SAN LUIS,ANTIOQUIA,5660,5660,Andina,506,ORIENTE,Rural,-,13690,-,1. EOT,SEIS,G3_MEDIO,No PDET, ZOMAC,Medio Alto,0.695179,-,-,Irradiado_Mayor que 50 - hasta 60,Mayor que 50 - hasta 60,1,5660.0,Antioquia,EL SANTUARIO,1.713783,A2. Mayor que 1 y menor que 2 horas,51.232799,Antioquia,MEDELLÍN,3.160288,A4. Mayor que 3 y menor que 4 horas,110.601133,Mediana propiedad,29639.010776471543,Pequeña propiedad,2942.0,4,34903.85705,SI,-,
355,Polygon,5,664,SAN PEDRO,ANTIOQUIA,5664,5664,Andina,504,NORTE,Intermedio,-,23409,-,1. EOT,SEIS,G3_MEDIO,No PDET,NO ZOMAC,Medio Bajo,0.627282,2017,4.1.2,Irradiado_Mayor que 180 - hasta 200,Mayor que 180 - hasta 200,1,5664.0,Antioquia,BELLO,0.654269,A1. Menos 1 hora,20.320815,Antioquia,MEDELLÍN,1.215145,A2. Mayor que 1 y menor que 2 horas,29.604877,Pequeña propiedad,3114.219353574292,Pequeña propiedad,1231.0,3,1956.962114,SI,Agropecuario,
354,Polygon,5,665,SAN PEDRO DE URABA,ANTIOQUIA,5665,5665,Andina,508,URABA,Intermedio,-,32895,-,2. PBOT,SEIS,G1_ALTO,PDET Urabá Antioqueño, ZOMAC,Medio Bajo,0.663537,-,-,Irradiado_Mayor que 15 - hasta 20,Mayor que 15 - hasta 20,1,5665.0,Antioquia,"TURBO, DISTRITO PORTUARIO, LOGÍSTICO, INDUSTRIAL, TURÍSTICO Y COMERCIAL",1.357467,A2. Mayor que 1 y menor que 2 horas,59.019805,Córdoba,MONTERÍA,3.071114,A4. Mayor que 3 y menor que 4 horas,126.42834,Mediana propiedad,40729.26355826164,Pequeña propiedad,2066.0,2,37498.869456,SI,-,
353,Polygon,5,667,SAN RAFAEL,ANTIOQUIA,5667,5667,Andina,506,ORIENTE,Rural,-,16489,-,1. EOT,SEIS,G1_ALTO,No PDET, ZOMAC,Medio,0.696226,-,-,Irradiado_Mayor que 30 - hasta 40,Mayor que 30 - hasta 40,1,5667.0,Antioquia,EL SANTUARIO,1.499885,A2. Mayor que 1 y menor que 2 horas,45.768838,Antioquia,MEDELLÍN,2.740517,A3. Mayor que 2 y menor que 3 horas,83.979098,Mediana propiedad,15385.517120450877,Pequeña propiedad,3302.0,4,15526.661757,SI,-,
352,Polygon,5,670,SAN ROQUE,ANTIOQUIA,5670,5670,Andina,503,NORDESTE,Rural,-,22775,-,1. EOT,SEIS,G3_MEDIO,No PDET,NO ZOMAC,Medio,0.501167,-,-,Irradiado_Mayor que 40 - hasta 50,Mayor que 40 - hasta 50,1,5670.0,Antioquia,BARBOSA,1.204502,A2. Mayor que 1 y menor que 2 horas,53.887215,Antioquia,MEDELLÍN,2.290298,A3. Mayor que 2 y menor que 3 horas,92.434733,Mediana propiedad,19963.364815300836,Pequeña propiedad,2186.0,3,20742.11016,SI,-,
351,Polygon,5,674,SAN VICENTE,ANTIOQUIA,5674,5674,Andina,506,ORIENTE,Intermedio,-,23349,-,1. EOT,SEIS,G2_MEDIO_ALTO,No PDET,NO ZOMAC,Bajo,0.483384,2017,4.1.1,Mayor que 60 - hasta 70,Mayor que 60 - hasta 70,0,5674.0,Antioquia,MARINILLA,0.608945,A1. Menos 1 hora,20.513708,Antioquia,MEDELLÍN,1.547517,A2. Mayor que 1 y menor que 2 horas,45.014423,Pequeña propiedad,3401.288682825948,Pequeña propiedad,2577.0,2,3652.50973,SI,Agropecuario,
327,Polygon,5,679,SANTA BARBARA,ANTIOQUIA,5679,5679,Andina,507,SUROESTE,Intermedio,-,27647,-,1. EOT,SEIS,G3_MEDIO,No PDET,NO ZOMAC,Medio Bajo,0.48316,2024,4.2.1,Mayor que 80 - hasta 100,Mayor que 80 - hasta 100,0,5679.0,Antioquia,CALDAS,0.77094,A1. Menos 1 hora,28.020815,Antioquia,MEDELLÍN,1.24662,A2. Mayor que 1 y menor que 2 horas,51.227417,Mediana propiedad,1421.583922630262,Pequeña propiedad,106.0,3,1419.718709,SI,-,
326,Polygon,5,686,SANTA.ROSA DE OSOS,ANTIOQUIA,5686,5686,Andina,504,NORTE,Rural,-,38748,-,2. PBOT,CINCO,G1_ALTO,No PDET,NO ZOMAC,Medio Bajo,0.420555,-,-,Irradiado_Mayor que 60 - hasta 70,Mayor que 60 - hasta 70,1,5686.0,Antioquia,YARUMAL,1.101831,A2. Mayor que 1 y menor que 2 horas,44.875945,Antioquia,MEDELLÍN,1.9353,A2. Mayor que 1 y menor que 2 horas,71.49798,Mediana propiedad,46958.116549422586,Pequeña propiedad,6359.0,2,37646.122642,SI,-,
325,Polygon,5,690,SANTO DOMINGO,ANTIOQUIA,5690,5690,Andina,503,NORDESTE,Rural disperso,-,12970,-,1. EOT,SEIS,G3_MEDIO,No PDET, ZOMAC,Medio Bajo,0.251893,-,-,Irradiado_Mayor que 70 - hasta 80,Mayor que 70 - hasta 80,1,5690.0,Antioquia,BARBOSA,0.750052,A1. Menos 1 hora,24.303658,Antioquia,MEDELLÍN,1.835848,A2. Mayor que 1 y menor que 2 horas,62.851176,Mediana propiedad,13442.48215778497,Pequeña propiedad,3152.0,3,12424.170179,SI,-,
324,Polygon,5,697,SANTUARIO,ANTIOQUIA,5697,5697,Andina,506,ORIENTE,Intermedio,-,37801,-,2. PBOT,SEIS,G1_ALTO,No PDET,NO ZOMAC,Bajo,0.505312,-,-,Irradiado_Mayor que 100 - hasta 120,Mayor que 100 - hasta 120,1,5697.0,Antioquia,EL SANTUARIO,0.0,A1. Menos 1 hora,0.0,Antioquia,MEDELLÍN,1.506452,A2. Mayor que 1 y menor que 2 horas,60.016861,Pequeña propiedad,5786.236461631098,Pequeña propiedad,3318.0,2,4599.251684,SI,-,
323,Polygon,5,736,SEGOVIA,ANTIOQUIA,5736,5736,Andina,503,NORDESTE,Intermedio,-,40602,-,2. PBOT,CINCO,G4_MEDIO_BAJO,PDET Bajo Cauca-Nordeste Antioqueño, ZOMAC,Medio Alto,0.854545,-,-,Irradiado_Mayor que 15 - hasta 20,Mayor que 15 - hasta 20,1,5736.0,Antioquia,SEGOVIA,0.0,A1. Menos 1 hora,0.0,Antioquia,MEDELLÍN,4.479973,A5. Mayor que 4 y menor que 5 horas,181.820938,Mediana propiedad,44347.11850099137,Mediana propiedad,613.0,3,31583.709953,SI,-,
322,Polygon,5,756,SONSON,ANTIOQUIA,5756,5756,Andina,506,ORIENTE,Rural,-,38203,-,2. PBOT,CINCO,G2_MEDIO_ALTO,No PDET, ZOMAC,Medio,0.244353,-,-,Irradiado_Mayor que 60 - hasta 70,Mayor que 60 - hasta 70,1,5756.0,Antioquia,LA CEJA,1.219193,A2. Mayor que 1 y menor que 2 horas,52.760007,Antioquia,MEDELLÍN,2.281663,A3. Mayor que 2 y menor que 3 horas,90.973211,Mediana propiedad,43994.554351920524,Pequeña propiedad,6440.0,4,39352.433481,SI,-,
321,Polygon,5,761,SOPETRAN,ANTIOQUIA,5761,5761,Andina,505,OCCIDENTE,Intermedio,-,15949,-,1. EOT,SEIS,G2_MEDIO_ALTO,No PDET,NO ZOMAC,Medio Bajo,0.420683,-,-,Irradiado_Mayor que 180 - hasta 200,Mayor que 180 - hasta 200,1,5761.0,Antioquia,BELLO,1.456664,A2. Mayor que 1 y menor que 2 horas,41.203153,Antioquia,MEDELLÍN,2.017541,A3. Mayor que 2 y menor que 3 horas,50.487215,Pequeña propiedad,9016.263939874132,Pequeña propiedad,3500.0,4,8762.154149,SI,-,
320,Polygon,5,789,TAMESIS,ANTIOQUIA,5789,5789,Andina,507,SUROESTE,Intermedio,-,17029,-,1. EOT,SEIS,G2_MEDIO_ALTO,No PDET,NO ZOMAC,Bajo,0.478194,2024,4.1.2,Mayor que 70 - hasta 80,Mayor que 70 - hasta 80,0,5789.0,Antioquia,CALDAS,2.046498,A3. Mayor que 2 y menor que 3 horas,72.872496,Antioquia,MEDELLÍN,2.522177,A3. Mayor que 2 y menor que 3 horas,96.079098,Mediana propiedad,3045.144163171108,Pequeña propiedad,749.0,3,2586.97773,SI,-,
319,Polygon,5,790,TARAZA,ANTIOQUIA,5790,5790,Andina,501,BAJO CAUCA,Intermedio,-,28874,-,1. EOT,SEIS,G5_BAJO,PDET Bajo Cauca-Nordeste Antioqueño, ZOMAC,Alto,0.768953,-,-,Irradiado_Mayor que 20 - hasta 30,Mayor que 20 - hasta 30,1,5790.0,Antioquia,CAUCASIA,1.222001,A2. Mayor que 1 y menor que 2 horas,63.919805,Córdoba,MONTERÍA,3.44147,A4. Mayor que 3 y menor que 4 horas,188.108153,"Gran propiedad, latifundios",58925.55616873334,Mediana propiedad,773.0,4,50579.105262,SI,-,
318,Polygon,5,792,TARSO,ANTIOQUIA,5792,5792,Andina,507,SUROESTE,Intermedio,-,6510,-,1. EOT,SEIS,G1_ALTO,No PDET,NO ZOMAC,Medio Bajo,0.313904,2024,5.1.2,Mayor que 140 - hasta 160,Mayor que 140 - hasta 160,0,5792.0,Antioquia,CALDAS,1.790515,A2. Mayor que 1 y menor que 2 horas,61.195541,Antioquia,MEDELLÍN,2.266194,A3. Mayor que 2 y menor que 3 horas,84.402143,Mediana propiedad,876.5933138884585,Pequeña propiedad,318.0,3,1046.518605,SI,-,
317,Polygon,5,809,TITIRIBI,ANTIOQUIA,5809,5809,Andina,507,SUROESTE,Intermedio,-,11259,-,1. EOT,SEIS,G3_MEDIO,No PDET,NO ZOMAC,Bajo,0.358646,2024,4.2.1,Mayor que 80 - hasta 100,Mayor que 80 - hasta 100,0,5809.0,Antioquia,CALDAS,0.862881,A1. Menos 1 hora,28.9664,Antioquia,MEDELLÍN,1.338561,A2. Mayor que 1 y menor que 2 horas,52.173001,Pequeña propiedad,310.1556706533212,Pequeña propiedad,183.0,4,528.620716,SI,-,
316,Polygon,5,819,TOLEDO,ANTIOQUIA,5819,5819,Andina,504,NORTE,Rural disperso,-,5225,-,1. EOT,SEIS,G1_ALTO,No PDET, ZOMAC,Medio Alto,0.761925,-,-,Irradiado_Mayor que 30 - hasta 40,Mayor que 30 - hasta 40,1,5819.0,Antioquia,YARUMAL,2.2874,A3. Mayor que 2 y menor que 3 horas,79.560721,Antioquia,MEDELLÍN,3.626552,A4. Mayor que 3 y menor que 4 horas,121.162655,Mediana propiedad,5501.461021471138,Pequeña propiedad,1982.0,3,7998.179711,SI,-,
315,Polygon,5,837,TURBO,ANTIOQUIA,5837,5837,Andina,508,URABA,Ciudades y aglomeraciones,-,133430,-,3. POT,CUATRO,G5_BAJO,PDET Urabá Antioqueño, ZOMAC,Medio,0.596396,-,-,Irradiado_Mayor que 80 - hasta 100,Mayor que 80 - hasta 100,1,5837.0,Antioquia,"TURBO, DISTRITO PORTUARIO, LOGÍSTICO, INDUSTRIAL, TURÍSTICO Y COMERCIAL",0.0,A1. Menos 1 hora,0.0,Córdoba,MONTERÍA,3.850482,A4. Mayor que 3 y menor que 4 horas,201.57119,Mediana propiedad,131663.1226565216,Pequeña propiedad,6032.0,2,123826.86186,SI,-,
314,Polygon,5,842,URAMITA,ANTIOQUIA,5842,5842,Andina,505,OCCIDENTE,Rural,-,7211,-,1. EOT,SEIS,G4_MEDIO_BAJO,No PDET, ZOMAC,Medio,0.591823,-,-,Irradiado_Mayor que 20 - hasta 30,Mayor que 20 - hasta 30,1,5842.0,Antioquia,BELLO,3.737417,A4. Mayor que 3 y menor que 4 horas,120.0722,Antioquia,MEDELLÍN,4.298294,A5. Mayor que 4 y menor que 5 horas,129.356263,Mediana propiedad,8301.438141291437,Pequeña propiedad,596.0,4,11093.219361,SI,-,
400,Polygon,5,847,URRAO,ANTIOQUIA,5847,5847,Andina,507,SUROESTE,Rural,-,31885,-,2. PBOT,SEIS,G3_MEDIO,No PDET, ZOMAC,Medio,0.210934,-,-,Irradiado_Mayor que 50 - hasta 60,Mayor que 50 - hasta 60,1,5847.0,Antioquia,CALDAS,3.629022,A4. Mayor que 3 y menor que 4 horas,115.969762,Antioquia,MEDELLÍN,4.104701,A5. Mayor que 4 y menor que 5 horas,139.176364,Mediana propiedad,32.90867769486998,Mediana propiedad,1.0,4,438.075237,SI,-,
313,Polygon,5,854,VALDIVIA,ANTIOQUIA,5854,5854,Andina,504,NORTE,Rural disperso,-,14596,-,1. EOT,SEIS,G1_ALTO,PDET Bajo Cauca-Nordeste Antioqueño, ZOMAC,Alto,0.683653,-,-,Irradiado_Mayor que 20 - hasta 30,Mayor que 20 - hasta 30,1,5854.0,Antioquia,YARUMAL,0.902952,A1. Menos 1 hora,31.597771,Antioquia,MEDELLÍN,3.712953,A4. Mayor que 3 y menor que 4 horas,145.60601,Mediana propiedad,29844.720656813624,Pequeña propiedad,1024.0,4,29263.094442,SI,-,
312,Polygon,5,856,VALPARAISO,ANTIOQUIA,5856,5856,Andina,507,SUROESTE,Rural,-,6876,-,1. EOT,SEIS,G3_MEDIO,No PDET,NO ZOMAC,Medio Bajo,0.244486,2024,4.1.2,Mayor que 70 - hasta 80,Mayor que 70 - hasta 80,0,5856.0,Antioquia,CALDAS,2.090412,A3. Mayor que 2 y menor que 3 horas,70.434019,Antioquia,MEDELLÍN,2.566092,A3. Mayor que 2 y menor que 3 horas,93.64062,Mediana propiedad,4114.502171085768,Pequeña propiedad,843.0,3,5311.493796,SI,-,
311,Polygon,5,858,VEGACHI,ANTIOQUIA,5858,5858,Andina,503,NORDESTE,Rural,-,12453,-,1. EOT,SEIS,G4_MEDIO_BAJO,No PDET, ZOMAC,Medio,0.664054,-,-,Irradiado_Mayor que 20 - hasta 30,Mayor que 20 - hasta 30,1,5858.0,Antioquia,SEGOVIA,1.074719,A2. Mayor que 1 y menor que 2 horas,45.71026,Antioquia,MEDELLÍN,3.424208,A4. Mayor que 3 y menor que 4 horas,136.310678,Mediana propiedad,29726.45399140784,Pequeña propiedad,782.0,3,28095.624544,SI,-,
310,Polygon,5,861,VENECIA,ANTIOQUIA,5861,5861,Andina,507,SUROESTE,Intermedio,-,12208,-,1. EOT,SEIS,G2_MEDIO_ALTO,No PDET,NO ZOMAC,Medio Bajo,0.475927,2024,5.1.1,Mayor que 120 - hasta 140,Mayor que 120 - hasta 140,0,5861.0,Antioquia,CALDAS,0.895853,A1. Menos 1 hora,31.542136,Antioquia,MEDELLÍN,1.371533,A2. Mayor que 1 y menor que 2 horas,54.748737,Pequeña propiedad,838.2112119408571,Pequeña propiedad,475.0,2,1398.133101,SI,-,
402,Polygon,5,873,VIGIA DEL FUERTE,ANTIOQUIA,5873,5873,Andina,508,URABA,Rural disperso,-,9681,-,1. EOT,SEIS,G2_MEDIO_ALTO,PDET Chocó, ZOMAC,Medio Alto,0.380282,-,-,Irradiado_Mayor que 10 - hasta 15,Mayor que 10 - hasta 15,1,5873.0,Antioquia,CHIGORODÓ,11.788675, ,225.877287,,,0.0, ,0.0,,,,,3,15.540322,SI,-,
309,Polygon,5,885,YALI,ANTIOQUIA,5885,5885,Andina,503,NORDESTE,Rural,-,8026,-,1. EOT,SEIS,G5_BAJO,No PDET, ZOMAC,Medio,0.537915,-,-,Irradiado_Mayor que 20 - hasta 30,Mayor que 20 - hasta 30,1,5885.0,Antioquia,SEGOVIA,1.51858,A2. Mayor que 1 y menor que 2 horas,61.771277,Antioquia,MEDELLÍN,3.010302,A4. Mayor que 3 y menor que 4 horas,121.098189,Mediana propiedad,21458.529754194766,Pequeña propiedad,501.0,3,19723.519063,SI,-,
308,Polygon,5,887,YARUMAL,ANTIOQUIA,5887,5887,Andina,504,NORTE,Intermedio,-,44102,-,2. PBOT,SEIS,G1_ALTO,No PDET, ZOMAC,Medio Alto,0.326816,-,-,Irradiado_Mayor que 60 - hasta 70,Mayor que 60 - hasta 70,1,5887.0,Antioquia,YARUMAL,0.0,A1. Menos 1 hora,0.0,Antioquia,MEDELLÍN,2.810001,A3. Mayor que 2 y menor que 3 horas,114.008239,Mediana propiedad,50842.38387337098,Pequeña propiedad,2287.0,3,43638.154619,SI,-,
307,Polygon,5,890,YOLOMBO,ANTIOQUIA,5890,5890,Andina,503,NORDESTE,Rural disperso,-,23825,-,1. EOT,SEIS,G5_BAJO,No PDET, ZOMAC,Medio Bajo,0.461249,-,-,Irradiado_Mayor que 40 - hasta 50,Mayor que 40 - hasta 50,1,5890.0,Antioquia,BARBOSA,1.211655,A2. Mayor que 1 y menor que 2 horas,53.601429,Antioquia,MEDELLÍN,2.297451,A3. Mayor que 2 y menor que 3 horas,92.148947,Mediana propiedad,45410.56162886534,Pequeña propiedad,3161.0,3,35274.94391,SI,-,
306,Polygon,5,893,YONDO,ANTIOQUIA,5893,5893,Andina,502,MAGDALENA MEDIO,Rural,-,20572,-,1. EOT,SEIS,G3_MEDIO,PDET Sur de Bolívar, ZOMAC,Medio,0.58103,-,-,Irradiado_Mayor que 80 - hasta 100,Mayor que 80 - hasta 100,1,5893.0,Santander,BARRANCABERMEJA,0.560282,A1. Menos 1 hora,19.975231,Santander,BUCARAMANGA,3.912061,A4. Mayor que 3 y menor que 4 horas,130.776869,Mediana propiedad,98527.11604516179,Mediana propiedad,1492.0,2,105828.725066,SI,-,
305,Polygon,5,895,ZARAGOZA,ANTIOQUIA,5895,5895,Andina,501,BAJO CAUCA,Rural,-,25989,-,1. EOT,SEIS,G5_BAJO,PDET Bajo Cauca-Nordeste Antioqueño, ZOMAC,Medio Alto,0.772741,-,-,Irradiado_Mayor que 20 - hasta 30,Mayor que 20 - hasta 30,1,5895.0,Antioquia,EL BAGRE,0.518772,A1. Menos 1 hora,19.83381,Córdoba,MONTERÍA,4.326552,A5. Mayor que 4 y menor que 5 horas,212.947345,Mediana propiedad,64377.887353200975,Mediana propiedad,988.0,3,79769.475214,SI,-,
463,Polygon,8,1,BARRANQUILLA,ATLANTICO,8001,8001,Caribe,802,NORTE,Ciudades y aglomeraciones,si,1323551,-,3. POT,ESPECIAL,G2_MEDIO_ALTO,No PDET,NO ZOMAC,Bajo,0.237878,2024*,4.2.2,Mayor que 100 - hasta 120,Mayor que 100 - hasta 120,0,8001.0,Atlántico,"BARRANQUILLA, DISTRITO ESPECIAL, INDUSTRIAL Y PORTUARIO",0.0,A1. Menos 1 hora,0.0,Atlántico,BARRANQUILLA,0.0,A1. Menos 1 hora,0.0,Mediana propiedad,2147.080790023759,Pequeña propiedad,224.0,2,2405.712768,SI,-,
464,Polygon,8,78,BARANOA,ATLANTICO,8078,8078,Caribe,801,CENTRO ORIENTE,Ciudades y aglomeraciones,-,69143,-,2. PBOT,SEIS,,No PDET,NO ZOMAC,Bajo,0.471722,2024*,4.1.2,Mayor que 70 - hasta 80,Mayor que 70 - hasta 80,0,8078.0,Atlántico,BARANOA,0.0,A1. Menos 1 hora,0.0,Atlántico,BARRANQUILLA,0.972606,A1. Menos 1 hora,36.58772,Pequeña propiedad,318.7276674802277,Pequeña propiedad,695.0,3,471.625103,SI,AGROPECUARIO - INFLUENCIA VIA PRINCIPAL,
465,Polygon,8,137,CAMPO DE LA CRUZ,ATLANTICO,8137,8137,Caribe,804,SUR,Intermedio,-,24850,-,1. EOT,SEIS,G1_ALTO,No PDET,NO ZOMAC,Bajo,0.749395,2024*,3.2.1,Mayor que 20 - hasta 30,Mayor que 20 - hasta 30,0,8137.0,Atlántico,PALMAR DE VARELA,0.903338,A1. Menos 1 hora,48.396046,Atlántico,BARRANQUILLA,1.7837,A2. Mayor que 1 y menor que 2 horas,82.992597,Mediana propiedad,123.4992458092971,Pequeña propiedad,27.0,1,176.945969,SI,AGROPECUARIO,
466,Polygon,8,141,CANDELARIA,ATLANTICO,8141,8141,Caribe,804,SUR,Intermedio,-,17595,-,1. EOT,SEIS,G4_MEDIO_BAJO,No PDET,NO ZOMAC,Bajo,0.659744,2024*,3.2.1,Mayor que 20 - hasta 30,Mayor que 20 - hasta 30,0,8141.0,Atlántico,SABANALARGA,0.787396,A1. Menos 1 hora,27.062237,Atlántico,BARRANQUILLA,1.742237,A2. Mayor que 1 y menor que 2 horas,78.412698,Mediana propiedad,5581.971432086045,Pequeña propiedad,361.0,2,4363.059813,SI,AGROPECUARIO,
467,Polygon,8,296,GALAPA,ATLANTICO,8296,8296,Caribe,802,NORTE,Ciudades y aglomeraciones,-,68011,-,2. PBOT,CINCO,G1_ALTO,No PDET,NO ZOMAC,Bajo,0.607843,2024*,4.2.1,Mayor que 80 - hasta 100,Mayor que 80 - hasta 100,0,8296.0,Atlántico,GALAPA,0.0,A1. Menos 1 hora,0.0,Atlántico,BARRANQUILLA,0.684705,A1. Menos 1 hora,20.092388,Mediana propiedad,1825.080212630718,Pequeña propiedad,307.0,3,2053.636692,SI,AGROPECUARIO - INFLUENCIA VIA PRINCIPAL A BARRANQUILLA,
468,Polygon,8,372,JUAN DE ACOSTA,ATLANTICO,8372,8372,Caribe,803,OCCIDENTAL,Intermedio,-,23357,-,1. EOT,SEIS,G5_BAJO,No PDET,NO ZOMAC,Bajo,0.364345,2024*,3.3.2,Mayor que 50 - hasta 60,Mayor que 50 - hasta 60,0,8372.0,Atlántico,BARANOA,0.566594,A1. Menos 1 hora,17.788225,Atlántico,BARRANQUILLA,1.418036,A2. Mayor que 1 y menor que 2 horas,51.258788,Mediana propiedad,706.9490900099507,Pequeña propiedad,25.0,2,672.173868,SI,AGROPECUARIO - INFLUENCIA VIA PRINCIPAL,
469,Polygon,8,421,LURUACO,ATLANTICO,8421,8421,Caribe,804,SUR,Intermedio,-,30955,-,2. PBOT,SEIS,G1_ALTO,No PDET,NO ZOMAC,Medio Bajo,0.659491,2024*,3.3.1,Mayor que 40 - hasta 50,Mayor que 40 - hasta 50,0,8421.0,Atlántico,SABANALARGA,0.693423,A1. Menos 1 hora,30.127922,Bolívar,CARTAGENA DE INDIAS,1.248457,A2. Mayor que 1 y menor que 2 horas,62.958283,Mediana propiedad,671.3176532472255,Mediana propiedad,22.0,1,670.569588,SI,AGROPECUARIO - INFLUENCIA VIA PRINCIPAL,
470,Polygon,8,433,MALAMBO,ATLANTICO,8433,8433,Caribe,802,NORTE,Ciudades y aglomeraciones,-,142728,-,3. POT,CUATRO,G1_ALTO,No PDET,NO ZOMAC,Medio Bajo,0.13078,2024*,4.2.1,Mayor que 80 - hasta 100,Mayor que 80 - hasta 100,0,8433.0,Atlántico,MALAMBO,0.0,A1. Menos 1 hora,0.0,Atlántico,BARRANQUILLA,0.756875,A1. Menos 1 hora,21.161017,Mediana propiedad,1253.647414415346,Pequeña propiedad,529.0,4,1230.606213,SI,AGROPECUARIO,
471,Polygon,8,436,MANATI,ATLANTICO,8436,8436,Caribe,804,SUR,Intermedio,-,21704,-,1. EOT,SEIS,G1_ALTO,No PDET,NO ZOMAC,Bajo,0.689655,2024*,3.1.2,Mayor que 15 - hasta 20,Mayor que 15 - hasta 20,0,8436.0,Atlántico,SABANALARGA,0.83447,A1. Menos 1 hora,24.817872,Atlántico,BARRANQUILLA,2.075681,A3. Mayor que 2 y menor que 3 horas,87.938182,Pequeña propiedad,6957.534811017554,Pequeña propiedad,1028.0,1,5936.812846,SI,AGROPECUARIO,
472,Polygon,8,520,PALMAR DE VARELA,ATLANTICO,8520,8520,Caribe,801,CENTRO ORIENTE,Ciudades y aglomeraciones,-,32082,-,2. PBOT,SEIS,,No PDET,NO ZOMAC,Bajo,0.705078,2024*,3.3.1,Mayor que 40 - hasta 50,Mayor que 40 - hasta 50,0,8520.0,Atlántico,PALMAR DE VARELA,0.0,A1. Menos 1 hora,0.0,Atlántico,BARRANQUILLA,0.898796,A1. Menos 1 hora,34.796551,Mediana propiedad,49.63512423222809,Mediana propiedad,4.0,3,35.832827,SI,AGROPECUARIO,
473,Polygon,8,549,PIOJO,ATLANTICO,8549,8549,Caribe,803,OCCIDENTAL,Rural,-,7284,-,1. EOT,SEIS,G5_BAJO,No PDET,NO ZOMAC,Bajo,0.542497,2024*,3.3.2,Mayor que 50 - hasta 60,Mayor que 50 - hasta 60,0,8549.0,Atlántico,SABANALARGA,0.953719,A1. Menos 1 hora,33.856349,Bolívar,CARTAGENA DE INDIAS,1.722641,A2. Mayor que 1 y menor que 2 horas,78.284986,Mediana propiedad,1178.3362932771,Mediana propiedad,36.0,2,638.843692,SI,AGROPECUARIO - INFLUENCIA VIA PRINCIPAL,
474,Polygon,8,558,POLONUEVO,ATLANTICO,8558,8558,Caribe,801,CENTRO ORIENTE,Ciudades y aglomeraciones,-,20038,-,1. EOT,SEIS,,No PDET,NO ZOMAC,Bajo,0.163034,2024*,3.3.1,Mayor que 40 - hasta 50,Mayor que 40 - hasta 50,0,8558.0,Atlántico,BARANOA,0.302503,A1. Menos 1 hora,9.63259,Atlántico,BARRANQUILLA,1.047172,A2. Mayor que 1 y menor que 2 horas,37.2664,Mediana propiedad,209.360344996744,Mediana propiedad,21.0,3,230.10083,SI,AGROPECUARIO - INFLUENCIA VIA PRINCIPAL,
475,Polygon,8,560,PONEDERA,ATLANTICO,8560,8560,Caribe,801,CENTRO ORIENTE,Ciudades y aglomeraciones,-,26463,-,1. EOT,SEIS,,No PDET,NO ZOMAC,Bajo,0.630862,2024*,3.3.1,Mayor que 40 - hasta 50,Mayor que 40 - hasta 50,0,8560.0,Atlántico,PALMAR DE VARELA,0.271231,A1. Menos 1 hora,12.808326,Atlántico,BARRANQUILLA,1.151593,A2. Mayor que 1 y menor que 2 horas,47.404877,Mediana propiedad,33.99101682367522,Mediana propiedad,3.0,3,18.372211,SI,AGROPECUARIO,
476,Polygon,8,573,PUERTO COLOMBIA,ATLANTICO,8573,8573,Caribe,802,NORTE,Ciudades y aglomeraciones,-,54983,-,2. PBOT,CUATRO,G2_MEDIO_ALTO,No PDET,NO ZOMAC,Bajo,0.508714,2024*,4.2.1,Mayor que 80 - hasta 100,Mayor que 80 - hasta 100,0,8573.0,Atlántico,PUERTO COLOMBIA,0.0,A1. Menos 1 hora,0.0,Atlántico,BARRANQUILLA,0.525907,A1. Menos 1 hora,9.001219,"Gran propiedad, latifundios",1231.070058451738,Pequeña propiedad,96.0,4,748.344783,SI,AGROPECUARIO - INFLUENCIA VIA PRINCIPAL,
477,Polygon,8,606,REPELON,ATLANTICO,8606,8606,Caribe,804,SUR,Intermedio,-,28780,-,1. EOT,SEIS,G4_MEDIO_BAJO,No PDET,NO ZOMAC,Medio Bajo,0.671861,2024*,3.3.1,Mayor que 40 - hasta 50,Mayor que 40 - hasta 50,0,8606.0,Atlántico,SABANALARGA,1.272339,A2. Mayor que 1 y menor que 2 horas,46.596046,Bolívar,CARTAGENA DE INDIAS,1.642872,A2. Mayor que 1 y menor que 2 horas,57.015642,Pequeña propiedad,1991.049405559581,Pequeña propiedad,338.0,1,3709.665565,SI,AGROPECUARIO CON RIEGO,
478,Polygon,8,634,SABANAGRANDE,ATLANTICO,8634,8634,Caribe,801,CENTRO ORIENTE,Ciudades y aglomeraciones,-,36003,-,2. PBOT,SEIS, ,No PDET,NO ZOMAC,Bajo,0.590112,2024*,4.1.1,Mayor que 60 - hasta 70,Mayor que 60 - hasta 70,0,8634.0,Atlántico,SABANAGRANDE,0.0,A1. Menos 1 hora,0.0,Atlántico,BARRANQUILLA,0.785753,A1. Menos 1 hora,28.399495,Mediana propiedad,559.8183603729971,Pequeña propiedad,243.0,2,536.519633,SI,AGROPECUARIO,
479,Polygon,8,638,SABANALARGA,ATLANTICO,8638,8638,Caribe,801,CENTRO ORIENTE,Ciudades y aglomeraciones,-,103394,-,3. POT,SEIS,,No PDET,NO ZOMAC,Bajo,0.569047,2024*,3.3.1,Mayor que 40 - hasta 50,Mayor que 40 - hasta 50,0,8638.0,Atlántico,SABANALARGA,0.0,A1. Menos 1 hora,0.0,Atlántico,BARRANQUILLA,1.346555,A2. Mayor que 1 y menor que 2 horas,57.635743,Mediana propiedad,84.68831061625565,Mediana propiedad,4.0,3,99.155133,SI,AGROPECUARIO,
480,Polygon,8,675,SANTA LUCIA,ATLANTICO,8675,8675,Caribe,804,SUR,Intermedio,-,17782,-,1. EOT,SEIS,G5_BAJO,No PDET,NO ZOMAC,Bajo,0.554795,2024*,3.2.1,Mayor que 20 - hasta 30,Mayor que 20 - hasta 30,0,8675.0,Atlántico,PALMAR DE VARELA,1.284172,A2. Mayor que 1 y menor que 2 horas,61.160007,Atlántico,BARRANQUILLA,2.164534,A3. Mayor que 2 y menor que 3 horas,95.756558,Pequeña propiedad,275.7067277384537,Pequeña propiedad,72.0,1,347.607218,SI,AGROPECUARIO,
481,Polygon,8,685,SANTO TOMAS,ATLANTICO,8685,8685,Caribe,801,CENTRO ORIENTE,Ciudades y aglomeraciones,-,33058,-,2. PBOT,SEIS,,No PDET,NO ZOMAC,Bajo,0.602941,2024*,4.1.1,Mayor que 60 - hasta 70,Mayor que 60 - hasta 70,0,8685.0,Atlántico,SANTO TOMÁS,0.0,A1. Menos 1 hora,0.0,Atlántico,BARRANQUILLA,0.916111,A1. Menos 1 hora,33.072287,Mediana propiedad,653.3582982664714,Pequeña propiedad,86.0,3,402.511452,SI,AGROPECUARIO,
482,Polygon,8,758,SOLEDAD,ATLANTICO,8758,8758,Caribe,802,NORTE,Ciudades y aglomeraciones,-,676014,-,3. POT,DOS,,No PDET,NO ZOMAC,Medio Bajo,0.627431,2024*,4.2.2,Mayor que 100 - hasta 120,Mayor que 100 - hasta 120,0,8758.0,Atlántico,SOLEDAD,0.0,A1. Menos 1 hora,0.0,Atlántico,BARRANQUILLA,0.740388,A1. Menos 1 hora,14.388225,Mediana propiedad,275.2038864091046,Pequeña propiedad,786.0,4,482.128341,SI,AGROPECUARIO,
483,Polygon,8,770,SUAN,ATLANTICO,8770,8770,Caribe,804,SUR,Intermedio,-,13085,-,1. EOT,SEIS,G4_MEDIO_BAJO,No PDET,NO ZOMAC,Bajo,0.877976,2024*,3.2.1,Mayor que 20 - hasta 30,Mayor que 20 - hasta 30,0,8770.0,Atlántico,PALMAR DE VARELA,0.94506,A1. Menos 1 hora,52.317366,Atlántico,BARRANQUILLA,1.825422,A2. Mayor que 1 y menor que 2 horas,86.913918,Pequeña propiedad,701.5407574631672,Pequeña propiedad,124.0,1,870.766438,SI,AGROPECUARIO CON DISTRITO DE RIEGO,
484,Polygon,8,832,TUBARA,ATLANTICO,8832,8832,Caribe,803,OCCIDENTAL,Ciudades y aglomeraciones,-,19132,-,1. EOT,SEIS,G4_MEDIO_BAJO,No PDET,NO ZOMAC,Bajo,0.50033,2024*,3.3.1,Mayor que 40 - hasta 50,Mayor que 40 - hasta 50,0,8832.0,Atlántico,BARANOA,0.613698,A1. Menos 1 hora,14.212489,Atlántico,BARRANQUILLA,1.140023,A2. Mayor que 1 y menor que 2 horas,33.436248,Mediana propiedad,5098.17347647651,Pequeña propiedad,2625.0,2,3906.561676,SI,AGROPECUARIO,
485,Polygon,8,849,USIACURI,ATLANTICO,8849,8849,Caribe,803,OCCIDENTAL,Ciudades y aglomeraciones,-,13573,-,1. EOT,SEIS,G5_BAJO,No PDET,NO ZOMAC,Bajo,0.38041,2024*,3.3.1,Mayor que 40 - hasta 50,Mayor que 40 - hasta 50,0,8849.0,Atlántico,BARANOA,0.356046,A1. Menos 1 hora,10.574012,Atlántico,BARRANQUILLA,1.2786,A2. Mayor que 1 y menor que 2 horas,46.961732,Mediana propiedad,1059.189582730593,Pequeña propiedad,54.0,3,1088.483469,SI,AGROPECUARIO - INFLUENCIA VIA PRINCIPAL,
904,Polygon,11,1,BOGOTA,BOGOTA,11001,11001,BOGOTÁ D.C.,1101,BOGOTA,Ciudades y aglomeraciones,si,7907281,-,3. POT,ESPECIAL,G4_MEDIO_BAJO,No PDET,NO ZOMAC,Medio Bajo,0.20206,-,-,Irradiado_Mayor que 1000,Mayor que 1000,1,11001.0,Cundinamarca,"BOGOTÁ, DISTRITO CAPITAL",0.0,A1. Menos 1 hora,0.0,Cundinamarca,BOGOTÁ,0.0,A1. Menos 1 hora,0.0,Pequeña propiedad,17844.614899183005,Pequeña propiedad,5577.0,3,18149.275656,SI,-,
486,Polygon,13,1,CARTAGENA,BOLIVAR,13001,13001,Caribe,1302,DIQUE BOLIVARENSE,Ciudades y aglomeraciones,si,1052015,-,3. POT,ESPECIAL,G1_ALTO,No PDET,NO ZOMAC,Medio Bajo,0.526549,2023,4.1.2,Mayor que 70 - hasta 80,Mayor que 70 - hasta 80,0,13001.0,Bolívar,"CARTAGENA DE INDIAS, DISTRITO TURÍSTICO Y CULTURAL",0.0,A1. Menos 1 hora,0.0,Bolívar,CARTAGENA DE INDIAS,0.0,A1. Menos 1 hora,0.0,Mediana propiedad,3189.635371892423,Pequeña propiedad,131.0,3,3065.48625,SI,Agropecuario,
487,Polygon,13,6,ACHI,BOLIVAR,13006,13006,Caribe,1305,MOJANA BOLIVARENSE,Rural disperso,-,26995,-,1. EOT,SEIS,G3_MEDIO,No PDET,NO ZOMAC,Medio Bajo,0.854938,2023,3.1.1,Mayor que 10 - hasta 15,Mayor que 10 - hasta 15,0,13006.0,Sucre,SAN MARCOS,2.513155,A3. Mayor que 2 y menor que 3 horas,99.012908,Córdoba,MONTERÍA,5.325141,A6. Mayor que 5 y menor que 6 horas,224.758405,"Gran propiedad, latifundios",10761.2692275387,Pequeña propiedad,603.0,3,19034.825645,SI,Agropecuario,
488,Polygon,13,30,ALTOS DEL ROSARIO,BOLIVAR,13030,13030,Caribe,1303,LOBA,Rural,-,12060,-,1. EOT,SEIS,G2_MEDIO_ALTO,No PDET,NO ZOMAC,Medio Bajo,0.803571,2023,2.2.2,Mayor que 8 - hasta 10,Mayor que 8 - hasta 10,0,13030.0,Magdalena,EL BANCO,1.792552,A2. Mayor que 1 y menor que 2 horas,58.16417,Sucre,SINCELEJO,5.443206,A6. Mayor que 5 y menor que 6 horas,249.878716,Mediana propiedad,2528.788550638115,Pequeña propiedad,207.0,1,2832.269204,SI,Agropecuario,
489,Polygon,13,42,ARENAL,BOLIVAR,13042,13042,Caribe,1304,MAGDALENA MEDIO BOLIVARENSE,Rural disperso,-,7937,-,1. EOT,SEIS,G3_MEDIO,PDET Sur de Bolívar, ZOMAC,Medio,0.598214,2023,3.1.1,Mayor que 10 - hasta 15,Mayor que 10 - hasta 15,0,13042.0,Cesar,AGUACHICA,2.702906,A3. Mayor que 2 y menor que 3 horas,101.213918,Sucre,SINCELEJO,6.69874,A7. Mayor que 6 y menor que 7 horas,298.178925,Mediana propiedad,511.1807136155779,Pequeña propiedad,41.0,3,645.763874,SI,-,
490,Polygon,13,52,ARJONA,BOLIVAR,13052,13052,Caribe,1302,DIQUE BOLIVARENSE,Ciudades y aglomeraciones,-,75429,-,2. PBOT,SEIS,G4_MEDIO_BAJO,No PDET,NO ZOMAC,Medio Bajo,0.24514,2023,3.2.1,Mayor que 20 - hasta 30,Mayor que 20 - hasta 30,0,13052.0,Bolívar,ARJONA,0.0,A1. Menos 1 hora,0.0,Bolívar,CARTAGENA DE INDIAS,0.630289,A1. Menos 1 hora,26.343355,Mediana propiedad,12629.42863361565,Pequeña propiedad,481.0,2,11402.597976,SI,Agropecuario,
491,Polygon,13,62,ARROYOHONDO,BOLIVAR,13062,13062,Caribe,1302,DIQUE BOLIVARENSE,Intermedio,-,8762,-,1. EOT,SEIS,G3_MEDIO,No PDET,NO ZOMAC,Bajo,0.718213,2023,3.1.1,Mayor que 10 - hasta 15,Mayor que 10 - hasta 15,0,13062.0,Bolívar,SAN JUAN NEPOMUCENO,1.331868,A2. Mayor que 1 y menor que 2 horas,48.483052,Bolívar,CARTAGENA DE INDIAS,1.831949,A2. Mayor que 1 y menor que 2 horas,82.029351,Mediana propiedad,2997.420412143393,Pequeña propiedad,119.0,1,2270.808255,SI,Agropecuario,
492,Polygon,13,74,BARRANCO DE LOBA,BOLIVAR,13074,13074,Caribe,1303,LOBA,Rural,-,16181,-,1. EOT,SEIS,G1_ALTO,No PDET,NO ZOMAC,Medio Bajo,0.761607,2023,2.2.2,Mayor que 8 - hasta 10,Mayor que 8 - hasta 10,0,13074.0,Magdalena,EL BANCO,1.038936,A2. Mayor que 1 y menor que 2 horas,30.319091,Sucre,SINCELEJO,4.689589,A5. Mayor que 4 y menor que 5 horas,222.033636,Mediana propiedad,5120.186523339061,Pequeña propiedad,334.0,2,3929.700351,SI,Agropecuario,
493,Polygon,13,140,CALAMAR,BOLIVAR,13140,13140,Caribe,1302,DIQUE BOLIVARENSE,Intermedio,-,24575,-,1. EOT,SEIS,G3_MEDIO,No PDET,NO ZOMAC,Medio Bajo,0.88102,2023,3.1.2,Mayor que 15 - hasta 20,Mayor que 15 - hasta 20,0,13140.0,Bolívar,SAN JUAN NEPOMUCENO,1.211821,A2. Mayor que 1 y menor que 2 horas,44.678889,Bolívar,CARTAGENA DE INDIAS,1.967816,A2. Mayor que 1 y menor que 2 horas,102.501133,"Gran propiedad, latifundios",1503.751142110525,Mediana propiedad,47.0,1,1036.271734,SI,Agropecuario,
494,Polygon,13,160,CANTAGALLO,BOLIVAR,13160,13160,Caribe,1304,MAGDALENA MEDIO BOLIVARENSE,Rural,-,9019,-,1. EOT,SEIS,G5_BAJO,PDET Sur de Bolívar, ZOMAC,Medio Alto,0.836735,2023,2.2.1,Mayor que 5 - hasta 8,Mayor que 5 - hasta 8,0,13160.0,Santander,BARRANCABERMEJA,2.654344,A3. Mayor que 2 y menor que 3 horas,83.922244,Santander,BUCARAMANGA,5.077745,A6. Mayor que 5 y menor que 6 horas,171.464589,Mediana propiedad,6136.312184955263,Pequeña propiedad,182.0,3,6812.912634,SI,Agropecuario,
495,Polygon,13,188,CICUCO,BOLIVAR,13188,13188,Caribe,1301,DEPRESION MOMPOSINA,Intermedio,-,14652,-,1. EOT,SEIS,G4_MEDIO_BAJO,No PDET,NO ZOMAC,Bajo,0.541353,2023,2.2.2,Mayor que 8 - hasta 10,Mayor que 8 - hasta 10,0,13188.0,Bolívar,MAGANGUÉ,0.486638,A1. Menos 1 hora,24.886501,Sucre,SINCELEJO,2.460819,A3. Mayor que 2 y menor que 3 horas,116.763874,"Gran propiedad, latifundios",44.37664230770145,Pequeña propiedad,17.0,3,504.283911,SI,Agropecuario,
496,Polygon,13,212,CORDOBA,BOLIVAR,13212,13212,Caribe,1306,MONTES DE MARIA,Rural disperso,-,17408,-,1. EOT,SEIS,G4_MEDIO_BAJO,PDET Montes de María, ZOMAC,Medio Bajo,0.667411,2023,3.2.1,Mayor que 20 - hasta 30,Mayor que 20 - hasta 30,0,13212.0,Magdalena,PLATO,0.906675,A1. Menos 1 hora,33.360512,Sucre,SINCELEJO,2.739741,A3. Mayor que 2 y menor que 3 horas,122.288138,Mediana propiedad,229.6701197219597,Mediana propiedad,15.0,2,248.244159,SI,Agropecuario,
497,Polygon,13,222,CLEMENCIA,BOLIVAR,13222,13222,Caribe,1302,DIQUE BOLIVARENSE,Ciudades y aglomeraciones,-,16081,-,1. EOT,SEIS,G3_MEDIO,No PDET,NO ZOMAC,Medio Bajo,0.339623,2023,3.2.2,Mayor que 30 - hasta 40,Mayor que 30 - hasta 40,0,13222.0,Bolívar,TURBACO,0.761564,A1. Menos 1 hora,37.357569,Bolívar,CARTAGENA DE INDIAS,0.77975,A1. Menos 1 hora,37.240411,Mediana propiedad,429.9965946256258,Pequeña propiedad,69.0,2,275.299601,SI,Agropecuario,
498,Polygon,13,244,EL CARMEN DE BOLIVAR,BOLIVAR,13244,13244,Caribe,1306,MONTES DE MARIA,Intermedio,-,75923,-,2. PBOT,SEIS,G3_MEDIO,PDET Montes de María, ZOMAC,Medio,0.634084,2023,3.2.1,Mayor que 20 - hasta 30,Mayor que 20 - hasta 30,0,13244.0,Bolívar,EL CARMEN DE BOLÍVAR,0.0,A1. Menos 1 hora,0.0,Sucre,SINCELEJO,1.664822,A2. Mayor que 1 y menor que 2 horas,72.70925,Mediana propiedad,3332.503048499089,Pequeña propiedad,354.0,2,5006.574337,SI,Agropecuario,
499,Polygon,13,248,EL GUAMO,BOLIVAR,13248,13248,Caribe,1306,MONTES DE MARIA,Rural,-,9404,-,1. EOT,SEIS,G1_ALTO,PDET Montes de María, ZOMAC,Bajo,0.62973,2023,2.2.2,Mayor que 8 - hasta 10,Mayor que 8 - hasta 10,0,13248.0,Bolívar,SAN JUAN NEPOMUCENO,0.874397,A1. Menos 1 hora,19.540916,Bolívar,CARTAGENA DE INDIAS,1.913233,A2. Mayor que 1 y menor que 2 horas,86.187424,Mediana propiedad,3024.291115432377,Mediana propiedad,85.0,1,2116.15847,SI,Agropecuario,
500,Polygon,13,268,EL PEÑON,BOLIVAR,13268,13268,Caribe,1303,LOBA,Rural,-,8060,-,1. EOT,SEIS,G2_MEDIO_ALTO,No PDET,NO ZOMAC,Medio Bajo,0.571651,2023,2.2.1,Mayor que 5 - hasta 8,Mayor que 5 - hasta 8,0,13268.0,Magdalena,EL BANCO,1.385535,A2. Mayor que 1 y menor que 2 horas,7.052691,Cesar,VALLEDUPAR,5.721174,A6. Mayor que 5 y menor que 6 horas,248.062273,Pequeña propiedad,750.8113445005412,Pequeña propiedad,209.0,3,1439.592878,SI,Agropecuario,
1104,Polygon,13,300,HATILLO DE LOBA,BOLIVAR,13300,13300,Caribe,1301,DEPRESION MOMPOSINA,Rural,-,13176,-,1. EOT,SEIS,G1_ALTO,No PDET,NO ZOMAC,Bajo,0.664786,2023,2.2.2,Mayor que 8 - hasta 10,Mayor que 8 - hasta 10,0,13300.0,Magdalena,EL BANCO,0.820319,A1. Menos 1 hora,23.5664,Sucre,SINCELEJO,4.635653,A5. Mayor que 4 y menor que 5 horas,223.675058,Pequeña propiedad,932.6863219462186,Pequeña propiedad,186.0,2,1517.287011,SI,Agropecuario,
1106,Polygon,13,430,MAGANGUE,BOLIVAR,13430,13430,Caribe,1305,MOJANA BOLIVARENSE,Intermedio,-,145035,-,3. POT,CINCO,G3_MEDIO,No PDET,NO ZOMAC,Medio Bajo,0.474376,2023,3.2.2,Mayor que 30 - hasta 40,Mayor que 30 - hasta 40,0,13430.0,Bolívar,MAGANGUÉ,0.0,A1. Menos 1 hora,0.0,Sucre,SINCELEJO,2.104076,A3. Mayor que 2 y menor que 3 horas,95.091587,Mediana propiedad,4385.053619716814,Pequeña propiedad,266.0,2,6112.907536,SI,Agropecuario,
501,Polygon,13,433,MAHATES,BOLIVAR,13433,13433,Caribe,1302,DIQUE BOLIVARENSE,Intermedio,-,30104,-,2. PBOT,SEIS,G4_MEDIO_BAJO,No PDET,NO ZOMAC,Bajo,0.73911,2023,3.3.1,Mayor que 40 - hasta 50,Mayor que 40 - hasta 50,0,13433.0,Bolívar,ARJONA,0.888686,A1. Menos 1 hora,36.191883,Bolívar,CARTAGENA DE INDIAS,1.318151,A2. Mayor que 1 y menor que 2 horas,61.203867,Mediana propiedad,3282.224495227153,Pequeña propiedad,503.0,1,6328.828385,SI,Agropecuario,
502,Polygon,13,440,MARGARITA,BOLIVAR,13440,13440,Caribe,1301,DEPRESION MOMPOSINA,Rural disperso,-,11710,-,1. EOT,SEIS,G4_MEDIO_BAJO,No PDET,NO ZOMAC,Bajo,0.827109,2023,3.1.2,Mayor que 15 - hasta 20,Mayor que 15 - hasta 20,0,13440.0,Magdalena,EL BANCO,0.899527,A1. Menos 1 hora,45.625693,Sucre,SINCELEJO,3.633537,A4. Mayor que 3 y menor que 4 horas,179.843478,Pequeña propiedad,1795.83487125398,Pequeña propiedad,623.0,2,2731.32336,SI,Agropecuario,
503,Polygon,13,442,MARIA LA BAJA,BOLIVAR,13442,13442,Caribe,1306,MONTES DE MARIA,Intermedio,-,50463,-,2. PBOT,SEIS,G2_MEDIO_ALTO,PDET Montes de María, ZOMAC,Medio Bajo,0.822032,2023,3.2.2,Mayor que 30 - hasta 40,Mayor que 30 - hasta 40,0,13442.0,Bolívar,ARJONA,1.023042,A2. Mayor que 1 y menor que 2 horas,44.758788,Bolívar,CARTAGENA DE INDIAS,1.452508,A2. Mayor que 1 y menor que 2 horas,69.770772,Pequeña propiedad,1782.348190550055,Pequeña propiedad,616.0,1,2834.61102,SI,Agropecuario,
504,Polygon,13,458,MONTECRISTO,BOLIVAR,13458,13458,Caribe,1305,MOJANA BOLIVARENSE,Rural,-,18243,-,1. EOT,SEIS,G5_BAJO,No PDET, ZOMAC,Medio Alto,0.981982,2023,2.1.3,Mayor que 3 - hasta 5,Mayor que 3 - hasta 5,0,13458.0,Sucre,SAN MARCOS,3.389064,A4. Mayor que 3 y menor que 4 horas,132.727835,Córdoba,MONTERÍA,6.201051,A7. Mayor que 6 y menor que 7 horas,258.473333,"Gran propiedad, latifundios",11023.95416144887,Mediana propiedad,15.0,4,6569.75594,SI,Agropecuario,
505,Polygon,13,468,MOMPOS,BOLIVAR,13468,13468,Caribe,1301,DEPRESION MOMPOSINA,Intermedio,-,48385,-,2. PBOT,SEIS,G1_ALTO,No PDET,NO ZOMAC,Bajo,0.708129,2023,3.3.2,Mayor que 50 - hasta 60,Mayor que 50 - hasta 60,0,13468.0,Bolívar,MAGANGUÉ,1.176064,A2. Mayor que 1 y menor que 2 horas,61.236962,Sucre,SINCELEJO,3.150245,A4. Mayor que 3 y menor que 4 horas,153.114336,Mediana propiedad,2149.974616188027,Pequeña propiedad,630.0,2,2331.871187,SI,Agropecuario,
506,Polygon,13,473,MORALES,BOLIVAR,13473,13473,Caribe,1304,MAGDALENA MEDIO BOLIVARENSE,Rural disperso,-,24596,-,1. EOT,SEIS,G4_MEDIO_BAJO,PDET Sur de Bolívar, ZOMAC,Medio Alto,0.384191,2023,2.2.2,Mayor que 8 - hasta 10,Mayor que 8 - hasta 10,0,13473.0,Cesar,AGUACHICA,2.023896,A3. Mayor que 2 y menor que 3 horas,37.880613,Santander,BUCARAMANGA,6.057118,A7. Mayor que 6 y menor que 7 horas,206.619213,Mediana propiedad,10083.36780001989,Mediana propiedad,361.0,2,7078.00813,SI,Agropecuario,
507,Polygon,13,549,PINILLOS,BOLIVAR,13549,13549,Caribe,1305,MOJANA BOLIVARENSE,Rural disperso,-,26467,-,1. EOT,SEIS,G1_ALTO,No PDET,NO ZOMAC,Bajo,0.865849,2023,2.2.1,Mayor que 5 - hasta 8,Mayor que 5 - hasta 8,0,13549.0,Bolívar,MAGANGUÉ,4.568231,A5. Mayor que 4 y menor que 5 horas,74.967828,Sucre,SINCELEJO,6.542412,A7. Mayor que 6 y menor que 7 horas,166.845202,Pequeña propiedad,2468.101926945676,Pequeña propiedad,801.0,2,3623.989691,SI,Agropecuario,
508,Polygon,13,580,REGIDOR,BOLIVAR,13580,13580,Caribe,1303,LOBA,Intermedio,-,7502,-,1. EOT,SEIS,G3_MEDIO,No PDET,NO ZOMAC,Medio Bajo,0.432642,2023,2.2.2,Mayor que 8 - hasta 10,Mayor que 8 - hasta 10,0,13580.0,Cesar,AGUACHICA,1.688565,A2. Mayor que 1 y menor que 2 horas,62.57767,Santander,BUCARAMANGA,5.706358,A6. Mayor que 5 y menor que 6 horas,230.974848,"Gran propiedad, latifundios",2493.653418637685,Mediana propiedad,13.0,3,1701.685793,SI,Agropecuario,
509,Polygon,13,600,RIO VIEJO,BOLIVAR,13600,13600,Caribe,1303,LOBA,Rural,-,11436,-,1. EOT,SEIS,G3_MEDIO,No PDET, ZOMAC,Medio Bajo,0.566802,2023,2.2.2,Mayor que 8 - hasta 10,Mayor que 8 - hasta 10,0,13600.0,Cesar,AGUACHICA,2.002044,A3. Mayor que 2 y menor que 3 horas,74.407316,Santander,BUCARAMANGA,6.019837,A7. Mayor que 6 y menor que 7 horas,242.804495,"Gran propiedad, latifundios",10278.70524403354,Pequeña propiedad,208.0,3,13247.092601,SI,Agropecuario,
510,Polygon,13,620,SAN CRISTOBAL,BOLIVAR,13620,13620,Caribe,1302,DIQUE BOLIVARENSE,Ciudades y aglomeraciones,-,8676,-,1. EOT,SEIS,G1_ALTO,No PDET,NO ZOMAC,Bajo,0.336315,2023,3.2.1,Mayor que 20 - hasta 30,Mayor que 20 - hasta 30,0,13620.0,Bolívar,ARJONA,1.206893,A2. Mayor que 1 y menor que 2 horas,43.860007,Bolívar,CARTAGENA DE INDIAS,1.688795,A2. Mayor que 1 y menor que 2 horas,62.909755,Pequeña propiedad,131.5098563691086,Pequeña propiedad,41.0,3,74.81756,SI,Agropecuario,
511,Polygon,13,647,SAN ESTANISLAO,BOLIVAR,13647,13647,Caribe,1302,DIQUE BOLIVARENSE,Intermedio,-,19816,-,1. EOT,SEIS,G1_ALTO,No PDET,NO ZOMAC,Bajo,0.123646,2023,3.3.1,Mayor que 40 - hasta 50,Mayor que 40 - hasta 50,0,13647.0,Bolívar,ARJONA,0.898265,A1. Menos 1 hora,32.371782,Bolívar,CARTAGENA DE INDIAS,1.36749,A2. Mayor que 1 y menor que 2 horas,50.938687,Mediana propiedad,1017.391359990993,Pequeña propiedad,51.0,3,838.028341,SI,Agropecuario,
1105,Polygon,13,650,SAN FERNANDO,BOLIVAR,13650,13650,Caribe,1301,DEPRESION MOMPOSINA,Rural disperso,-,13725,-,1. EOT,SEIS,G2_MEDIO_ALTO,No PDET,NO ZOMAC,Bajo,0.778674,2023,3.1.2,Mayor que 15 - hasta 20,Mayor que 15 - hasta 20,0,13650.0,Magdalena,EL BANCO,1.091856,A2. Mayor que 1 y menor que 2 horas,56.823968,Sucre,SINCELEJO,3.426563,A4. Mayor que 3 y menor que 4 horas,168.445202,Pequeña propiedad,741.782125204378,Pequeña propiedad,269.0,2,830.811928,SI,Agropecuario,
512,Polygon,13,654,SAN JACINTO,BOLIVAR,13654,13654,Caribe,1306,MONTES DE MARIA,Rural,-,25702,-,1. EOT,SEIS,G2_MEDIO_ALTO,PDET Montes de María, ZOMAC,Medio,0.636238,2023,3.2.1,Mayor que 20 - hasta 30,Mayor que 20 - hasta 30,0,13654.0,Bolívar,SAN JUAN NEPOMUCENO,0.379087,A1. Menos 1 hora,16.436753,Sucre,SINCELEJO,1.939724,A2. Mayor que 1 y menor que 2 horas,87.421739,Mediana propiedad,1715.291980545835,Pequeña propiedad,132.0,2,2162.243588,SI,Agropecuario,
513,Polygon,13,655,SAN JACINTO DEL CAUCA,BOLIVAR,13655,13655,Caribe,1305,MOJANA BOLIVARENSE,Rural disperso,-,11024,-,1. EOT,SEIS,G4_MEDIO_BAJO,No PDET,NO ZOMAC,Medio Bajo,0.750958,2023,3.1.1,Mayor que 10 - hasta 15,Mayor que 10 - hasta 15,0,13655.0,Sucre,SAN MARCOS,2.605889,A3. Mayor que 2 y menor que 3 horas,88.073211,Córdoba,MONTERÍA,4.863052,A5. Mayor que 4 y menor que 5 horas,211.920642,Mediana propiedad,11601.93241536915,Pequeña propiedad,565.0,3,11481.794936,SI,Agropecuario,
514,Polygon,13,657,SAN JUAN NEPOMUCENO,BOLIVAR,13657,13657,Caribe,1306,MONTES DE MARIA,Intermedio,-,40020,-,2. PBOT,SEIS,G4_MEDIO_BAJO,PDET Montes de María, ZOMAC,Medio Bajo,0.597214,2023,3.2.1,Mayor que 20 - hasta 30,Mayor que 20 - hasta 30,0,13657.0,Bolívar,SAN JUAN NEPOMUCENO,0.0,A1. Menos 1 hora,0.0,Bolívar,CARTAGENA DE INDIAS,1.964854,A2. Mayor que 1 y menor que 2 horas,85.766104,Mediana propiedad,2171.560039161044,Pequeña propiedad,93.0,2,1269.073514,SI,Agropecuario,
515,Polygon,13,667,SAN MARTIN DE LOBA,BOLIVAR,13667,13667,Caribe,1303,LOBA,Rural,-,15943,-,1. EOT,SEIS,G2_MEDIO_ALTO,No PDET,NO ZOMAC,Medio Bajo,0.797403,2023,2.2.2,Mayor que 8 - hasta 10,Mayor que 8 - hasta 10,0,13667.0,Magdalena,EL BANCO,1.28217,A2. Mayor que 1 y menor que 2 horas,38.978889,Sucre,SINCELEJO,4.932823,A5. Mayor que 4 y menor que 5 horas,230.693434,Mediana propiedad,103.1438848770261,Pequeña propiedad,11.0,2,164.758991,SI,Agropecuario,
516,Polygon,13,670,SAN PABLO,BOLIVAR,13670,13670,Caribe,1304,MAGDALENA MEDIO BOLIVARENSE,Intermedio,-,29547,-,1. EOT,SEIS,G3_MEDIO,PDET Sur de Bolívar, ZOMAC,Alto,0.605893,2023,2.2.1,Mayor que 5 - hasta 8,Mayor que 5 - hasta 8,0,13670.0,Santander,BARRANCABERMEJA,2.335988,A3. Mayor que 2 y menor que 3 horas,71.755339,Santander,BUCARAMANGA,4.759388,A5. Mayor que 4 y menor que 5 horas,159.297684,Mediana propiedad,26692.58020022975,Mediana propiedad,444.0,3,34633.454074,SI,Agropecuario,
517,Polygon,13,673,SANTA CATALINA,BOLIVAR,13673,13673,Caribe,1302,DIQUE BOLIVARENSE,Intermedio,-,15889,-,1. EOT,SEIS,G1_ALTO,No PDET,NO ZOMAC,Bajo,0.788114,2023,3.2.2,Mayor que 30 - hasta 40,Mayor que 30 - hasta 40,0,13673.0,Bolívar,TURBACO,0.907666,A1. Menos 1 hora,43.973001,Bolívar,CARTAGENA DE INDIAS,0.925852,A1. Menos 1 hora,43.855844,Mediana propiedad,2792.430827721018,Pequeña propiedad,166.0,2,2754.609915,SI,Agropecuario,
518,Polygon,13,683,SANTA ROSA,BOLIVAR,13683,13683,Caribe,1302,DIQUE BOLIVARENSE,Ciudades y aglomeraciones,-,22736,-,1. EOT,SEIS,G4_MEDIO_BAJO,No PDET,NO ZOMAC,Medio Alto,0.845953,2023,3.3.1,Mayor que 40 - hasta 50,Mayor que 40 - hasta 50,0,13683.0,Bolívar,TURBACO,0.497693,A1. Menos 1 hora,22.420815,Bolívar,CARTAGENA DE INDIAS,0.515879,A1. Menos 1 hora,22.303658,Mediana propiedad,400.8632293044145,Pequeña propiedad,57.0,3,555.890042,SI,Agropecuario,
519,Polygon,13,688,SANTA ROSA DEL SUR,BOLIVAR,13688,13688,Caribe,1304,MAGDALENA MEDIO BOLIVARENSE,Rural,-,35854,-,2. PBOT,SEIS,G2_MEDIO_ALTO,PDET Sur de Bolívar, ZOMAC,Medio Alto,0.638636,2023,2.2.2,Mayor que 8 - hasta 10,Mayor que 8 - hasta 10,0,13688.0,Santander,BARRANCABERMEJA,4.57171,A5. Mayor que 4 y menor que 5 horas,152.013117,Santander,BUCARAMANGA,6.99511,A7. Mayor que 6 y menor que 7 horas,239.555462,Mediana propiedad,871.5117878479693,Pequeña propiedad,140.0,3,687.507803,SI,Agropecuario,
520,Polygon,13,744,SIMITI,BOLIVAR,13744,13744,Caribe,1304,MAGDALENA MEDIO BOLIVARENSE,Rural,-,19902,-,1. EOT,SEIS,G5_BAJO,PDET Sur de Bolívar, ZOMAC,Medio Alto,0.598372,2023,2.2.2,Mayor que 8 - hasta 10,Mayor que 8 - hasta 10,0,13744.0,Santander,BARRANCABERMEJA,4.140677,A5. Mayor que 4 y menor que 5 horas,139.676364,Santander,BUCARAMANGA,6.564077,A7. Mayor que 6 y menor que 7 horas,227.218708,Mediana propiedad,18001.77393340226,Mediana propiedad,380.0,3,18230.009688,SI,Agropecuario,
521,Polygon,13,760,SOPLAVIENTO,BOLIVAR,13760,13760,Caribe,1302,DIQUE BOLIVARENSE,Intermedio,-,11585,-,1. EOT,SEIS,G2_MEDIO_ALTO,No PDET,NO ZOMAC,Bajo,0.787611,2023,3.2.1,Mayor que 20 - hasta 30,Mayor que 20 - hasta 30,0,13760.0,Bolívar,ARJONA,0.954453,A1. Menos 1 hora,34.244574,Bolívar,CARTAGENA DE INDIAS,1.436355,A2. Mayor que 1 y menor que 2 horas,53.294322,Pequeña propiedad,186.5842641602551,Pequeña propiedad,34.0,3,190.774194,SI,Agropecuario,
522,Polygon,13,780,TALAIGUA NUEVO,BOLIVAR,13780,13780,Caribe,1301,DEPRESION MOMPOSINA,Rural,-,13906,-,1. EOT,SEIS,G4_MEDIO_BAJO,No PDET,NO ZOMAC,Bajo,0.606811,2023,2.2.2,Mayor que 8 - hasta 10,Mayor que 8 - hasta 10,0,13780.0,Bolívar,MAGANGUÉ,0.686681,A1. Menos 1 hora,35.229141,Sucre,SINCELEJO,2.660862,A3. Mayor que 2 y menor que 3 horas,127.106515,Pequeña propiedad,1421.727558178785,Pequeña propiedad,379.0,3,747.702293,SI,Agropecuario,
523,Polygon,13,810,TIQUISIO,BOLIVAR,13810,13810,Caribe,1305,MOJANA BOLIVARENSE,Rural disperso,-,19500,-,1. EOT,SEIS,G1_ALTO,No PDET, ZOMAC,Medio Alto,0.790045,2023,2.2.1,Mayor que 5 - hasta 8,Mayor que 5 - hasta 8,0,13810.0,Magdalena,EL BANCO,3.03972,A4. Mayor que 3 y menor que 4 horas,106.17443,Sucre,SINCELEJO,6.690374,A7. Mayor que 6 y menor que 7 horas,297.888975,Mediana propiedad,1181.801760551046,Mediana propiedad,37.0,2,594.333826,SI,Agropecuario,
524,Polygon,13,836,TURBACO,BOLIVAR,13836,13836,Caribe,1302,DIQUE BOLIVARENSE,Ciudades y aglomeraciones,-,114716,-,3. POT,CINCO,G5_BAJO,No PDET,NO ZOMAC,Medio Bajo,0.403821,2023,4.2.1,Mayor que 80 - hasta 100,Mayor que 80 - hasta 100,0,13836.0,Bolívar,TURBACO,0.0,A1. Menos 1 hora,0.0,Bolívar,CARTAGENA DE INDIAS,0.35683,A1. Menos 1 hora,12.992388,Mediana propiedad,1943.649570103705,Pequeña propiedad,605.0,3,2810.053834,SI,Agropecuario,
525,Polygon,13,838,TURBANA,BOLIVAR,13838,13838,Caribe,1302,DIQUE BOLIVARENSE,Ciudades y aglomeraciones,-,17776,-,1. EOT,SEIS,G1_ALTO,No PDET,NO ZOMAC,Medio Bajo,0.332625,2023,3.2.2,Mayor que 30 - hasta 40,Mayor que 30 - hasta 40,0,13838.0,Bolívar,TURBACO,0.402333,A1. Menos 1 hora,8.798276,Bolívar,CARTAGENA DE INDIAS,0.593922,A1. Menos 1 hora,24.020815,Mediana propiedad,2750.54763997004,Mediana propiedad,60.0,2,2876.1885,SI,Agropecuario,
526,Polygon,13,873,VILLANUEVA,BOLIVAR,13873,13873,Caribe,1302,DIQUE BOLIVARENSE,Ciudades y aglomeraciones,-,25795,-,1. EOT,SEIS,C_CIUDADES,No PDET,NO ZOMAC,Medio Bajo,0.526786,2023,4.2.1,Mayor que 80 - hasta 100,Mayor que 80 - hasta 100,0,13873.0,Bolívar,TURBACO,0.828872,A1. Menos 1 hora,34.960512,Bolívar,CARTAGENA DE INDIAS,0.847058,A1. Menos 1 hora,34.843355,Mediana propiedad,444.7493915494457,Pequeña propiedad,123.0,2,513.817651,SI,Agropecuario,
527,Polygon,13,894,ZAMBRANO,BOLIVAR,13894,13894,Caribe,1306,MONTES DE MARIA,Rural,-,12795,-,1. EOT,SEIS,G2_MEDIO_ALTO,PDET Montes de María, ZOMAC,Medio,0.483709,2023,3.1.1,Mayor que 10 - hasta 15,Mayor que 10 - hasta 15,0,13894.0,Magdalena,PLATO,0.298245,A1. Menos 1 hora,10.156854,Sucre,SINCELEJO,2.370974,A3. Mayor que 2 y menor que 3 horas,110.004076,"Gran propiedad, latifundios",1851.751936071104,"Gran propiedad, latifundios",9.0,2,1072.96216,SI,Agropecuario,
633,Polygon,15,1,TUNJA,BOYACA,15001,15001,Andina,1501,CENTRO,Ciudades y aglomeraciones,si,185469,-,3. POT,UNO,G2_MEDIO_ALTO,No PDET,NO ZOMAC,Bajo,0.564058,-,-,Irradiado_Mayor que 180 - hasta 200,Mayor que 180 - hasta 200,1,15001.0,Boyacá,TUNJA,0.0,A1. Menos 1 hora,0.0,Boyacá,TUNJA,0.0,A1. Menos 1 hora,0.0,Pequeña propiedad,6605.6283558076975,Pequeña propiedad,3871.0,3,5500.827885,SI,-,
634,Polygon,15,22,ALMEIDA,BOYACA,15022,15022,Andina,1509,ORIENTE,Rural disperso,-,2030,-,1. EOT,SEIS,G3_MEDIO,No PDET,NO ZOMAC,Bajo,0.70216,-,-,Irradiado_Mayor que 20 - hasta 30,Mayor que 20 - hasta 30,1,15022.0,Cundinamarca,TOCANCIPÁ,2.629908,A3. Mayor que 2 y menor que 3 horas,86.561941,Cundinamarca,BOGOTÁ,3.576883,A4. Mayor que 3 y menor que 4 horas,135.982251,Pequeña propiedad,4407.420134500774,Pequeña propiedad,1813.0,3,4021.406541,SI,-,
635,Polygon,15,47,AQUITANIA,BOYACA,15047,15047,Andina,1511,SUGAMUXI,Rural,-,16319,-,1. EOT,SEIS,G4_MEDIO_BAJO,No PDET,NO ZOMAC,Bajo,0.892185,2021,5.2.2,Mayor que 200 - hasta 250,Mayor que 200 - hasta 250,0,15047.0,Boyacá,SOGAMOSO,1.107994,A2. Mayor que 1 y menor que 2 horas,30.529141,Boyacá,TUNJA,2.646918,A3. Mayor que 2 y menor que 3 horas,100.375649,Pequeña propiedad,289.8213828568249,Pequeña propiedad,563.0,4,230.658684,SI,Agropecuario,
636,Polygon,15,51,ARCABUCO,BOYACA,15051,15051,Andina,1510,RICAURTE,Rural,-,6265,-,1. EOT,SEIS,G5_BAJO,No PDET,NO ZOMAC,Bajo,0.526896,-,-,Irradiado_Mayor que 30 - hasta 40,Mayor que 30 - hasta 40,1,15051.0,Boyacá,TUNJA,1.003851,A2. Mayor que 1 y menor que 2 horas,34.346299,Boyacá,TUNJA,0.98612,A1. Menos 1 hora,33.946299,Pequeña propiedad,7088.003142459293,Pequeña propiedad,2444.0,3,3965.709336,SI,-,
637,Polygon,15,87,BELEN,BOYACA,15087,15087,Andina,1512,TUNDAMA,Rural,-,7914,-,1. EOT,SEIS,G2_MEDIO_ALTO,No PDET,NO ZOMAC,Bajo,0.670475,-,-,Irradiado_Mayor que 80 - hasta 100,Mayor que 80 - hasta 100,1,15087.0,Boyacá,DUITAMA,0.712556,A1. Menos 1 hora,26.063456,Boyacá,TUNJA,1.906517,A2. Mayor que 1 y menor que 2 horas,81.273211,Pequeña propiedad,8567.676345515329,Pequeña propiedad,4760.0,4,4806.252134,SI,-,
638,Polygon,15,90,BERBEO,BOYACA,15090,15090,Andina,1504,LENGUPA,Rural disperso,-,1664,-,1. EOT,SEIS,G5_BAJO,No PDET,NO ZOMAC,Bajo,0.500493,-,-,Irradiado_Mayor que 30 - hasta 40,Mayor que 30 - hasta 40,1,15090.0,Boyacá,TUNJA,2.618665,A3. Mayor que 2 y menor que 3 horas,63.679603,Boyacá,TUNJA,2.625804,A3. Mayor que 2 y menor que 3 horas,64.021024,Pequeña propiedad,3385.5248737600396,Pequeña propiedad,955.0,4,3922.756506,SI,-,
639,Polygon,15,92,BETEITIVA,BOYACA,15092,15092,Andina,1513,VALDERRAMA,Rural disperso,-,2047,-,1. EOT,SEIS,G3_MEDIO,No PDET,NO ZOMAC,Bajo,0.635264,-,-,Irradiado_Mayor que 60 - hasta 70,Mayor que 60 - hasta 70,1,15092.0,Boyacá,SOGAMOSO,1.192144,A2. Mayor que 1 y menor que 2 horas,31.701934,Boyacá,TUNJA,2.622209,A3. Mayor que 2 y menor que 3 horas,100.217071,Pequeña propiedad,6672.7614065777325,Pequeña propiedad,3126.0,4,5783.972496,SI,-,
640,Polygon,15,97,BOAVITA,BOYACA,15097,15097,Andina,1507,NORTE,Rural,-,5368,-,1. EOT,SEIS,G5_BAJO,No PDET,NO ZOMAC,Bajo,0.748397,-,-,Irradiado_Mayor que 40 - hasta 50,Mayor que 40 - hasta 50,1,15097.0,Boyacá,DUITAMA,3.418231,A4. Mayor que 3 y menor que 4 horas,102.609964,Boyacá,TUNJA,4.612192,A5. Mayor que 4 y menor que 5 horas,157.819718,Pequeña propiedad,9299.95151175297,Pequeña propiedad,3722.0,4,6959.797675,SI,-,
641,Polygon,15,104,BOYACA,BOYACA,15104,15104,Andina,1505,MARQUEZ,Rural,-,5392,-,1. EOT,SEIS,G4_MEDIO_BAJO,No PDET,NO ZOMAC,Bajo,0.291761,-,-,Irradiado_Mayor que 100 - hasta 120,Mayor que 100 - hasta 120,1,15104.0,Boyacá,TUNJA,0.536882,A1. Menos 1 hora,15.192388,Boyacá,TUNJA,0.54402,A1. Menos 1 hora,15.53381,Pequeña propiedad,4565.323811923608,Pequeña propiedad,5153.0,4,2720.0202,SI,-,
642,Polygon,15,106,BRICEÑO,BOYACA,15106,15106,Andina,1508,OCCIDENTE,Rural,-,2297,-,1. EOT,SEIS,G4_MEDIO_BAJO,No PDET,NO ZOMAC,Bajo,0.7855,-,-,Irradiado_Mayor que 30 - hasta 40,Mayor que 30 - hasta 40,1,15106.0,Boyacá,CHIQUINQUIRÁ,1.191578,A2. Mayor que 1 y menor que 2 horas,32.940411,Boyacá,TUNJA,3.199226,A4. Mayor que 3 y menor que 4 horas,104.862655,Pequeña propiedad,5495.57408037089,Pequeña propiedad,1517.0,4,3899.418885,SI,-,
643,Polygon,15,109,BUENAVISTA,BOYACA,15109,15109,Andina,1508,OCCIDENTE,Rural,-,4626,-,1. EOT,SEIS,G4_MEDIO_BAJO,No PDET,NO ZOMAC,Bajo,0.659937,-,-,Irradiado_Mayor que 50 - hasta 60,Mayor que 50 - hasta 60,1,15109.0,Boyacá,CHIQUINQUIRÁ,0.806847,A1. Menos 1 hora,23.5664,Boyacá,TUNJA,2.814495,A3. Mayor que 2 y menor que 3 horas,95.488644,Pequeña propiedad,9021.995345816687,Pequeña propiedad,2775.0,4,7708.456923,SI,-,
644,Polygon,15,114,BUSBANZA,BOYACA,15114,15114,Andina,1512,TUNDAMA,Rural,-,1202,-,1. EOT,SEIS,G3_MEDIO,No PDET,NO ZOMAC,Bajo,0.858065,-,-,Irradiado_Mayor que 60 - hasta 70,Mayor que 60 - hasta 70,1,15114.0,Boyacá,SOGAMOSO,0.831678,A1. Menos 1 hora,24.503658,Boyacá,TUNJA,2.029586,A3. Mayor que 2 y menor que 3 horas,79.658997,Pequeña propiedad,1964.0219826572552,Pequeña propiedad,741.0,4,1812.32335,SI,-,
645,Polygon,15,131,CALDAS,BOYACA,15131,15131,Andina,1508,OCCIDENTE,Rural disperso,-,3296,-,1. EOT,SEIS,G2_MEDIO_ALTO,No PDET,NO ZOMAC,Bajo,0.71306,-,-,Irradiado_Mayor que 50 - hasta 60,Mayor que 50 - hasta 60,1,15131.0,Boyacá,CHIQUINQUIRÁ,0.349782,A1. Menos 1 hora,10.556854,Boyacá,TUNJA,2.357431,A3. Mayor que 2 y menor que 3 horas,82.479098,Pequeña propiedad,7404.38044997144,Pequeña propiedad,3012.0,3,7036.679054,SI,-,
646,Polygon,15,135,CAMPOHERMOSO,BOYACA,15135,15135,Andina,1504,LENGUPA,Rural disperso,-,3259,-,1. EOT,SEIS,G3_MEDIO,No PDET,NO ZOMAC,Bajo,0.51648,-,-,Irradiado_Mayor que 20 - hasta 30,Mayor que 20 - hasta 30,1,15135.0,Casanare,VILLANUEVA,2.525746,A3. Mayor que 2 y menor que 3 horas,77.413413,Boyacá,TUNJA,3.79439,A4. Mayor que 3 y menor que 4 horas,97.420014,Pequeña propiedad,16169.892846145878,Pequeña propiedad,2626.0,4,26231.638646,SI,-,
647,Polygon,15,162,CERINZA,BOYACA,15162,15162,Andina,1512,TUNDAMA,Intermedio,-,3912,-,1. EOT,SEIS,G3_MEDIO,No PDET,NO ZOMAC,Bajo,0.708296,-,-,Irradiado_Mayor que 80 - hasta 100,Mayor que 80 - hasta 100,1,15162.0,Boyacá,DUITAMA,0.60503,A1. Menos 1 hora,20.430866,Boyacá,TUNJA,1.79899,A2. Mayor que 1 y menor que 2 horas,75.64062,Pequeña propiedad,3520.3111048804085,Pequeña propiedad,3789.0,2,1647.42214,SI,-,
648,Polygon,15,172,CHINAVITA,BOYACA,15172,15172,Andina,1506,NEIRA,Rural,-,3373,-,1. EOT,SEIS,G4_MEDIO_BAJO,No PDET,NO ZOMAC,Bajo,0.525753,2015,3.3.1,Irradiado_Mayor que 50 - hasta 60,Mayor que 50 - hasta 60,1,15172.0,Boyacá,TUNJA,2.332338,A3. Mayor que 2 y menor que 3 horas,54.181328,Boyacá,TUNJA,2.339477,A3. Mayor que 2 y menor que 3 horas,54.522749,Pequeña propiedad,74.48436750460135,Pequeña propiedad,103.0,4,71.431284,SI,Agropecuario,
649,Polygon,15,176,CHIQUINQUIRA,BOYACA,15176,15176,Andina,1508,OCCIDENTE,Intermedio,-,60138,-,2. PBOT,CINCO,G1_ALTO,No PDET,NO ZOMAC,Bajo,0.442835,-,-,Irradiado_Mayor que 160 - hasta 180,Mayor que 160 - hasta 180,1,15176.0,Boyacá,CHIQUINQUIRÁ,0.0,A1. Menos 1 hora,0.0,Boyacá,TUNJA,2.044105,A3. Mayor que 2 y menor que 3 horas,72.122244,Pequeña propiedad,13062.16954833164,Pequeña propiedad,6873.0,3,7315.991412,SI,-,
753,Polygon,15,180,CHISCAS,BOYACA,15180,15180,Andina,1502,GUTIERREZ,Rural disperso,-,4155,-,1. EOT,SEIS,G5_BAJO,No PDET,NO ZOMAC,Bajo,0.784193,-,-,Irradiado_Mayor que 15 - hasta 20,Mayor que 15 - hasta 20,1,15180.0,Boyacá,DUITAMA,5.809305, ,134.826111,Boyacá,TUNJA,7.003266,A8. Mayor que 8 horas,190.035866,Pequeña propiedad,2334.034346159238,Pequeña propiedad,1695.0,4,2308.982381,SI,-,
650,Polygon,15,183,CHITA,BOYACA,15183,15183,Andina,1513,VALDERRAMA,Rural disperso,-,8317,-,1. EOT,SEIS,G1_ALTO,No PDET,NO ZOMAC,Bajo,0.55848,-,-,Irradiado_Mayor que 20 - hasta 30,Mayor que 20 - hasta 30,1,15183.0,Boyacá,DUITAMA,4.764046,A5. Mayor que 4 y menor que 5 horas,114.108239,Boyacá,TUNJA,5.958007,A6. Mayor que 5 y menor que 6 horas,169.317994,Pequeña propiedad,5637.519689395079,Pequeña propiedad,6356.0,4,11694.123802,SI,-,
651,Polygon,15,185,CHITARAQUE,BOYACA,15185,15185,Andina,1510,RICAURTE,Rural disperso,-,6185,-,1. EOT,SEIS,G2_MEDIO_ALTO,No PDET,NO ZOMAC,Bajo,0.640089,-,-,Irradiado_Mayor que 60 - hasta 70,Mayor que 60 - hasta 70,1,15185.0,Santander,BARBOSA,0.982691,A1. Menos 1 hora,34.864675,Boyacá,TUNJA,3.434699,A4. Mayor que 3 y menor que 4 horas,83.510469,Pequeña propiedad,8739.433380642267,Pequeña propiedad,2379.0,4,9247.299341,SI,-,
652,Polygon,15,187,CHIVATA,BOYACA,15187,15187,Andina,1501,CENTRO,Intermedio,-,2960,-,1. EOT,SEIS,G5_BAJO,No PDET,NO ZOMAC,Bajo,0.35472,-,-,Irradiado_Mayor que 120 - hasta 140,Mayor que 120 - hasta 140,1,15187.0,Boyacá,TUNJA,0.464732,A1. Menos 1 hora,12.071068,Boyacá,TUNJA,0.447323,A1. Menos 1 hora,11.588225,Pequeña propiedad,4117.9802521545425,Pequeña propiedad,2265.0,4,2286.157873,SI,-,
653,Polygon,15,189,CIENEGA,BOYACA,15189,15189,Andina,1505,MARQUEZ,Rural,-,4894,-,1. EOT,SEIS,G1_ALTO,No PDET,NO ZOMAC,Bajo,0.633945,-,-,Irradiado_Mayor que 80 - hasta 100,Mayor que 80 - hasta 100,1,15189.0,Boyacá,TUNJA,0.98941,A1. Menos 1 hora,25.922035,Boyacá,TUNJA,0.996549,A1. Menos 1 hora,26.263456,Pequeña propiedad,4168.644623375574,Pequeña propiedad,5049.0,3,2748.039625,SI,-,
654,Polygon,15,204,COMBITA,BOYACA,15204,15204,Andina,1501,CENTRO,Intermedio,-,13896,-,1. EOT,SEIS,G5_BAJO,No PDET,NO ZOMAC,Bajo,0.224851,-,-,Irradiado_Mayor que 100 - hasta 120,Mayor que 100 - hasta 120,1,15204.0,Boyacá,TUNJA,0.397445,A1. Menos 1 hora,14.009545,Boyacá,TUNJA,0.379713,A1. Menos 1 hora,13.609545,Pequeña propiedad,10712.53170648523,Pequeña propiedad,7333.0,3,9389.38008,SI,-,
655,Polygon,15,212,COPER,BOYACA,15212,15212,Andina,1508,OCCIDENTE,Rural disperso,-,3798,-,1. EOT,SEIS,G2_MEDIO_ALTO,No PDET,NO ZOMAC,Bajo,0.633842,-,-,Irradiado_Mayor que 50 - hasta 60,Mayor que 50 - hasta 60,1,15212.0,Boyacá,CHIQUINQUIRÁ,1.690256,A2. Mayor que 1 y menor que 2 horas,39.575945,Boyacá,TUNJA,3.697905,A4. Mayor que 3 y menor que 4 horas,111.498189,Pequeña propiedad,7025.472633577539,Pequeña propiedad,1875.0,4,8990.491637,SI,-,
656,Polygon,15,215,CORRALES,BOYACA,15215,15215,Andina,1512,TUNDAMA,Rural,-,2662,-,1. EOT,SEIS,G3_MEDIO,No PDET,NO ZOMAC,Bajo,0.753093,-,-,Irradiado_Mayor que 70 - hasta 80,Mayor que 70 - hasta 80,1,15215.0,Boyacá,SOGAMOSO,0.657505,A1. Menos 1 hora,19.099495,Boyacá,TUNJA,2.08757,A3. Mayor que 2 y menor que 3 horas,87.614632,Pequeña propiedad,4289.050906849541,Pequeña propiedad,1569.0,5,2842.744826,SI,-,
673,Polygon,15,218,COVARACHIA,BOYACA,15218,15218,Andina,1507,NORTE,Rural disperso,-,2904,-,1. EOT,SEIS,G5_BAJO,No PDET,NO ZOMAC,Bajo,0.72438,-,-,Irradiado_Mayor que 30 - hasta 40,Mayor que 30 - hasta 40,1,15218.0,Boyacá,DUITAMA,4.249396,A5. Mayor que 4 y menor que 5 horas,126.327835,Santander,BUCARAMANGA,5.400383,A6. Mayor que 5 y menor que 6 horas,149.72855,Pequeña propiedad,4926.625845112781,Pequeña propiedad,1323.0,4,5636.910433,SI,-,
754,Polygon,15,223,CUBARA,BOYACA,15223,15223,Andina,1502,GUTIERREZ,Rural disperso,-,11175,-,1. EOT,SEIS,G5_BAJO,No PDET,NO ZOMAC,Medio Alto,0.333969,-,-,Irradiado_Mayor que 15 - hasta 20,Mayor que 15 - hasta 20,1,15223.0,Arauca,SARAVENA,1.029959,A2. Mayor que 1 y menor que 2 horas,36.711984,Arauca,ARAUCA,5.439329,A6. Mayor que 5 y menor que 6 horas,251.126529,Mediana propiedad,2797.5317238960142,Pequeña propiedad,140.0,2,3669.87881,SI,-,
674,Polygon,15,224,CUCAITA,BOYACA,15224,15224,Andina,1501,CENTRO,Intermedio,-,3980,-,1. EOT,SEIS,G5_BAJO,No PDET,NO ZOMAC,Bajo,0.361162,-,-,Irradiado_Mayor que 70 - hasta 80,Mayor que 70 - hasta 80,1,15224.0,Boyacá,TUNJA,0.711164,A1. Menos 1 hora,14.861017,Boyacá,TUNJA,0.693432,A1. Menos 1 hora,14.461017,Pequeña propiedad,2671.9191936367183,Pequeña propiedad,1570.0,3,1920.395733,SI,-,
675,Polygon,15,226,CUITIVA,BOYACA,15226,15226,Andina,1511,SUGAMUXI,Rural disperso,-,1899,-,1. EOT,SEIS,G1_ALTO,No PDET,NO ZOMAC,Bajo,0.818752,2021,5.2.3,Mayor que 250 - hasta 300,Mayor que 250 - hasta 300,0,15226.0,Boyacá,SOGAMOSO,0.709761,A1. Menos 1 hora,21.317872,Boyacá,TUNJA,2.248684,A3. Mayor que 2 y menor que 3 horas,91.164379,Pequeña propiedad,6.798709106063546,Pequeña propiedad,21.0,3,6.043165,SI,Agropecuario,
676,Polygon,15,232,CHIQUIZA,BOYACA,15232,15232,Andina,1501,CENTRO,Rural disperso,-,4971,-,1. EOT,SEIS,G5_BAJO,No PDET,NO ZOMAC,Bajo,0.291009,-,-,Irradiado_Mayor que 70 - hasta 80,Mayor que 70 - hasta 80,1,15232.0,Boyacá,TUNJA,1.056781,A2. Mayor que 1 y menor que 2 horas,22.75513,Boyacá,TUNJA,1.03905,A2. Mayor que 1 y menor que 2 horas,22.35513,Pequeña propiedad,3895.4088623146317,Pequeña propiedad,1602.0,4,3648.420767,SI,-,
677,Polygon,15,236,CHIVOR,BOYACA,15236,15236,Andina,1509,ORIENTE,Rural disperso,-,2640,-,1. EOT,SEIS,G1_ALTO,No PDET, ZOMAC,Medio Bajo,0.510769,-,-,Irradiado_Mayor que 40 - hasta 50,Mayor que 40 - hasta 50,1,15236.0,Casanare,VILLANUEVA,2.70601,A3. Mayor que 2 y menor que 3 horas,86.834733,Cundinamarca,BOGOTÁ,4.658273,A5. Mayor que 4 y menor que 5 horas,162.952814,Pequeña propiedad,4953.789564717421,Pequeña propiedad,1099.0,4,5910.126911,SI,-,
678,Polygon,15,238,DUITAMA,BOYACA,15238,15238,Andina,1512,TUNDAMA,Ciudades y aglomeraciones,-,131591,-,3. POT,TRES,G5_BAJO,No PDET,NO ZOMAC,Bajo,0.562984,-,-,Irradiado_Mayor que 200 - hasta 250,Mayor que 200 - hasta 250,1,15238.0,Boyacá,DUITAMA,0.0,A1. Menos 1 hora,0.0,Boyacá,TUNJA,1.332827,A2. Mayor que 1 y menor que 2 horas,56.399704,Pequeña propiedad,6987.896508590764,Pequeña propiedad,6732.0,4,2668.880341,SI,-,
679,Polygon,15,244,EL COCUY,BOYACA,15244,15244,Andina,1502,GUTIERREZ,Rural,-,4377,-,1. EOT,SEIS,G5_BAJO,No PDET,NO ZOMAC,Bajo,0.691534,-,-,Irradiado_Mayor que 15 - hasta 20,Mayor que 15 - hasta 20,1,15244.0,Boyacá,DUITAMA,5.785424, ,133.69474,Boyacá,TUNJA,6.979384,A7. Mayor que 6 y menor que 7 horas,188.904495,Pequeña propiedad,147.76766215656727,Pequeña propiedad,63.0,5,163.381793,SI,-,
680,Polygon,15,248,EL ESPINO,BOYACA,15248,15248,Andina,1502,GUTIERREZ,Intermedio,-,3217,-,1. EOT,SEIS,G5_BAJO,No PDET,NO ZOMAC,Bajo,0.66571,-,-,Irradiado_Mayor que 20 - hasta 30,Mayor que 20 - hasta 30,1,15248.0,Boyacá,DUITAMA,5.032666, ,130.721948,Boyacá,TUNJA,6.226626,A7. Mayor que 6 y menor que 7 horas,185.931703,Pequeña propiedad,2705.6334341316165,Pequeña propiedad,1532.0,5,1644.046918,SI,-,
681,Polygon,15,272,FIRAVITOBA,BOYACA,15272,15272,Andina,1511,SUGAMUXI,Intermedio,-,7109,-,1. EOT,SEIS,G1_ALTO,No PDET,NO ZOMAC,Bajo,0.570689,-,-,Irradiado_Mayor que 160 - hasta 180,Mayor que 160 - hasta 180,1,15272.0,Boyacá,SOGAMOSO,0.348757,A1. Menos 1 hora,12.026703,Boyacá,TUNJA,1.887681,A2. Mayor que 1 y menor que 2 horas,81.873211,Pequeña propiedad,8751.719611127963,Pequeña propiedad,7573.0,4,6066.395533,SI,-,
682,Polygon,15,276,FLORESTA,BOYACA,15276,15276,Andina,1512,TUNDAMA,Rural,-,3422,-,1. EOT,SEIS,G5_BAJO,No PDET,NO ZOMAC,Bajo,0.778434,-,-,Irradiado_Mayor que 70 - hasta 80,Mayor que 70 - hasta 80,1,15276.0,Boyacá,DUITAMA,0.648372,A1. Menos 1 hora,18.675231,Boyacá,TUNJA,1.842333,A2. Mayor que 1 y menor que 2 horas,73.884986,Pequeña propiedad,6979.769742127142,Pequeña propiedad,3736.0,4,4185.877955,SI,-,
683,Polygon,15,293,GACHANTIVA,BOYACA,15293,15293,Andina,1510,RICAURTE,Rural disperso,-,2939,-,1. EOT,SEIS,G4_MEDIO_BAJO,No PDET,NO ZOMAC,Bajo,0.665777,-,-,Irradiado_Mayor que 40 - hasta 50,Mayor que 40 - hasta 50,1,15293.0,Santander,BARBOSA,0.930334,A1. Menos 1 hora,28.704877,Boyacá,TUNJA,1.676922,A2. Mayor que 1 y menor que 2 horas,49.887215,Pequeña propiedad,5785.529379227592,Pequeña propiedad,2210.0,3,4369.55681,SI,-,
684,Polygon,15,296,GAMEZA,BOYACA,15296,15296,Andina,1511,SUGAMUXI,Rural,-,5112,-,1. EOT,SEIS,G2_MEDIO_ALTO,No PDET,NO ZOMAC,Bajo,0.850918,-,-,Irradiado_Mayor que 70 - hasta 80,Mayor que 70 - hasta 80,1,15296.0,Boyacá,SOGAMOSO,0.746887,A1. Menos 1 hora,18.548023,Boyacá,TUNJA,2.176953,A3. Mayor que 2 y menor que 3 horas,87.06316,Pequeña propiedad,2856.4273397147786,Pequeña propiedad,3676.0,4,1365.019791,SI,-,
685,Polygon,15,299,GARAGOA,BOYACA,15299,15299,Andina,1506,NEIRA,Intermedio,-,19208,-,1. EOT,SEIS,G2_MEDIO_ALTO,No PDET,NO ZOMAC,Bajo,0.417629,2015,3.3.1,Irradiado_Mayor que 80 - hasta 100,Mayor que 80 - hasta 100,1,15299.0,Cundinamarca,TOCANCIPÁ,2.568505,A3. Mayor que 2 y menor que 3 horas,78.792092,Boyacá,TUNJA,2.904564,A3. Mayor que 2 y menor que 3 horas,65.672496,Pequeña propiedad,3984.987119415753,Pequeña propiedad,4301.0,4,3068.292924,SI,Agropecuario,
686,Polygon,15,317,GUACAMAYAS,BOYACA,15317,15317,Andina,1502,GUTIERREZ,Rural disperso,-,1952,-,1. EOT,SEIS,G5_BAJO,No PDET,NO ZOMAC,Bajo,0.770389,-,-,Irradiado_Mayor que 20 - hasta 30,Mayor que 20 - hasta 30,1,15317.0,Boyacá,DUITAMA,5.206269, ,131.653319,Boyacá,TUNJA,6.400231,A7. Mayor que 6 y menor que 7 horas,186.863073,Pequeña propiedad,3428.6836872662448,Pequeña propiedad,2244.0,5,1669.36382,SI,-,
687,Polygon,15,322,GUATEQUE,BOYACA,15322,15322,Andina,1509,ORIENTE,Intermedio,-,11400,-,1. EOT,SEIS,G1_ALTO,No PDET,NO ZOMAC,Bajo,0.664423,-,-,Irradiado_Mayor que 40 - hasta 50,Mayor que 40 - hasta 50,1,15322.0,Cundinamarca,TOCANCIPÁ,1.73659,A2. Mayor que 1 y menor que 2 horas,68.983766,Cundinamarca,BOGOTÁ,2.683565,A3. Mayor que 2 y menor que 3 horas,118.404076,Pequeña propiedad,3096.0440943279405,Pequeña propiedad,4584.0,4,1551.881906,SI,-,
688,Polygon,15,325,GUAYATA,BOYACA,15325,15325,Andina,1509,ORIENTE,Rural,-,3501,-,1. EOT,SEIS,G4_MEDIO_BAJO,No PDET,NO ZOMAC,Bajo,0.720676,-,-,Irradiado_Mayor que 30 - hasta 40,Mayor que 30 - hasta 40,1,15325.0,Cundinamarca,TOCANCIPÁ,2.261146,A3. Mayor que 2 y menor que 3 horas,71.339401,Cundinamarca,BOGOTÁ,3.208122,A4. Mayor que 3 y menor que 4 horas,120.759711,Pequeña propiedad,8404.683134186978,Pequeña propiedad,6346.0,3,5501.639867,SI,-,
755,Polygon,15,332,GUICAN,BOYACA,15332,15332,Andina,1502,GUTIERREZ,Rural disperso,-,4492,-,1. EOT,SEIS,G4_MEDIO_BAJO,No PDET,NO ZOMAC,Bajo,0.643267,-,-,Irradiado_Mayor que 15 - hasta 20,Mayor que 15 - hasta 20,1,15332.0,Boyacá,DUITAMA,5.880508, ,140.40601,Boyacá,TUNJA,7.074469,A8. Mayor que 8 horas,195.615765,Pequeña propiedad,269.20984081802374,Pequeña propiedad,166.0,5,170.660653,SI,-,
689,Polygon,15,362,IZA,BOYACA,15362,15362,Andina,1511,SUGAMUXI,Intermedio,-,2078,-,1. EOT,SEIS,G2_MEDIO_ALTO,No PDET,NO ZOMAC,Bajo,0.604603,-,-,Irradiado_Mayor que 160 - hasta 180,Mayor que 160 - hasta 180,1,15362.0,Boyacá,SOGAMOSO,0.502528,A1. Menos 1 hora,16.979394,Boyacá,TUNJA,2.041452,A3. Mayor que 2 y menor que 3 horas,86.825902,Pequeña propiedad,2643.495305140389,Pequeña propiedad,1704.0,2,583.15406,SI,-,
690,Polygon,15,367,JENESANO,BOYACA,15367,15367,Andina,1505,MARQUEZ,Intermedio,-,7666,-,1. EOT,SEIS,G1_ALTO,No PDET,NO ZOMAC,Bajo,0.739093,-,-,Irradiado_Mayor que 140 - hasta 160,Mayor que 140 - hasta 160,1,15367.0,Boyacá,TUNJA,0.807852,A1. Menos 1 hora,23.459293,Boyacá,TUNJA,0.814991,A1. Menos 1 hora,23.800714,Pequeña propiedad,5703.459318780657,Pequeña propiedad,6573.0,3,4016.660874,SI,-,
691,Polygon,15,368,JERICO,BOYACA,15368,15368,Andina,1513,VALDERRAMA,Rural disperso,-,4133,-,1. EOT,SEIS,G1_ALTO,No PDET,NO ZOMAC,Bajo,0.647115,-,-,Irradiado_Mayor que 15 - hasta 20,Mayor que 15 - hasta 20,1,15368.0,Boyacá,DUITAMA,3.795863,A4. Mayor que 3 y menor que 4 horas,95.243059,Boyacá,TUNJA,4.989824,A5. Mayor que 4 y menor que 5 horas,150.452814,Pequeña propiedad,4656.649180468975,Pequeña propiedad,3708.0,5,5132.399079,SI,-,
657,Polygon,15,377,LABRANZAGRANDE,BOYACA,15377,15377,Andina,1503,LA LIBERTAD,Rural disperso,-,3685,-,1. EOT,SEIS,G4_MEDIO_BAJO,No PDET, ZOMAC,Medio Bajo,0.851549,-,-,Irradiado_Mayor que 40 - hasta 50,Mayor que 40 - hasta 50,1,15377.0,Casanare,YOPAL,1.778099,A2. Mayor que 1 y menor que 2 horas,38.251681,Casanare,YOPAL,1.761433,A2. Mayor que 1 y menor que 2 horas,38.151681,Mediana propiedad,28207.52766260461,Pequeña propiedad,2238.0,4,37760.910984,SI,-,
658,Polygon,15,380,LA CAPILLA,BOYACA,15380,15380,Andina,1509,ORIENTE,Rural,-,2821,-,1. EOT,SEIS,G1_ALTO,No PDET,NO ZOMAC,Bajo,0.738451,2015,3.2.2,Irradiado_Mayor que 50 - hasta 60,Mayor que 50 - hasta 60,1,15380.0,Cundinamarca,TOCANCIPÁ,2.120867,A3. Mayor que 2 y menor que 3 horas,67.735238,Boyacá,TUNJA,2.928085,A3. Mayor que 2 y menor que 3 horas,67.769553,Pequeña propiedad,124.2520531268584,Pequeña propiedad,297.0,4,133.197461,SI,Agropecuario,
659,Polygon,15,401,LA VICTORIA,BOYACA,15401,15401,Andina,1508,OCCIDENTE,Rural,-,1177,-,1. EOT,SEIS,G5_BAJO,No PDET,NO ZOMAC,Bajo,0.862944,-,-,Irradiado_Mayor que 20 - hasta 30,Mayor que 20 - hasta 30,1,15401.0,Boyacá,PUERTO BOYACÁ,3.693197,A4. Mayor que 3 y menor que 4 horas,111.092807,Boyacá,TUNJA,5.773317,A6. Mayor que 5 y menor que 6 horas,160.920938,,,,,4,2729.944865,SI,-,
660,Polygon,15,403,LA UVITA,BOYACA,15403,15403,Andina,1507,NORTE,Rural,-,3184,-,1. EOT,SEIS,G5_BAJO,No PDET,NO ZOMAC,Bajo,0.712289,-,-,Irradiado_Mayor que 40 - hasta 50,Mayor que 40 - hasta 50,1,15403.0,Boyacá,DUITAMA,3.563966,A4. Mayor que 3 y menor que 4 horas,106.048441,Boyacá,TUNJA,4.757927,A5. Mayor que 4 y menor que 5 horas,161.258196,Pequeña propiedad,5735.405324219478,Pequeña propiedad,2616.0,4,5415.929161,SI,-,
692,Polygon,15,407,VILLA DE LEYVA,BOYACA,15407,15407,Andina,1510,RICAURTE,Intermedio,-,17466,-,1. EOT,SEIS,G1_ALTO,No PDET,NO ZOMAC,Bajo,0.457954,-,-,Irradiado_Mayor que 300 - hasta 400,Mayor que 300 - hasta 400,1,15407.0,Boyacá,CHIQUINQUIRÁ,1.070793,A2. Mayor que 1 y menor que 2 horas,44.107316,Boyacá,TUNJA,1.262073,A2. Mayor que 1 y menor que 2 horas,33.711984,Pequeña propiedad,4653.043174026257,Pequeña propiedad,2679.0,3,1980.976594,SI,-,
693,Polygon,15,425,MACANAL,BOYACA,15425,15425,Andina,1506,NEIRA,Rural disperso,-,5295,-,1. EOT,SEIS,G2_MEDIO_ALTO,No PDET,NO ZOMAC,Bajo,0.49574,-,-,Irradiado_Mayor que 30 - hasta 40,Mayor que 30 - hasta 40,1,15425.0,Casanare,VILLANUEVA,2.438452,A3. Mayor que 2 y menor que 3 horas,85.961941,Cundinamarca,BOGOTÁ,3.80865,A4. Mayor que 3 y menor que 4 horas,140.542049,Pequeña propiedad,14472.128916076737,Pequeña propiedad,4495.0,4,12062.707344,SI,-,
694,Polygon,15,442,MARIPI,BOYACA,15442,15442,Andina,1508,OCCIDENTE,Rural,-,6016,-,1. EOT,SEIS,G5_BAJO,No PDET,NO ZOMAC,Bajo,0.779141,-,-,Irradiado_Mayor que 20 - hasta 30,Mayor que 20 - hasta 30,1,15442.0,Boyacá,CHIQUINQUIRÁ,1.682651,A2. Mayor que 1 y menor que 2 horas,32.681833,Boyacá,TUNJA,3.690299,A4. Mayor que 3 y menor que 4 horas,104.604076,Pequeña propiedad,11365.860724581078,Pequeña propiedad,2640.0,4,11514.336678,SI,-,
695,Polygon,15,455,MIRAFLORES,BOYACA,15455,15455,Andina,1504,LENGUPA,Rural,-,9400,-,1. EOT,SEIS,G3_MEDIO,No PDET,NO ZOMAC,Bajo,0.402195,-,-,Irradiado_Mayor que 40 - hasta 50,Mayor que 40 - hasta 50,1,15455.0,Boyacá,TUNJA,2.670378,A3. Mayor que 2 y menor que 3 horas,70.322244,Boyacá,TUNJA,2.677517,A3. Mayor que 2 y menor que 3 horas,70.663665,Pequeña propiedad,14192.473286516346,Pequeña propiedad,3780.0,4,20350.031369,SI,-,
696,Polygon,15,464,MONGUA,BOYACA,15464,15464,Andina,1511,SUGAMUXI,Rural,-,4886,-,1. EOT,SEIS,G3_MEDIO,No PDET,NO ZOMAC,Bajo,0.867327,-,-,Irradiado_Mayor que 80 - hasta 100,Mayor que 80 - hasta 100,1,15464.0,Boyacá,SOGAMOSO,0.910429,A1. Menos 1 hora,23.603658,Boyacá,TUNJA,2.340494,A3. Mayor que 2 y menor que 3 horas,92.118795,Mediana propiedad,5691.902657522939,Pequeña propiedad,3630.0,4,10426.610087,SI,-,
697,Polygon,15,466,MONGUI,BOYACA,15466,15466,Andina,1511,SUGAMUXI,Intermedio,-,4453,-,1. EOT,SEIS,G1_ALTO,No PDET,NO ZOMAC,Bajo,0.891183,-,-,Irradiado_Mayor que 80 - hasta 100,Mayor que 80 - hasta 100,1,15466.0,Boyacá,SOGAMOSO,0.670973,A1. Menos 1 hora,15.702439,Boyacá,TUNJA,2.101039,A3. Mayor que 2 y menor que 3 horas,84.217576,Pequeña propiedad,2052.4520584181932,Pequeña propiedad,3575.0,3,1168.829205,SI,-,
698,Polygon,15,469,MONIQUIRA,BOYACA,15469,15469,Andina,1510,RICAURTE,Intermedio,-,24083,-,1. EOT,SEIS,G1_ALTO,No PDET,NO ZOMAC,Bajo,0.496947,-,-,Irradiado_Mayor que 140 - hasta 160,Mayor que 140 - hasta 160,1,15469.0,Santander,BARBOSA,0.255515,A1. Menos 1 hora,9.698276,Boyacá,TUNJA,2.375295,A3. Mayor que 2 y menor que 3 horas,58.671277,Pequeña propiedad,14847.402881082744,Pequeña propiedad,7665.0,3,12083.578186,SI,-,
699,Polygon,15,476,MOTAVITA,BOYACA,15476,15476,Andina,1501,CENTRO,Intermedio,-,5946,-,1. EOT,SEIS,G5_BAJO,No PDET,NO ZOMAC,Bajo,0.239596,-,-,Irradiado_Mayor que 120 - hasta 140,Mayor que 120 - hasta 140,1,15476.0,Boyacá,TUNJA,0.227224,A1. Menos 1 hora,5.02132,Boyacá,TUNJA,0.209493,A1. Menos 1 hora,4.62132,Pequeña propiedad,4951.317638656337,Pequeña propiedad,2794.0,3,3402.427462,SI,-,
700,Polygon,15,480,MUZO,BOYACA,15480,15480,Andina,1508,OCCIDENTE,Intermedio,-,9016,-,1. EOT,SEIS,G2_MEDIO_ALTO,No PDET,NO ZOMAC,Bajo,0.807667,-,-,Irradiado_Mayor que 40 - hasta 50,Mayor que 40 - hasta 50,1,15480.0,Boyacá,CHIQUINQUIRÁ,2.489838,A3. Mayor que 2 y menor que 3 horas,47.884271,Boyacá,TUNJA,4.497487,A5. Mayor que 4 y menor que 5 horas,119.806515,,,,,4,9752.84309,SI,-,
701,Polygon,15,491,NOBSA,BOYACA,15491,15491,Andina,1511,SUGAMUXI,Intermedio,-,17167,-,1. EOT,CINCO,G1_ALTO,No PDET,NO ZOMAC,Bajo,0.575328,-,-,Irradiado_Mayor que 140 - hasta 160,Mayor que 140 - hasta 160,1,15491.0,Boyacá,SOGAMOSO,0.229401,A1. Menos 1 hora,6.159798,Boyacá,TUNJA,1.563017,A2. Mayor que 1 y menor que 2 horas,70.587929,Pequeña propiedad,1675.442325324747,Pequeña propiedad,2325.0,5,2869.10194,SI,-,
702,Polygon,15,494,NUEVO COLON,BOYACA,15494,15494,Andina,1505,MARQUEZ,Intermedio,-,5431,-,1. EOT,SEIS,G4_MEDIO_BAJO,No PDET,NO ZOMAC,Bajo,0.659876,-,-,Irradiado_Mayor que 120 - hasta 140,Mayor que 120 - hasta 140,1,15494.0,Boyacá,TUNJA,1.122311,A2. Mayor que 1 y menor que 2 horas,31.733304,Boyacá,TUNJA,1.129449,A2. Mayor que 1 y menor que 2 horas,32.074726,Pequeña propiedad,4871.27835419619,Pequeña propiedad,4347.0,4,2340.546363,SI,-,
703,Polygon,15,500,OICATA,BOYACA,15500,15500,Andina,1501,CENTRO,Rural disperso,-,3007,-,1. EOT,SEIS,G4_MEDIO_BAJO,No PDET,NO ZOMAC,Bajo,0.181416,-,-,Irradiado_Mayor que 120 - hasta 140,Mayor que 120 - hasta 140,1,15500.0,Boyacá,TUNJA,0.264778,A1. Menos 1 hora,9.239697,Boyacá,TUNJA,0.247046,A1. Menos 1 hora,8.839697,Pequeña propiedad,4431.63056912424,Pequeña propiedad,2352.0,3,4867.705955,SI,-,
704,Polygon,15,507,OTANCHE,BOYACA,15507,15507,Andina,1508,OCCIDENTE,Rural,-,8541,-,1. EOT,SEIS,G4_MEDIO_BAJO,No PDET,NO ZOMAC,Medio Bajo,0.722045,-,-,Irradiado_Mayor que 30 - hasta 40,Mayor que 30 - hasta 40,1,15507.0,Boyacá,PUERTO BOYACÁ,2.475608,A3. Mayor que 2 y menor que 3 horas,88.43057,Boyacá,TUNJA,4.568223,A5. Mayor que 4 y menor que 5 horas,138.965808,Mediana propiedad,16891.718264195333,Pequeña propiedad,1033.0,4,25657.336291,SI,-,
705,Polygon,15,511,PACHAVITA,BOYACA,15511,15511,Andina,1506,NEIRA,Rural disperso,-,2573,-,1. EOT,SEIS,G1_ALTO,No PDET,NO ZOMAC,Bajo,0.590053,2015,3.2.2,Irradiado_Mayor que 50 - hasta 60,Mayor que 50 - hasta 60,1,15511.0,Boyacá,TUNJA,2.692851,A3. Mayor que 2 y menor que 3 horas,56.812698,Boyacá,TUNJA,2.699989,A3. Mayor que 2 y menor que 3 horas,57.15412,Pequeña propiedad,950.0971035529378,Pequeña propiedad,1106.0,4,806.978982,SI,Agropecuario,
706,Polygon,15,514,PAEZ,BOYACA,15514,15514,Andina,1504,LENGUPA,Rural disperso,-,3433,-,1. EOT,SEIS,G2_MEDIO_ALTO,No PDET,NO ZOMAC,Bajo,0.402235,-,-,Irradiado_Mayor que 20 - hasta 30,Mayor que 20 - hasta 30,1,15514.0,Casanare,VILLANUEVA,2.581881,A3. Mayor que 2 y menor que 3 horas,80.747727,Boyacá,TUNJA,3.413373,A4. Mayor que 3 y menor que 4 horas,86.838896,Mediana propiedad,15554.529242021137,Pequeña propiedad,1568.0,4,22970.787602,SI,-,
707,Polygon,15,516,PAIPA,BOYACA,15516,15516,Andina,1512,TUNDAMA,Intermedio,-,36078,-,2. PBOT,CINCO,G2_MEDIO_ALTO,No PDET,NO ZOMAC,Bajo,0.571076,-,-,Irradiado_Mayor que 180 - hasta 200,Mayor que 180 - hasta 200,1,15516.0,Boyacá,DUITAMA,0.364486,A1. Menos 1 hora,13.963961,Boyacá,TUNJA,0.990486,A1. Menos 1 hora,42.187215,Pequeña propiedad,20706.349457884076,Pequeña propiedad,12485.0,4,12040.735793,SI,-,
708,Polygon,15,518,PAJARITO,BOYACA,15518,15518,Andina,1503,LA LIBERTAD,Rural disperso,-,2527,-,1. EOT,SEIS,G2_MEDIO_ALTO,No PDET, ZOMAC,Medio Alto,0.571429,-,-,Irradiado_Mayor que 40 - hasta 50,Mayor que 40 - hasta 50,1,15518.0,Casanare,AGUAZUL,0.763174,A1. Menos 1 hora,31.28772,Casanare,YOPAL,1.346757,A2. Mayor que 1 y menor que 2 horas,54.923968,Mediana propiedad,13269.8331551544,Pequeña propiedad,597.0,4,14368.691235,SI,-,
709,Polygon,15,522,PANQUEBA,BOYACA,15522,15522,Andina,1502,GUTIERREZ,Rural,-,1794,-,1. EOT,SEIS,G5_BAJO,No PDET,NO ZOMAC,Bajo,0.682301,-,-,Irradiado_Mayor que 20 - hasta 30,Mayor que 20 - hasta 30,1,15522.0,Boyacá,DUITAMA,5.454648, ,133.487633,Boyacá,TUNJA,6.648608,A7. Mayor que 6 y menor que 7 horas,188.697388,Pequeña propiedad,1294.667336048768,Pequeña propiedad,712.0,5,1260.763347,SI,-,
710,Polygon,15,531,PAUNA,BOYACA,15531,15531,Andina,1508,OCCIDENTE,Rural disperso,-,7546,-,1. EOT,SEIS,G2_MEDIO_ALTO,No PDET,NO ZOMAC,Medio Bajo,0.785292,-,-,Irradiado_Mayor que 40 - hasta 50,Mayor que 40 - hasta 50,1,15531.0,Boyacá,CHIQUINQUIRÁ,1.053035,A2. Mayor que 1 y menor que 2 horas,30.326198,Boyacá,TUNJA,3.060684,A4. Mayor que 3 y menor que 4 horas,102.248441,Pequeña propiedad,14386.952232808955,Pequeña propiedad,3573.0,4,15470.244712,SI,-,
711,Polygon,15,533,PAYA,BOYACA,15533,15533,Andina,1503,LA LIBERTAD,Rural disperso,-,2763,-,1. EOT,SEIS,G5_BAJO,No PDET, ZOMAC,Medio Bajo,0.799117,-,-,Irradiado_Mayor que 20 - hasta 30,Mayor que 20 - hasta 30,1,15533.0,Casanare,YOPAL,3.210059,A4. Mayor que 3 y menor que 4 horas,63.68671,Casanare,YOPAL,3.193392,A4. Mayor que 3 y menor que 4 horas,63.58671,Mediana propiedad,20681.137863091888,Pequeña propiedad,468.0,5,23760.664943,SI,-,
712,Polygon,15,537,PAZ DE RIO,BOYACA,15537,15537,Andina,1513,VALDERRAMA,Rural,-,4472,-,1. EOT,SEIS,G4_MEDIO_BAJO,No PDET,NO ZOMAC,Bajo,0.779146,-,-,Irradiado_Mayor que 80 - hasta 100,Mayor que 80 - hasta 100,1,15537.0,Boyacá,SOGAMOSO,1.827194,A2. Mayor que 1 y menor que 2 horas,46.370058,Boyacá,TUNJA,3.11118,A4. Mayor que 3 y menor que 4 horas,105.794026,Pequeña propiedad,5882.949719325601,Pequeña propiedad,3050.0,4,3163.931909,SI,-,
661,Polygon,15,542,PESCA,BOYACA,15542,15542,Andina,1511,SUGAMUXI,Rural disperso,-,7116,-,1. EOT,SEIS,G2_MEDIO_ALTO,No PDET,NO ZOMAC,Bajo,0.753016,-,-,Irradiado_Mayor que 100 - hasta 120,Mayor que 100 - hasta 120,1,15542.0,Boyacá,SOGAMOSO,1.076707,A2. Mayor que 1 y menor que 2 horas,25.433304,Boyacá,TUNJA,2.275078,A3. Mayor que 2 y menor que 3 horas,47.045794,Pequeña propiedad,11082.717933708449,Pequeña propiedad,6529.0,4,9792.888353,SI,-,
662,Polygon,15,550,PISBA,BOYACA,15550,15550,Andina,1503,LA LIBERTAD,Rural disperso,-,1859,-,1. EOT,SEIS,G1_ALTO,No PDET, ZOMAC,Medio Alto,0.761043,-,-,Irradiado_Mayor que 30 - hasta 40,Mayor que 30 - hasta 40,1,15550.0,Casanare,YOPAL,4.2896,A5. Mayor que 4 y menor que 5 horas,63.800923,Casanare,YOPAL,4.272933,A5. Mayor que 4 y menor que 5 horas,63.700923,"Gran propiedad, latifundios",26043.76138205561,Pequeña propiedad,993.0,4,24826.0778,SI,-,
663,Polygon,15,572,PUERTO BOYACA,BOYACA,15572,15572,Andina,1508,OCCIDENTE,Intermedio,-,50160,-,2. PBOT,CINCO,G2_MEDIO_ALTO,No PDET,NO ZOMAC,Medio Bajo,0.441702,2024,3.2.2,Irradiado_Mayor que 60 - hasta 70,Mayor que 60 - hasta 70,1,15572.0,Boyacá,PUERTO BOYACÁ,0.0,A1. Menos 1 hora,0.0,Antioquia,MEDELLÍN,5.00028,A6. Mayor que 5 y menor que 6 horas,205.850079,Mediana propiedad,64192.746693015855,Pequeña propiedad,1168.0,3,83942.032744,SI,-,
664,Polygon,15,580,QUIPAMA,BOYACA,15580,15580,Andina,1508,OCCIDENTE,Rural disperso,-,5209,-,1. EOT,SEIS,G4_MEDIO_BAJO,No PDET,NO ZOMAC,Bajo,0.591631,-,-,Irradiado_Mayor que 20 - hasta 30,Mayor que 20 - hasta 30,1,15580.0,Boyacá,CHIQUINQUIRÁ,3.453754,A4. Mayor que 3 y menor que 4 horas,68.649452,Boyacá,TUNJA,5.461403,A6. Mayor que 5 y menor que 6 horas,140.571695,Mediana propiedad,7424.484953788095,Pequeña propiedad,631.0,4,12576.204693,SI,-,
713,Polygon,15,599,RAMIRIQUI,BOYACA,15599,15599,Andina,1505,MARQUEZ,Intermedio,-,10542,-,1. EOT,SEIS,G3_MEDIO,No PDET,NO ZOMAC,Bajo,0.798458,-,-,Irradiado_Mayor que 140 - hasta 160,Mayor que 140 - hasta 160,1,15599.0,Boyacá,TUNJA,0.801209,A1. Menos 1 hora,22.386501,Boyacá,TUNJA,0.808348,A1. Menos 1 hora,22.727922,Pequeña propiedad,9324.945978645932,Pequeña propiedad,7850.0,3,4394.994031,SI,-,
714,Polygon,15,600,RAQUIRA,BOYACA,15600,15600,Andina,1510,RICAURTE,Rural,-,8441,-,1. EOT,SEIS,G1_ALTO,No PDET,NO ZOMAC,Bajo,0.75377,-,-,Irradiado_Mayor que 70 - hasta 80,Mayor que 70 - hasta 80,1,15600.0,Boyacá,CHIQUINQUIRÁ,0.757181,A1. Menos 1 hora,29.263456,Boyacá,TUNJA,1.581319,A2. Mayor que 1 y menor que 2 horas,51.998485,Pequeña propiedad,16094.689394616547,Pequeña propiedad,5061.0,4,11719.696545,SI,-,
715,Polygon,15,621,RONDON,BOYACA,15621,15621,Andina,1505,MARQUEZ,Rural disperso,-,2513,-,1. EOT,SEIS,G2_MEDIO_ALTO,No PDET,NO ZOMAC,Bajo,0.780612,-,-,Irradiado_Mayor que 15 - hasta 20,Mayor que 15 - hasta 20,1,15621.0,Boyacá,TUNJA,2.027809,A3. Mayor que 2 y menor que 3 horas,44.297265,Boyacá,TUNJA,2.034948,A3. Mayor que 2 y menor que 3 horas,44.638687,Pequeña propiedad,9654.996219978811,Pequeña propiedad,3374.0,4,11639.130527,SI,-,
716,Polygon,15,632,SABOYA,BOYACA,15632,15632,Andina,1508,OCCIDENTE,Rural disperso,-,14471,-,1. EOT,SEIS,G1_ALTO,No PDET,NO ZOMAC,Bajo,0.605798,-,-,Irradiado_Mayor que 70 - hasta 80,Mayor que 70 - hasta 80,1,15632.0,Boyacá,CHIQUINQUIRÁ,0.322339,A1. Menos 1 hora,12.750967,Boyacá,TUNJA,2.140279,A3. Mayor que 2 y menor que 3 horas,74.484986,Pequeña propiedad,21126.349147979952,Pequeña propiedad,10623.0,3,15120.043452,SI,-,
717,Polygon,15,638,SACHICA,BOYACA,15638,15638,Andina,1510,RICAURTE,Intermedio,-,5868,-,1. EOT,SEIS,G1_ALTO,No PDET,NO ZOMAC,Bajo,0.573871,-,-,Irradiado_Mayor que 50 - hasta 60,Mayor que 50 - hasta 60,1,15638.0,Boyacá,CHIQUINQUIRÁ,0.997797,A1. Menos 1 hora,43.697265,Boyacá,TUNJA,1.120553,A2. Mayor que 1 y menor que 2 horas,29.049242,Pequeña propiedad,784.7157076405297,Pequeña propiedad,322.0,1,629.939573,SI,-,
718,Polygon,15,646,SAMACA,BOYACA,15646,15646,Andina,1501,CENTRO,Intermedio,-,19645,-,1. EOT,SEIS,G5_BAJO,No PDET,NO ZOMAC,Bajo,0.39131,-,-,Irradiado_Mayor que 100 - hasta 120,Mayor que 100 - hasta 120,1,15646.0,Boyacá,TUNJA,0.801421,A1. Menos 1 hora,22.320815,Boyacá,TUNJA,0.78369,A1. Menos 1 hora,21.920815,Pequeña propiedad,7872.794868208204,Pequeña propiedad,5332.0,3,2975.458965,SI,-,
719,Polygon,15,660,SAN EDUARDO,BOYACA,15660,15660,Andina,1504,LENGUPA,Rural,-,1755,-,1. EOT,SEIS,G2_MEDIO_ALTO,No PDET,NO ZOMAC,Medio Bajo,0.541057,-,-,Irradiado_Mayor que 30 - hasta 40,Mayor que 30 - hasta 40,1,15660.0,Boyacá,TUNJA,2.958635,A3. Mayor que 2 y menor que 3 horas,72.529351,Boyacá,TUNJA,2.965774,A3. Mayor que 2 y menor que 3 horas,72.870772,Pequeña propiedad,6533.0197208452755,Pequeña propiedad,1464.0,4,6316.482464,SI,-,
720,Polygon,15,664,SAN JOSE DE PARE,BOYACA,15664,15664,Andina,1510,RICAURTE,Rural,-,5274,-,1. EOT,SEIS,G1_ALTO,No PDET,NO ZOMAC,Bajo,0.578061,-,-,Irradiado_Mayor que 80 - hasta 100,Mayor que 80 - hasta 100,1,15664.0,Santander,BARBOSA,0.379123,A1. Menos 1 hora,16.850967,Boyacá,TUNJA,2.957715,A3. Mayor que 2 y menor que 3 horas,84.020519,Pequeña propiedad,6087.160148153006,Pequeña propiedad,2487.0,2,3863.460272,SI,-,
721,Polygon,15,667,SAN LUIS DE GACENO,BOYACA,15667,15667,Andina,1506,NEIRA,Rural,-,5810,-,1. EOT,SEIS,G4_MEDIO_BAJO,No PDET,NO ZOMAC,Bajo,0.407167,-,-,Irradiado_Mayor que 20 - hasta 30,Mayor que 20 - hasta 30,1,15667.0,Casanare,VILLANUEVA,1.195657,A2. Mayor que 1 y menor que 2 horas,50.387215,Meta,VILLAVICENCIO,3.459606,A4. Mayor que 3 y menor que 4 horas,169.506724,Mediana propiedad,27857.12711745181,Pequeña propiedad,2054.0,3,23813.507861,SI,-,
722,Polygon,15,673,SAN MATEO,BOYACA,15673,15673,Andina,1507,NORTE,Rural,-,3526,-,1. EOT,SEIS,C_CIUDADES,No PDET,NO ZOMAC,Bajo,0.791308,-,-,Irradiado_Mayor que 20 - hasta 30,Mayor que 20 - hasta 30,1,15673.0,Boyacá,DUITAMA,4.345336,A5. Mayor que 4 y menor que 5 horas,116.456768,Boyacá,TUNJA,5.539297,A6. Mayor que 5 y menor que 6 horas,171.666522,Pequeña propiedad,7551.390858146881,Pequeña propiedad,3766.0,4,4396.073952,SI,-,
723,Polygon,15,676,SAN MIGUEL DE SEMA,BOYACA,15676,15676,Andina,1508,OCCIDENTE,Rural,-,3167,-,1. EOT,SEIS,G3_MEDIO,No PDET,NO ZOMAC,Bajo,0.635664,-,-,Irradiado_Mayor que 120 - hasta 140,Mayor que 120 - hasta 140,1,15676.0,Boyacá,CHIQUINQUIRÁ,0.785072,A1. Menos 1 hora,24.635029,Boyacá,TUNJA,1.896163,A2. Mayor que 1 y menor que 2 horas,60.182547,Pequeña propiedad,7573.644354818868,Pequeña propiedad,3127.0,4,4029.709536,SI,-,
724,Polygon,15,681,SAN PABLO BORBUR,BOYACA,15681,15681,Andina,1508,OCCIDENTE,Rural,-,7027,-,1. EOT,SEIS,G4_MEDIO_BAJO,No PDET,NO ZOMAC,Bajo,0.720175,-,-,Irradiado_Mayor que 40 - hasta 50,Mayor que 40 - hasta 50,1,15681.0,Boyacá,CHIQUINQUIRÁ,1.760524,A2. Mayor que 1 y menor que 2 horas,46.115642,Boyacá,TUNJA,3.768173,A4. Mayor que 3 y menor que 4 horas,118.037886,Mediana propiedad,6864.81473133497,Pequeña propiedad,1251.0,4,13231.442252,SI,-,
725,Polygon,15,686,SANTANA,BOYACA,15686,15686,Andina,1510,RICAURTE,Intermedio,-,8088,-,1. EOT,SEIS,G1_ALTO,No PDET,NO ZOMAC,Bajo,0.504934,-,-,Irradiado_Mayor que 70 - hasta 80,Mayor que 70 - hasta 80,1,15686.0,Santander,BARBOSA,0.595972,A1. Menos 1 hora,25.790664,Boyacá,TUNJA,3.174564,A4. Mayor que 3 y menor que 4 horas,92.960216,Pequeña propiedad,4849.083294394001,Pequeña propiedad,2105.0,4,2856.765096,SI,-,
726,Polygon,15,690,SANTA MARIA,BOYACA,15690,15690,Andina,1506,NEIRA,Rural disperso,-,3687,-,1. EOT,SEIS,G2_MEDIO_ALTO,No PDET,NO ZOMAC,Bajo,0.554309,-,-,Irradiado_Mayor que 15 - hasta 20,Mayor que 15 - hasta 20,1,15690.0,Casanare,VILLANUEVA,1.73566,A2. Mayor que 1 y menor que 2 horas,67.852395,Meta,VILLAVICENCIO,3.999609,A4. Mayor que 3 y menor que 4 horas,186.971905,Mediana propiedad,17972.605005074773,Pequeña propiedad,1441.0,4,16648.091145,SI,-,
727,Polygon,15,693,SAN ROSA VITERBO,BOYACA,15693,15693,Andina,1512,TUNDAMA,Intermedio,-,13989,-,1. EOT,SEIS,G5_BAJO,No PDET,NO ZOMAC,Bajo,0.532196,-,-,Irradiado_Mayor que 100 - hasta 120,Mayor que 100 - hasta 120,1,15693.0,Boyacá,DUITAMA,0.29132,A1. Menos 1 hora,9.408326,Boyacá,TUNJA,1.485281,A2. Mayor que 1 y menor que 2 horas,64.618081,Pequeña propiedad,6016.695710236302,Pequeña propiedad,4218.0,3,2374.120957,SI,-,
728,Polygon,15,696,SANTA SOFIA,BOYACA,15696,15696,Andina,1510,RICAURTE,Rural disperso,-,3374,-,1. EOT,SEIS,G1_ALTO,No PDET,NO ZOMAC,Bajo,0.570674,-,-,Irradiado_Mayor que 70 - hasta 80,Mayor que 70 - hasta 80,1,15696.0,Santander,BARBOSA,1.247848,A2. Mayor que 1 y menor que 2 horas,31.270563,Boyacá,TUNJA,1.659254,A2. Mayor que 1 y menor que 2 horas,47.945794,Pequeña propiedad,6170.345404238915,Pequeña propiedad,2755.0,2,2702.205994,SI,-,
729,Polygon,15,720,SATIVANORTE,BOYACA,15720,15720,Andina,1507,NORTE,Rural disperso,-,2293,-,1. EOT,SEIS,G5_BAJO,No PDET,NO ZOMAC,Bajo,0.783401,-,-,Irradiado_Mayor que 20 - hasta 30,Mayor que 20 - hasta 30,1,15720.0,Boyacá,DUITAMA,2.053963,A3. Mayor que 2 y menor que 3 horas,67.48671,Boyacá,TUNJA,3.247923,A4. Mayor que 3 y menor que 4 horas,122.696465,Pequeña propiedad,4249.186931694476,Pequeña propiedad,2822.0,4,2620.325434,SI,-,
730,Polygon,15,723,SATIVASUR,BOYACA,15723,15723,Andina,1507,NORTE,Rural disperso,-,1150,-,1. EOT,SEIS,G5_BAJO,No PDET,NO ZOMAC,Bajo,0.770431,-,-,Irradiado_Mayor que 30 - hasta 40,Mayor que 30 - hasta 40,1,15723.0,Boyacá,DUITAMA,2.3457,A3. Mayor que 2 y menor que 3 horas,72.773716,Boyacá,TUNJA,3.539661,A4. Mayor que 3 y menor que 4 horas,127.98347,Pequeña propiedad,1901.867308827035,Pequeña propiedad,1074.0,4,1015.218182,SI,-,
731,Polygon,15,740,SIACHOQUE,BOYACA,15740,15740,Andina,1501,CENTRO,Rural,-,7124,-,1. EOT,SEIS,G5_BAJO,No PDET,NO ZOMAC,Bajo,0.392738,-,-,Irradiado_Mayor que 80 - hasta 100,Mayor que 80 - hasta 100,1,15740.0,Boyacá,TUNJA,0.692116,A1. Menos 1 hora,17.792388,Boyacá,TUNJA,0.674707,A1. Menos 1 hora,17.309545,Pequeña propiedad,6812.824145645434,Pequeña propiedad,5789.0,3,6775.270015,SI,-,
732,Polygon,15,753,SOATA,BOYACA,15753,15753,Andina,1507,NORTE,Intermedio,-,9423,-,1. EOT,SEIS,G2_MEDIO_ALTO,No PDET,NO ZOMAC,Bajo,0.59231,-,-,Irradiado_Mayor que 40 - hasta 50,Mayor que 40 - hasta 50,1,15753.0,Boyacá,DUITAMA,2.890595,A3. Mayor que 2 y menor que 3 horas,91.118795,Boyacá,TUNJA,4.084556,A5. Mayor que 4 y menor que 5 horas,146.32855,Pequeña propiedad,5168.483362260226,Pequeña propiedad,2972.0,3,3951.013377,SI,-,
665,Polygon,15,755,SOCOTA,BOYACA,15755,15755,Andina,1513,VALDERRAMA,Rural disperso,-,7627,-,1. EOT,SEIS,G2_MEDIO_ALTO,No PDET,NO ZOMAC,Medio Bajo,0.898415,-,-,Irradiado_Mayor que 20 - hasta 30,Mayor que 20 - hasta 30,1,15755.0,Boyacá,SOGAMOSO,3.171089,A4. Mayor que 3 y menor que 4 horas,65.735238,Boyacá,TUNJA,4.578529,A5. Mayor que 4 y menor que 5 horas,126.617785,Pequeña propiedad,7473.531371468445,Pequeña propiedad,5185.0,4,9872.412825,SI,-,
666,Polygon,15,757,SOCHA,BOYACA,15757,15757,Andina,1513,VALDERRAMA,Rural,-,8432,-,1. EOT,SEIS,G2_MEDIO_ALTO,No PDET,NO ZOMAC,Bajo,0.753763,-,-,Irradiado_Mayor que 80 - hasta 100,Mayor que 80 - hasta 100,1,15757.0,Boyacá,SOGAMOSO,2.421218,A3. Mayor que 2 y menor que 3 horas,53.86417,Boyacá,TUNJA,3.828658,A4. Mayor que 3 y menor que 4 horas,114.746717,Pequeña propiedad,4832.090708978217,Pequeña propiedad,3793.0,4,1878.704127,SI,-,
667,Polygon,15,759,SOGAMOSO,BOYACA,15759,15759,Andina,1511,SUGAMUXI,Ciudades y aglomeraciones,-,136391,-,3. POT,DOS,G2_MEDIO_ALTO,No PDET,NO ZOMAC,Bajo,0.644127,-,-,Irradiado_Mayor que 250 - hasta 300,Mayor que 250 - hasta 300,1,15759.0,Boyacá,SOGAMOSO,0.0,A1. Menos 1 hora,0.0,Boyacá,TUNJA,1.651264,A2. Mayor que 1 y menor que 2 horas,72.284986,Pequeña propiedad,8431.276000111071,Pequeña propiedad,12678.0,4,4669.488957,SI,-,
668,Polygon,15,761,SOMONDOCO,BOYACA,15761,15761,Andina,1509,ORIENTE,Rural,-,3048,-,1. EOT,SEIS,G3_MEDIO,No PDET,NO ZOMAC,Bajo,0.742871,-,-,Irradiado_Mayor que 20 - hasta 30,Mayor que 20 - hasta 30,1,15761.0,Cundinamarca,TOCANCIPÁ,2.195015,A3. Mayor que 2 y menor que 3 horas,75.360721,Cundinamarca,BOGOTÁ,3.141991,A4. Mayor que 3 y menor que 4 horas,124.781032,Pequeña propiedad,5350.854755397286,Pequeña propiedad,4010.0,3,3575.543669,SI,-,
733,Polygon,15,762,SORA,BOYACA,15762,15762,Andina,1501,CENTRO,Rural,-,3210,-,1. EOT,SEIS,G5_BAJO,No PDET,NO ZOMAC,Bajo,0.349589,-,-,Irradiado_Mayor que 60 - hasta 70,Mayor que 60 - hasta 70,1,15762.0,Boyacá,TUNJA,0.786096,A1. Menos 1 hora,17.650967,Boyacá,TUNJA,0.768365,A1. Menos 1 hora,17.250967,Pequeña propiedad,2087.2945260364295,Pequeña propiedad,1213.0,4,780.86687,SI,-,
734,Polygon,15,763,SOTAQUIRA,BOYACA,15763,15763,Andina,1501,CENTRO,Rural disperso,-,8710,-,1. EOT,SEIS,G4_MEDIO_BAJO,No PDET,NO ZOMAC,Bajo,0.213838,-,-,Irradiado_Mayor que 120 - hasta 140,Mayor que 120 - hasta 140,1,15763.0,Boyacá,DUITAMA,0.872439,A1. Menos 1 hora,32.170563,Boyacá,TUNJA,1.003144,A2. Mayor que 1 y menor que 2 horas,32.574726,Pequeña propiedad,11720.602086421011,Pequeña propiedad,6796.0,3,11221.490939,SI,-,
735,Polygon,15,764,SORACA,BOYACA,15764,15764,Andina,1501,CENTRO,Rural,-,6352,-,1. EOT,SEIS,G5_BAJO,No PDET,NO ZOMAC,Bajo,0.314376,-,-,Irradiado_Mayor que 160 - hasta 180,Mayor que 160 - hasta 180,1,15764.0,Boyacá,TUNJA,0.219173,A1. Menos 1 hora,6.742641,Boyacá,TUNJA,0.226311,A1. Menos 1 hora,7.084062,Pequeña propiedad,4916.62505668554,Pequeña propiedad,3823.0,3,4296.897609,SI,-,
736,Polygon,15,774,SUSACON,BOYACA,15774,15774,Andina,1507,NORTE,Rural,-,2830,-,1. EOT,SEIS,G3_MEDIO,No PDET,NO ZOMAC,Bajo,0.630664,-,-,Irradiado_Mayor que 40 - hasta 50,Mayor que 40 - hasta 50,1,15774.0,Boyacá,DUITAMA,2.051393,A3. Mayor que 2 y menor que 3 horas,76.226407,Boyacá,TUNJA,3.245354,A4. Mayor que 3 y menor que 4 horas,131.436162,Pequeña propiedad,5233.223430915736,Pequeña propiedad,2616.0,2,2965.386371,SI,-,
737,Polygon,15,776,SUTAMARCHAN,BOYACA,15776,15776,Andina,1510,RICAURTE,Rural,-,6532,-,1. EOT,SEIS,G1_ALTO,No PDET,NO ZOMAC,Bajo,0.573539,-,-,Irradiado_Mayor que 80 - hasta 100,Mayor que 80 - hasta 100,1,15776.0,Boyacá,CHIQUINQUIRÁ,0.751046,A1. Menos 1 hora,31.660512,Boyacá,TUNJA,1.303653,A2. Mayor que 1 y menor que 2 horas,40.578889,Pequeña propiedad,6384.720754680172,Pequeña propiedad,3509.0,4,3573.577826,SI,-,
738,Polygon,15,778,SUTATENZA,BOYACA,15778,15778,Andina,1509,ORIENTE,Rural,-,4469,-,1. EOT,SEIS,G2_MEDIO_ALTO,No PDET,NO ZOMAC,Bajo,0.683056,-,-,Irradiado_Mayor que 40 - hasta 50,Mayor que 40 - hasta 50,1,15778.0,Cundinamarca,TOCANCIPÁ,1.856892,A2. Mayor que 1 y menor que 2 horas,71.49798,Cundinamarca,BOGOTÁ,2.803867,A3. Mayor que 2 y menor que 3 horas,120.91829,Pequeña propiedad,3949.306896580313,Pequeña propiedad,5217.0,4,2026.543997,SI,-,
739,Polygon,15,790,TASCO,BOYACA,15790,15790,Andina,1513,VALDERRAMA,Rural,-,6170,-,1. EOT,SEIS,G3_MEDIO,No PDET,NO ZOMAC,Bajo,0.70153,-,-,Irradiado_Mayor que 60 - hasta 70,Mayor que 60 - hasta 70,1,15790.0,Boyacá,SOGAMOSO,1.352694,A2. Mayor que 1 y menor que 2 horas,34.674726,Boyacá,TUNJA,2.782759,A3. Mayor que 2 y menor que 3 horas,103.189863,Pequeña propiedad,6004.450049861952,Pequeña propiedad,4187.0,4,5136.365446,SI,-,
740,Polygon,15,798,TENZA,BOYACA,15798,15798,Andina,1509,ORIENTE,Intermedio,-,4064,-,1. EOT,SEIS,G2_MEDIO_ALTO,No PDET,NO ZOMAC,Bajo,0.643242,2015,3.2.2,Irradiado_Mayor que 50 - hasta 60,Mayor que 50 - hasta 60,1,15798.0,Cundinamarca,TOCANCIPÁ,2.231832,A3. Mayor que 2 y menor que 3 horas,71.622244,Boyacá,TUNJA,3.039595,A4. Mayor que 3 y menor que 4 horas,71.773716,Pequeña propiedad,431.6659525599267,Pequeña propiedad,745.0,4,385.37877,SI,Agropecuario,
741,Polygon,15,804,TIBANA,BOYACA,15804,15804,Andina,1505,MARQUEZ,Rural,-,9575,-,1. EOT,SEIS,G3_MEDIO,No PDET,NO ZOMAC,Bajo,0.723784,2015,3.3.2,Irradiado_Mayor que 70 - hasta 80,Mayor que 70 - hasta 80,1,15804.0,Boyacá,TUNJA,1.117258,A2. Mayor que 1 y menor que 2 horas,33.233304,Boyacá,TUNJA,1.124397,A2. Mayor que 1 y menor que 2 horas,33.574726,Pequeña propiedad,1669.657342391666,Pequeña propiedad,2656.0,3,1706.426725,SI,Agropecuario,
742,Polygon,15,806,TIBASOSA,BOYACA,15806,15806,Andina,1511,SUGAMUXI,Intermedio,-,13925,-,1. EOT,SEIS,G3_MEDIO,No PDET,NO ZOMAC,Bajo,0.495811,-,-,Irradiado_Mayor que 160 - hasta 180,Mayor que 160 - hasta 180,1,15806.0,Boyacá,DUITAMA,0.317851,A1. Menos 1 hora,11.995332,Boyacá,TUNJA,1.46029,A2. Mayor que 1 y menor que 2 horas,64.976659,Pequeña propiedad,7507.206159861715,Pequeña propiedad,6648.0,4,3887.769635,SI,-,
743,Polygon,15,808,TINJACA,BOYACA,15808,15808,Andina,1510,RICAURTE,Rural disperso,-,3496,-,1. EOT,SEIS,G1_ALTO,No PDET,NO ZOMAC,Bajo,0.598369,-,-,Irradiado_Mayor que 40 - hasta 50,Mayor que 40 - hasta 50,1,15808.0,Boyacá,CHIQUINQUIRÁ,0.653605,A1. Menos 1 hora,26.042136,Boyacá,TUNJA,1.41024,A2. Mayor que 1 y menor que 2 horas,46.280108,Pequeña propiedad,4804.388699653051,Pequeña propiedad,2006.0,3,2131.353699,SI,-,
744,Polygon,15,810,TIPACOQUE,BOYACA,15810,15810,Andina,1507,NORTE,Rural disperso,-,3495,-,1. EOT,SEIS,G4_MEDIO_BAJO,No PDET,NO ZOMAC,Bajo,0.657524,-,-,Irradiado_Mayor que 30 - hasta 40,Mayor que 30 - hasta 40,1,15810.0,Boyacá,DUITAMA,3.22228,A4. Mayor que 3 y menor que 4 horas,103.465599,Boyacá,TUNJA,4.416241,A5. Mayor que 4 y menor que 5 horas,158.675353,Pequeña propiedad,3928.934768928733,Pequeña propiedad,1939.0,3,2330.894771,SI,-,
745,Polygon,15,814,TOCA,BOYACA,15814,15814,Andina,1501,CENTRO,Intermedio,-,9329,-,1. EOT,SEIS,G5_BAJO,No PDET,NO ZOMAC,Bajo,0.151098,-,-,Irradiado_Mayor que 100 - hasta 120,Mayor que 100 - hasta 120,1,15814.0,Boyacá,TUNJA,0.914634,A1. Menos 1 hora,27.932085,Boyacá,TUNJA,0.896902,A1. Menos 1 hora,27.532085,Pequeña propiedad,9972.869619822288,Pequeña propiedad,4446.0,3,7435.032251,SI,-,
746,Polygon,15,816,TOGUI,BOYACA,15816,15816,Andina,1510,RICAURTE,Rural disperso,-,4582,-,1. EOT,SEIS,G1_ALTO,No PDET,NO ZOMAC,Bajo,0.662795,-,-,Irradiado_Mayor que 30 - hasta 40,Mayor que 30 - hasta 40,1,15816.0,Santander,BARBOSA,0.747653,A1. Menos 1 hora,20.427922,Boyacá,TUNJA,2.870164,A3. Mayor que 2 y menor que 3 horas,69.352395,Pequeña propiedad,7236.431611270189,Pequeña propiedad,2461.0,3,3412.009474,SI,-,
747,Polygon,15,820,TOPAGA,BOYACA,15820,15820,Andina,1511,SUGAMUXI,Intermedio,-,3832,-,1. EOT,SEIS,G2_MEDIO_ALTO,No PDET,NO ZOMAC,Bajo,0.826836,-,-,Irradiado_Mayor que 70 - hasta 80,Mayor que 70 - hasta 80,1,15820.0,Boyacá,SOGAMOSO,0.714209,A1. Menos 1 hora,13.929646,Boyacá,TUNJA,2.144274,A3. Mayor que 2 y menor que 3 horas,82.444783,Pequeña propiedad,2657.6915882575518,Pequeña propiedad,2972.0,5,1962.864306,SI,-,
748,Polygon,15,822,TOTA,BOYACA,15822,15822,Andina,1511,SUGAMUXI,Rural disperso,-,5502,-,1. EOT,SEIS,G1_ALTO,No PDET,NO ZOMAC,Bajo,0.934821,2021,5.2.3,Mayor que 250 - hasta 300,Mayor que 250 - hasta 300,0,15822.0,Boyacá,SOGAMOSO,0.908637,A1. Menos 1 hora,23.507821,Boyacá,TUNJA,2.447561,A3. Mayor que 2 y menor que 3 horas,93.354329,Pequeña propiedad,1009.667458721091,Pequeña propiedad,2064.0,4,538.269166,SI,Agropecuario,
749,Polygon,15,832,TUNUNGUA,BOYACA,15832,15832,Andina,1508,OCCIDENTE,Rural disperso,-,1627,-,1. EOT,SEIS,G1_ALTO,No PDET,NO ZOMAC,Bajo,0.867073,-,-,Irradiado_Mayor que 30 - hasta 40,Mayor que 30 - hasta 40,1,15832.0,Boyacá,CHIQUINQUIRÁ,1.642805,A2. Mayor que 1 y menor que 2 horas,39.127417,Boyacá,TUNJA,3.650453,A4. Mayor que 3 y menor que 4 horas,111.049661,Pequeña propiedad,2273.3882670978633,Pequeña propiedad,733.0,4,1569.929625,SI,-,
750,Polygon,15,835,TURMEQUE,BOYACA,15835,15835,Andina,1505,MARQUEZ,Intermedio,-,6455,-,1. EOT,SEIS,G3_MEDIO,No PDET,NO ZOMAC,Bajo,0.779289,-,-,Irradiado_Mayor que 100 - hasta 120,Mayor que 100 - hasta 120,1,15835.0,Boyacá,TUNJA,1.325282,A2. Mayor que 1 y menor que 2 horas,37.517366,Boyacá,TUNJA,1.332421,A2. Mayor que 1 y menor que 2 horas,37.858788,Pequeña propiedad,7347.736034591468,Pequeña propiedad,6245.0,4,3736.22938,SI,-,
751,Polygon,15,837,TUTA,BOYACA,15837,15837,Andina,1501,CENTRO,Rural,-,8839,-,1. EOT,SEIS,G4_MEDIO_BAJO,No PDET,NO ZOMAC,Bajo,0.606249,-,-,Irradiado_Mayor que 100 - hasta 120,Mayor que 100 - hasta 120,1,15837.0,Boyacá,TUNJA,0.70349,A1. Menos 1 hora,26.339192,Boyacá,TUNJA,0.685759,A1. Menos 1 hora,25.939192,Pequeña propiedad,13394.337668552156,Pequeña propiedad,5414.0,3,10679.514408,SI,-,
752,Polygon,15,839,TUTAZA,BOYACA,15839,15839,Andina,1512,TUNDAMA,Rural disperso,-,2142,-,1. EOT,SEIS,G2_MEDIO_ALTO,No PDET,NO ZOMAC,Bajo,0.830357,-,-,Irradiado_Mayor que 50 - hasta 60,Mayor que 50 - hasta 60,1,15839.0,Boyacá,DUITAMA,1.080716,A2. Mayor que 1 y menor que 2 horas,39.327417,Boyacá,TUNJA,2.274677,A3. Mayor que 2 y menor que 3 horas,94.537172,Pequeña propiedad,2051.773806720668,Pequeña propiedad,648.0,4,1738.837175,SI,-,
669,Polygon,15,842,UMBITA,BOYACA,15842,15842,Andina,1505,MARQUEZ,Rural,-,7954,-,1. EOT,SEIS,G1_ALTO,No PDET,NO ZOMAC,Bajo,0.795081,2015,3.2.2,Irradiado_Mayor que 40 - hasta 50,Mayor que 40 - hasta 50,1,15842.0,Cundinamarca,TOCANCIPÁ,2.104878,A3. Mayor que 2 y menor que 3 horas,69.00925,Boyacá,TUNJA,2.239416,A3. Mayor que 2 y menor que 3 horas,51.008535,Pequeña propiedad,1626.299483076064,Pequeña propiedad,1320.0,2,1082.670134,SI,Agropecuario,
670,Polygon,15,861,VENTAQUEMADA,BOYACA,15861,15861,Andina,1501,CENTRO,Intermedio,-,16856,-,1. EOT,SEIS,G5_BAJO,No PDET,NO ZOMAC,Bajo,0.279202,-,-,Irradiado_Mayor que 100 - hasta 120,Mayor que 100 - hasta 120,1,15861.0,Boyacá,TUNJA,0.979659,A1. Menos 1 hora,33.088939,Boyacá,TUNJA,0.986798,A1. Menos 1 hora,33.430361,Pequeña propiedad,12898.303226935894,Pequeña propiedad,10597.0,3,8976.144982,SI,-,
671,Polygon,15,879,VIRACACHA,BOYACA,15879,15879,Andina,1505,MARQUEZ,Rural disperso,-,2985,-,1. EOT,SEIS,G1_ALTO,No PDET,NO ZOMAC,Bajo,0.840494,-,-,Irradiado_Mayor que 70 - hasta 80,Mayor que 70 - hasta 80,1,15879.0,Boyacá,TUNJA,0.742566,A1. Menos 1 hora,20.086501,Boyacá,TUNJA,0.749705,A1. Menos 1 hora,20.427922,Pequeña propiedad,4947.202958365431,Pequeña propiedad,5026.0,3,3403.580264,SI,-,
672,Polygon,15,897,ZETAQUIRA,BOYACA,15897,15897,Andina,1504,LENGUPA,Rural disperso,-,4896,-,1. EOT,SEIS,G2_MEDIO_ALTO,No PDET,NO ZOMAC,Bajo,0.667339,-,-,Irradiado_Mayor que 20 - hasta 30,Mayor que 20 - hasta 30,1,15897.0,Boyacá,TUNJA,2.2455,A3. Mayor que 2 y menor que 3 horas,53.547013,Boyacá,TUNJA,2.252639,A3. Mayor que 2 y menor que 3 horas,53.888434,Pequeña propiedad,11158.741158623161,Pequeña propiedad,3388.0,4,13534.172063,SI,-,
228,Polygon,17,1,MANIZALES,CALDAS,17001,17001,Andina,1704,CENTRO,Ciudades y aglomeraciones,si,454494,-,3. POT,UNO,G2_MEDIO_ALTO,No PDET,NO ZOMAC,Bajo,0.365468,-,-,Irradiado_Mayor que 120 - hasta 140,Mayor que 120 - hasta 140,1,17001.0,Caldas,MANIZALES,0.0,A1. Menos 1 hora,0.0,Caldas,MANIZALES,0.0,A1. Menos 1 hora,0.0,Mediana propiedad,13642.432235322594,Pequeña propiedad,4939.0,3,16522.504946,SI,-,
229,Polygon,17,13,AGUADAS,CALDAS,17013,17013,Andina,1706,NORTE,Rural,-,23403,-,1. EOT,SEIS,G5_BAJO,No PDET,NO ZOMAC,Medio Bajo,0.336576,-,-,Irradiado_Mayor que 50 - hasta 60,Mayor que 50 - hasta 60,1,17013.0,Antioquia,CALDAS,2.363684,A3. Mayor que 2 y menor que 3 horas,86.974935,Antioquia,MEDELLÍN,2.839364,A3. Mayor que 2 y menor que 3 horas,110.181537,Mediana propiedad,23629.49174855779,Pequeña propiedad,5079.0,4,21648.514859,SI,-,
241,Polygon,17,42,ANSERMA,CALDAS,17042,17042,Andina,1703,BAJO OCCIDENTE,Intermedio,-,37366,-,2. PBOT,SEIS,G5_BAJO,No PDET, ZOMAC,Medio Bajo,0.513527,-,-,Irradiado_Mayor que 50 - hasta 60,Mayor que 50 - hasta 60,1,17042.0,Risaralda,LA VIRGINIA,1.200803,A2. Mayor que 1 y menor que 2 horas,44.743355,Risaralda,PEREIRA,1.989467,A2. Mayor que 1 y menor que 2 horas,75.134019,Pequeña propiedad,11230.346830784101,Pequeña propiedad,4253.0,3,14414.754856,SI,-,
240,Polygon,17,50,ARANZAZU,CALDAS,17050,17050,Andina,1706,NORTE,Intermedio,-,10792,-,1. EOT,SEIS,G4_MEDIO_BAJO,No PDET,NO ZOMAC,Bajo,0.416206,-,-,Irradiado_Mayor que 40 - hasta 50,Mayor que 40 - hasta 50,1,17050.0,Caldas,MANIZALES,1.804828,A2. Mayor que 1 y menor que 2 horas,39.923254,Caldas,MANIZALES,1.768279,A2. Mayor que 1 y menor que 2 horas,41.396046,Mediana propiedad,7337.41196823051,Pequeña propiedad,2841.0,3,7375.370065,SI,-,
239,Polygon,17,88,BELALCAZAR,CALDAS,17088,17088,Andina,1703,BAJO OCCIDENTE,Intermedio,-,10894,-,1. EOT,SEIS,G1_ALTO,No PDET, ZOMAC,Bajo,0.564198,-,-,Irradiado_Mayor que 40 - hasta 50,Mayor que 40 - hasta 50,1,17088.0,Risaralda,LA VIRGINIA,0.545422,A1. Menos 1 hora,18.212489,Risaralda,PEREIRA,1.334086,A2. Mayor que 1 y menor que 2 horas,48.603153,Pequeña propiedad,5682.613975025104,Pequeña propiedad,1688.0,3,8702.536873,SI,-,
238,Polygon,17,174,CHINCHINA,CALDAS,17174,17174,Andina,1704,CENTRO,Intermedio,-,53317,-,2. PBOT,CINCO,G4_MEDIO_BAJO,No PDET,NO ZOMAC,Bajo,0.480597,2024,4.2.2,Mayor que 100 - hasta 120,Mayor que 100 - hasta 120,0,17174.0,Caldas,CHINCHINÁ,0.0,A1. Menos 1 hora,0.0,Caldas,MANIZALES,0.540636,A1. Menos 1 hora,19.572287,Mediana propiedad,5155.548777979286,Pequeña propiedad,1619.0,3,7886.664942,SI,-,
237,Polygon,17,272,FILADELFIA,CALDAS,17272,17272,Andina,1701,ALTO OCCIDENTE,Rural,-,11662,-,1. EOT,SEIS,G5_BAJO,No PDET,NO ZOMAC,Bajo,0.524052,-,-,Irradiado_Mayor que 40 - hasta 50,Mayor que 40 - hasta 50,1,17272.0,Caldas,MANIZALES,1.768884,A2. Mayor que 1 y menor que 2 horas,37.881833,Caldas,MANIZALES,1.732335,A2. Mayor que 1 y menor que 2 horas,39.354625,Mediana propiedad,8442.138423270368,Pequeña propiedad,2429.0,4,8350.789289,SI,-,
236,Polygon,17,380,LA DORADA,CALDAS,17380,17380,Andina,1705,ORIENTE,Intermedio,-,75043,-,2. PBOT,CUATRO,G3_MEDIO,No PDET,NO ZOMAC,Medio Bajo,0.393148,-,-,Irradiado_Mayor que 80 - hasta 100,Mayor que 80 - hasta 100,1,17380.0,Caldas,LA DORADA,0.0,A1. Menos 1 hora,0.0,Tolima,IBAGUÉ,3.982712,A4. Mayor que 3 y menor que 4 horas,173.948651,Mediana propiedad,25998.692873124863,Pequeña propiedad,489.0,1,22206.381089,SI,-,
235,Polygon,17,388,LA MERCED,CALDAS,17388,17388,Andina,1701,ALTO OCCIDENTE,Intermedio,-,6268,-,1. EOT,SEIS,G4_MEDIO_BAJO,No PDET,NO ZOMAC,Bajo,0.591509,-,-,Irradiado_Mayor que 15 - hasta 20,Mayor que 15 - hasta 20,1,17388.0,Caldas,CHINCHINÁ,1.852841,A2. Mayor que 1 y menor que 2 horas,72.890873,Caldas,MANIZALES,2.021532,A3. Mayor que 2 y menor que 3 horas,78.957778,Mediana propiedad,4015.9814698901932,Pequeña propiedad,1415.0,4,6418.310741,SI,-,
234,Polygon,17,433,MANZANARES,CALDAS,17433,17433,Andina,1702,ALTO ORIENTE,Intermedio,-,18655,-,1. EOT,SEIS,G4_MEDIO_BAJO,No PDET,NO ZOMAC,Medio Bajo,0.530745,-,-,Irradiado_Mayor que 30 - hasta 40,Mayor que 30 - hasta 40,1,17433.0,Tolima,SAN SEBASTIÁN DE MARIQUITA,1.799368,A2. Mayor que 1 y menor que 2 horas,53.667114,Caldas,MANIZALES,3.364976,A4. Mayor que 3 y menor que 4 horas,81.160721,Mediana propiedad,9629.382993197214,Pequeña propiedad,2767.0,4,10167.779345,SI,-,
233,Polygon,17,442,MARMATO,CALDAS,17442,17442,Andina,1701,ALTO OCCIDENTE,Intermedio,-,9255,-,1. EOT,SEIS,G3_MEDIO,No PDET,NO ZOMAC,Medio Bajo,0.720343,-,-,Irradiado_Mayor que 30 - hasta 40,Mayor que 30 - hasta 40,1,17442.0,Caldas,CHINCHINÁ,1.94158,A2. Mayor que 1 y menor que 2 horas,76.242345,Caldas,MANIZALES,2.110272,A3. Mayor que 2 y menor que 3 horas,82.30925,Pequeña propiedad,2314.20888175354,Pequeña propiedad,1178.0,4,3079.708841,SI,-,
232,Polygon,17,444,MARQUETALIA,CALDAS,17444,17444,Andina,1702,ALTO ORIENTE,Intermedio,-,13627,-,1. EOT,SEIS,G5_BAJO,No PDET,NO ZOMAC,Bajo,0.539012,-,-,Irradiado_Mayor que 20 - hasta 30,Mayor que 20 - hasta 30,1,17444.0,Tolima,SAN SEBASTIÁN DE MARIQUITA,1.358711,A2. Mayor que 1 y menor que 2 horas,38.333304,Tolima,IBAGUÉ,3.895851,A4. Mayor que 3 y menor que 4 horas,158.911897,Pequeña propiedad,7934.202942079888,Pequeña propiedad,2416.0,4,5595.866246,SI,-,
231,Polygon,17,446,MARULANDA,CALDAS,17446,17446,Andina,1702,ALTO ORIENTE,Rural disperso,-,2700,-,1. EOT,SEIS,G1_ALTO,No PDET, ZOMAC,Medio,0.353511,-,-,Irradiado_Mayor que 20 - hasta 30,Mayor que 20 - hasta 30,1,17446.0,Tolima,SAN SEBASTIÁN DE MARIQUITA,3.351541,A4. Mayor que 3 y menor que 4 horas,75.905087,Caldas,MANIZALES,3.340557,A4. Mayor que 3 y menor que 4 horas,60.448232,Mediana propiedad,16135.194026222614,Pequeña propiedad,314.0,3,11354.419383,SI,-,
230,Polygon,17,486,NEIRA,CALDAS,17486,17486,Andina,1704,CENTRO,Intermedio,-,21543,-,1. EOT,SEIS,G5_BAJO,No PDET,NO ZOMAC,Bajo,0.361619,2024,3.2.1,Irradiado_Mayor que 40 - hasta 50,Mayor que 40 - hasta 50,1,17486.0,Caldas,MANIZALES,0.830676,A1. Menos 1 hora,17.56518,Caldas,MANIZALES,0.794127,A1. Menos 1 hora,19.037973,Mediana propiedad,16870.95134410634,Pequeña propiedad,3776.0,4,13025.89079,SI,-,
242,Polygon,17,495,NORCASIA,CALDAS,17495,17495,Andina,1705,ORIENTE,Rural,-,6123,-,1. EOT,SEIS,G5_BAJO,No PDET, ZOMAC,Medio,0.381731,-,-,Irradiado_Mayor que 15 - hasta 20,Mayor que 15 - hasta 20,1,17495.0,Caldas,LA DORADA,1.576668,A2. Mayor que 1 y menor que 2 horas,47.680108,Tolima,IBAGUÉ,5.050338,A6. Mayor que 5 y menor que 6 horas,218.321652,Mediana propiedad,14513.977044781994,Pequeña propiedad,536.0,3,15574.264741,SI,-,
253,Polygon,17,513,PACORA,CALDAS,17513,17513,Andina,1706,NORTE,Rural,-,15680,-,1. EOT,SEIS,G4_MEDIO_BAJO,No PDET,NO ZOMAC,Bajo,0.351204,-,-,Irradiado_Mayor que 20 - hasta 30,Mayor que 20 - hasta 30,1,17513.0,Antioquia,CALDAS,2.868772,A3. Mayor que 2 y menor que 3 horas,99.138896,Caldas,MANIZALES,3.044513,A4. Mayor que 3 y menor que 4 horas,102.4857,Mediana propiedad,13639.859629590823,Pequeña propiedad,2760.0,4,17881.386112,SI,-,
252,Polygon,17,524,PALESTINA,CALDAS,17524,17524,Andina,1704,CENTRO,Intermedio,-,15978,-,1. EOT,SEIS,G5_BAJO,No PDET, ZOMAC,Medio Bajo,0.373354,-,-,Irradiado_Mayor que 40 - hasta 50,Mayor que 40 - hasta 50,1,17524.0,Caldas,CHINCHINÁ,0.197202,A1. Menos 1 hora,6.576955,Caldas,MANIZALES,0.649612,A1. Menos 1 hora,24.07645,Mediana propiedad,5770.352328168515,Pequeña propiedad,1224.0,3,6760.962482,SI,-,
251,Polygon,17,541,PENSILVANIA,CALDAS,17541,17541,Andina,1702,ALTO ORIENTE,Rural,-,20242,-,1. EOT,SEIS,G5_BAJO,No PDET, ZOMAC,Medio Bajo,0.340555,-,-,Irradiado_Mayor que 30 - hasta 40,Mayor que 30 - hasta 40,1,17541.0,Tolima,SAN SEBASTIÁN DE MARIQUITA,2.618519,A3. Mayor que 2 y menor que 3 horas,75.00803,Caldas,MANIZALES,4.458136,A5. Mayor que 4 y menor que 5 horas,104.271486,Pequeña propiedad,15485.291122737708,Pequeña propiedad,4919.0,4,12684.48276,SI,-,
254,Polygon,17,614,RIOSUCIO,CALDAS,17614,17614,Andina,1701,ALTO OCCIDENTE,Intermedio,-,53746,-,2. PBOT,SEIS,G3_MEDIO,No PDET, ZOMAC,Medio Bajo,0.442989,-,-,Irradiado_Mayor que 20 - hasta 30,Mayor que 20 - hasta 30,1,17614.0,Risaralda,LA VIRGINIA,1.967924,A2. Mayor que 1 y menor que 2 horas,74.813918,Caldas,MANIZALES,2.19317,A3. Mayor que 2 y menor que 3 horas,72.790873,Mediana propiedad,15905.587151550235,Pequeña propiedad,2586.0,3,12414.333103,SI,-,
250,Polygon,17,616,RISARALDA,CALDAS,17616,17616,Andina,1703,BAJO OCCIDENTE,Intermedio,-,11267,-,1. EOT,SEIS,G1_ALTO,No PDET, ZOMAC,Medio Bajo,0.53752,-,-,Irradiado_Mayor que 30 - hasta 40,Mayor que 30 - hasta 40,1,17616.0,Risaralda,LA VIRGINIA,0.873848,A1. Menos 1 hora,40.624978,Caldas,MANIZALES,1.638457,A2. Mayor que 1 y menor que 2 horas,50.101429,Pequeña propiedad,5079.574981327312,Pequeña propiedad,1486.0,3,5838.23255,SI,-,
249,Polygon,17,653,SALAMINA,CALDAS,17653,17653,Andina,1706,NORTE,Rural,-,19959,-,1. EOT,SEIS,G5_BAJO,No PDET,NO ZOMAC,Medio Bajo,0.38648,-,-,Irradiado_Mayor que 30 - hasta 40,Mayor que 30 - hasta 40,1,17653.0,Caldas,CHINCHINÁ,2.444997,A3. Mayor que 2 y menor que 3 horas,90.138896,Caldas,MANIZALES,2.452561,A3. Mayor que 2 y menor que 3 horas,58.422749,Mediana propiedad,21047.285097104956,Pequeña propiedad,2774.0,4,20447.673541,SI,-,
248,Polygon,17,662,SAMANA,CALDAS,17662,17662,Andina,1705,ORIENTE,Rural disperso,-,21292,-,1. EOT,SEIS,G5_BAJO,No PDET, ZOMAC,Medio Alto,0.653764,-,-,Irradiado_Mayor que 30 - hasta 40,Mayor que 30 - hasta 40,1,17662.0,Tolima,SAN SEBASTIÁN DE MARIQUITA,1.351541,A2. Mayor que 1 y menor que 2 horas,44.230361,Tolima,IBAGUÉ,3.888681,A4. Mayor que 3 y menor que 4 horas,164.808954,Mediana propiedad,35135.377695340416,Pequeña propiedad,6273.0,4,34937.990388,SI,-,
247,Polygon,17,665,SAN JOSE,CALDAS,17665,17665,Andina,1703,BAJO OCCIDENTE,Intermedio,-,4904,-,1. EOT,SEIS,G1_ALTO,No PDET,NO ZOMAC,Bajo,0.261428,-,-,Irradiado_Mayor que 30 - hasta 40,Mayor que 30 - hasta 40,1,17665.0,Risaralda,LA VIRGINIA,0.795556,A1. Menos 1 hora,30.189444,Risaralda,PEREIRA,1.58422,A2. Mayor que 1 y menor que 2 horas,60.580108,Pequeña propiedad,3909.430734409174,Pequeña propiedad,1449.0,3,3597.202902,SI,-,
246,Polygon,17,777,SUPIA,CALDAS,17777,17777,Andina,1701,ALTO OCCIDENTE,Intermedio,-,29856,-,1. EOT,SEIS,G2_MEDIO_ALTO,No PDET,NO ZOMAC,Medio Bajo,0.608605,-,-,Irradiado_Mayor que 20 - hasta 30,Mayor que 20 - hasta 30,1,17777.0,Caldas,CHINCHINÁ,1.697585,A2. Mayor que 1 y menor que 2 horas,71.262446,Caldas,MANIZALES,1.866276,A2. Mayor que 1 y menor que 2 horas,77.329351,Pequeña propiedad,6250.704647270692,Pequeña propiedad,2636.0,4,4609.228724,SI,-,
245,Polygon,17,867,VICTORIA,CALDAS,17867,17867,Andina,1705,ORIENTE,Rural,-,10462,-,1. EOT,SEIS,G5_BAJO,No PDET,NO ZOMAC,Bajo,0.489079,-,-,Irradiado_Mayor que 15 - hasta 20,Mayor que 15 - hasta 20,1,17867.0,Tolima,SAN SEBASTIÁN DE MARIQUITA,0.604535,A1. Menos 1 hora,19.199495,Tolima,IBAGUÉ,3.141674,A4. Mayor que 3 y menor que 4 horas,139.778088,Mediana propiedad,28273.948354751352,Pequeña propiedad,1104.0,3,22707.637374,SI,-,
244,Polygon,17,873,VILLA MARIA,CALDAS,17873,17873,Andina,1704,CENTRO,Ciudades y aglomeraciones,-,68601,-,2. PBOT,CINCO,G3_MEDIO,No PDET,NO ZOMAC,Bajo,0.434773,2024,4.1.2,Irradiado_Mayor que 100 - hasta 120,Mayor que 100 - hasta 120,1,17873.0,Caldas,VILLAMARÍA,0.0,A1. Menos 1 hora,0.0,Caldas,MANIZALES,0.16965,A1. Menos 1 hora,3.72132,Mediana propiedad,8313.117301324804,Pequeña propiedad,2247.0,4,8358.668146,SI,-,
243,Polygon,17,877,VITERBO,CALDAS,17877,17877,Andina,1703,BAJO OCCIDENTE,Intermedio,-,13155,-,1. EOT,SEIS,G2_MEDIO_ALTO,No PDET,NO ZOMAC,Bajo,0.326002,-,-,Irradiado_Mayor que 30 - hasta 40,Mayor que 30 - hasta 40,1,17877.0,Risaralda,LA VIRGINIA,0.475389,A1. Menos 1 hora,24.019596,Risaralda,PEREIRA,1.264053,A2. Mayor que 1 y menor que 2 horas,54.41026,Mediana propiedad,5810.506356469614,Pequeña propiedad,824.0,1,3686.188894,SI,-,
0,Polygon,18,1,FLORENCIA,CAQUETA,18001,18001,Amazonia,1800,CAQUETA,Ciudades y aglomeraciones,si,177946,-,3. POT,DOS,,PDET Cuenca del Caguán y Piedemonte Caqueteño, ZOMAC,Medio Alto,0.521297,2024,3.3.1,Mayor que 40 - hasta 50,Mayor que 40 - hasta 50,0,18001.0,Caquetá,FLORENCIA,0.0,A1. Menos 1 hora,0.0,Cauca,FLORENCIA,0.067812,A1. Menos 1 hora,0.782843,Mediana propiedad,86068.8452101321,Pequeña propiedad,2536.0,4,130405.611872,SI,-,
1,Polygon,18,29,ALBANIA,CAQUETA,18029,18029,Amazonia,1800,CAQUETA,Rural,-,4775,-,1. EOT,SEIS,G3_MEDIO,PDET Cuenca del Caguán y Piedemonte Caqueteño, ZOMAC,Medio,0.614881,-,-,Irradiado_Mayor que 10 - hasta 15,Mayor que 10 - hasta 15,1,18029.0,Caquetá,FLORENCIA,1.654393,A2. Mayor que 1 y menor que 2 horas,77.093817,Cauca,FLORENCIA,1.638497,A2. Mayor que 1 y menor que 2 horas,76.569553,Mediana propiedad,34530.865725964315,Mediana propiedad,706.0,4,30929.379492,SI,-,
2,Polygon,18,94,BELEN DE LOS ANDAQUIES,CAQUETA,18094,18094,Amazonia,1800,CAQUETA,Rural,-,11467,-,1. EOT,SEIS,G1_ALTO,PDET Cuenca del Caguán y Piedemonte Caqueteño, ZOMAC,Medio Alto,0.325419,2024,3.1.2,Mayor que 15 - hasta 20,Mayor que 15 - hasta 20,0,18094.0,Caquetá,FLORENCIA,1.023902,A2. Mayor que 1 y menor que 2 horas,48.348737,Cauca,FLORENCIA,1.008005,A2. Mayor que 1 y menor que 2 horas,47.824473,Mediana propiedad,27102.544950906253,Mediana propiedad,495.0,4,46132.140172,SI,-,
10,Polygon,18,150,CARTAGENA DEL CHAIRA,CAQUETA,18150,18150,Amazonia,1800,CAQUETA,Rural disperso,-,32611,-,2. PBOT,SEIS,G1_ALTO,PDET Cuenca del Caguán y Piedemonte Caqueteño, ZOMAC,Alto,0.631376,-,-,Irradiado_Mayor que 8 - hasta 10,Mayor que 8 - hasta 10,1,18150.0,Caquetá,FLORENCIA,3.038322,A4. Mayor que 3 y menor que 4 horas,122.933723,Cauca,FLORENCIA,3.022426,A4. Mayor que 3 y menor que 4 horas,122.409459,Mediana propiedad,189633.78945006657,Mediana propiedad,2602.0,3,255848.404927,SI,-,
14,Polygon,18,205,CURRILLO,CAQUETA,18205,18205,Amazonia,1800,CAQUETA,Rural,-,8051,-,1. EOT,SEIS,C_CIUDADES,PDET Cuenca del Caguán y Piedemonte Caqueteño, ZOMAC,Alto,0.823265,-,-,Irradiado_Mayor que 10 - hasta 15,Mayor que 10 - hasta 15,1,18205.0,Caquetá,FLORENCIA,2.502214,A3. Mayor que 2 y menor que 3 horas,109.875649,Cauca,FLORENCIA,2.486318,A3. Mayor que 2 y menor que 3 horas,109.351385,Mediana propiedad,32477.414264919054,Mediana propiedad,618.0,3,21394.012477,SI,-,
3,Polygon,18,247,EL DONCELLO,CAQUETA,18247,18247,Amazonia,1800,CAQUETA,Rural,-,20195,-,1. EOT,SEIS,G4_MEDIO_BAJO,PDET Cuenca del Caguán y Piedemonte Caqueteño, ZOMAC,Medio Alto,0.398504,-,-,Irradiado_Mayor que 10 - hasta 15,Mayor que 10 - hasta 15,1,18247.0,Caquetá,FLORENCIA,1.606913,A2. Mayor que 1 y menor que 2 horas,68.003867,Cauca,FLORENCIA,1.591017,A2. Mayor que 1 y menor que 2 horas,67.479603,Mediana propiedad,53124.0754987749,Mediana propiedad,893.0,4,79590.478448,SI,-,
4,Polygon,18,256,EL PAUJIL,CAQUETA,18256,18256,Amazonia,1800,CAQUETA,Rural,-,19137,-,1. EOT,SEIS,G5_BAJO,PDET Cuenca del Caguán y Piedemonte Caqueteño, ZOMAC,Alto,0.440685,-,-,Irradiado_Mayor que 10 - hasta 15,Mayor que 10 - hasta 15,1,18256.0,Caquetá,FLORENCIA,1.259272,A2. Mayor que 1 y menor que 2 horas,53.398485,Cauca,FLORENCIA,1.243376,A2. Mayor que 1 y menor que 2 horas,52.874221,Mediana propiedad,63445.703296200954,Mediana propiedad,1095.0,4,90187.955231,SI,-,
5,Polygon,18,410,LA MONTAÑITA,CAQUETA,18410,18410,Amazonia,1800,CAQUETA,Rural disperso,-,15503,-,1. EOT,SEIS,G5_BAJO,PDET Cuenca del Caguán y Piedemonte Caqueteño, ZOMAC,Alto,0.468411,-,-,Irradiado_Mayor que 15 - hasta 20,Mayor que 15 - hasta 20,1,18410.0,Caquetá,FLORENCIA,0.766608,A1. Menos 1 hora,32.036248,Cauca,FLORENCIA,0.750711,A1. Menos 1 hora,31.511984,Mediana propiedad,86819.37494653971,Mediana propiedad,1493.0,4,154155.483278,SI,-,
6,Polygon,18,460,MILAN,CAQUETA,18460,18460,Amazonia,1800,CAQUETA,Rural disperso,-,10256,-,1. EOT,SEIS,G4_MEDIO_BAJO,PDET Cuenca del Caguán y Piedemonte Caqueteño, ZOMAC,Alto,0.552813,2024,2.2.1,Mayor que 5 - hasta 8,Mayor que 5 - hasta 8,0,18460.0,Caquetá,FLORENCIA,1.917196,A2. Mayor que 1 y menor que 2 horas,68.442345,Cauca,FLORENCIA,1.9013,A2. Mayor que 1 y menor que 2 horas,67.918081,Mediana propiedad,80369.87250753224,Mediana propiedad,1239.0,4,94516.324772,SI,-,
7,Polygon,18,479,MORELIA,CAQUETA,18479,18479,Amazonia,1800,CAQUETA,Rural disperso,-,3905,-,1. EOT,SEIS,G5_BAJO,PDET Cuenca del Caguán y Piedemonte Caqueteño, ZOMAC,Medio Alto,0.501511,-,-,Irradiado_Mayor que 20 - hasta 30,Mayor que 20 - hasta 30,1,18479.0,Caquetá,FLORENCIA,0.59017,A1. Menos 1 hora,27.417872,Cauca,FLORENCIA,0.574274,A1. Menos 1 hora,26.893607,Mediana propiedad,35112.501809985675,Mediana propiedad,575.0,4,40237.459556,SI,-,
15,Polygon,18,592,PUERTO RICO,CAQUETA,18592,18592,Amazonia,1800,CAQUETA,Rural,-,27683,-,1. EOT,SEIS,G5_BAJO,PDET Cuenca del Caguán y Piedemonte Caqueteño, ZOMAC,Alto,0.555135,-,-,Irradiado_Mayor que 8 - hasta 10,Mayor que 8 - hasta 10,1,18592.0,Caquetá,SAN VICENTE DEL CAGUÁN,1.279343,A2. Mayor que 1 y menor que 2 horas,59.65412,Cauca,FLORENCIA,2.302976,A3. Mayor que 2 y menor que 3 horas,100.637172,Mediana propiedad,180157.9880799052,Mediana propiedad,3027.0,4,223017.16198,SI,-,
8,Polygon,18,610,SAN JOSE DEL FRAGUA,CAQUETA,18610,18610,Amazonia,1800,CAQUETA,Rural,-,13711,-,1. EOT,SEIS,G5_BAJO,PDET Cuenca del Caguán y Piedemonte Caqueteño, ZOMAC,Alto,0.567298,-,-,Irradiado_Mayor que 15 - hasta 20,Mayor que 15 - hasta 20,1,18610.0,Caquetá,FLORENCIA,1.413052,A2. Mayor que 1 y menor que 2 horas,65.831075,Cauca,FLORENCIA,1.397156,A2. Mayor que 1 y menor que 2 horas,65.306811,Mediana propiedad,39460.37925627947,Pequeña propiedad,1082.0,4,22668.645961,SI,-,
11,Polygon,18,753,SAN VICENTE DEL CAGUAN,CAQUETA,18753,18753,Amazonia,1800,CAQUETA,Rural,-,54150,-,2. PBOT,SEIS,G5_BAJO,PDET Cuenca del Caguán y Piedemonte Caqueteño, ZOMAC,Alto,0.681514,-,-,Irradiado_Mayor que 15 - hasta 20,Mayor que 15 - hasta 20,1,18753.0,Caquetá,SAN VICENTE DEL CAGUÁN,0.0,A1. Menos 1 hora,0.0,Cauca,FLORENCIA,3.462291,A4. Mayor que 3 y menor que 4 horas,159.491291,Mediana propiedad,446420.5339605494,Mediana propiedad,5527.0,4,371240.491852,SI,-,
12,Polygon,18,756,SOLANO,CAQUETA,18756,18756,Amazonia,1800,CAQUETA,Rural disperso,-,12020,-,1. EOT,SEIS,G5_BAJO,PDET Cuenca del Caguán y Piedemonte Caqueteño, ZOMAC,Alto,0.80686,-,-,Irradiado_Mayor que 3 - hasta 5,Mayor que 3 - hasta 5,1,18756.0,Caquetá,FLORENCIA,9.99964, ,181.595454,Cauca,FLORENCIA,9.983744,A8. Mayor que 8 horas,181.07119,Mediana propiedad,59967.87331160242,Mediana propiedad,858.0,4,121521.069239,SI,-,
13,Polygon,18,785,SOLITA,CAQUETA,18785,18785,Amazonia,1800,CAQUETA,Rural,-,6352,-,1. EOT,SEIS,G5_BAJO,PDET Cuenca del Caguán y Piedemonte Caqueteño, ZOMAC,Medio Alto,0.847978,-,-,Irradiado_Mayor que 8 - hasta 10,Mayor que 8 - hasta 10,1,18785.0,Caquetá,FLORENCIA,2.754767,A3. Mayor que 2 y menor que 3 horas,110.270267,Cauca,FLORENCIA,2.738871,A3. Mayor que 2 y menor que 3 horas,109.746003,Mediana propiedad,37970.24487758658,Mediana propiedad,660.0,3,33349.504722,SI,-,
9,Polygon,18,860,VALPARAISO,CAQUETA,18860,18860,Amazonia,1800,CAQUETA,Rural,-,7291,-,1. EOT,SEIS,G5_BAJO,PDET Cuenca del Caguán y Piedemonte Caqueteño, ZOMAC,Medio Alto,0.588106,-,-,Irradiado_Mayor que 15 - hasta 20,Mayor que 15 - hasta 20,1,18860.0,Caquetá,FLORENCIA,1.74256,A2. Mayor que 1 y menor que 2 horas,72.834019,Cauca,FLORENCIA,1.726664,A2. Mayor que 1 y menor que 2 horas,72.309755,Mediana propiedad,87732.614256125,Mediana propiedad,1603.0,3,80275.471698,SI,-,
16,Polygon,19,1,POPAYAN,CAUCA,19001,19001,Andina,1901,CENTRO,Ciudades y aglomeraciones,si,339454,-,3. POT,UNO,G3_MEDIO,No PDET,NO ZOMAC,Medio,0.248896,2023,4.2.1,Mayor que 80 - hasta 100,Mayor que 80 - hasta 100,0,19001.0,Cauca,POPAYÁN,0.0,A1. Menos 1 hora,0.0,Cauca,POPAYÁN,0.0,A1. Menos 1 hora,0.0,Pequeña propiedad,2617.715924957019,Pequeña propiedad,1721.0,3,2695.381469,SI,Agropecuario - caña,
17,Polygon,19,22,ALMAGUER,CAUCA,19022,19022,Andina,1905,SUR,Rural,-,19450,-,1. EOT,SEIS,G5_BAJO,No PDET,NO ZOMAC,Medio,0.957965,2023,3.1.2,Mayor que 15 - hasta 20,Mayor que 15 - hasta 20,0,19022.0,Cauca,POPAYÁN,3.249442,A4. Mayor que 3 y menor que 4 horas,105.266818,Cauca,POPAYÁN,3.076759,A4. Mayor que 3 y menor que 4 horas,98.717071,Pequeña propiedad,2014.096895735695,Pequeña propiedad,3599.0,5,1465.959146,SI,Agropecuario,
18,Polygon,19,50,ARGELIA,CAUCA,19050,19050,Andina,1905,SUR,Rural disperso,-,27823,-,1. EOT,SEIS,G5_BAJO,PDET Alto Patía-Norte del Cauca, ZOMAC,Alto,0.819274,2023,4.2.1,Mayor que 80 - hasta 100,Mayor que 80 - hasta 100,0,19050.0,Cauca,POPAYÁN,4.378483,A5. Mayor que 4 y menor que 5 horas,132.777583,Cauca,POPAYÁN,4.205799,A5. Mayor que 4 y menor que 5 horas,126.227835,Pequeña propiedad,1851.922665804201,Pequeña propiedad,1234.0,1,2440.726194,SI,Agropecuario,
19,Polygon,19,75,BALBOA,CAUCA,19075,19075,Andina,1905,SUR,Rural,-,22395,-,1. EOT,SEIS,G5_BAJO,PDET Alto Patía-Norte del Cauca, ZOMAC,Medio Alto,0.749014,2023,3.2.1,Mayor que 20 - hasta 30,Mayor que 20 - hasta 30,0,19075.0,Cauca,POPAYÁN,3.454341,A4. Mayor que 3 y menor que 4 horas,114.026616,Cauca,POPAYÁN,3.281657,A4. Mayor que 3 y menor que 4 horas,107.476869,"Gran propiedad, latifundios",1075.817745965591,Pequeña propiedad,350.0,2,1838.425756,SI,Agropecuario,
20,Polygon,19,100,BOLIVAR,CAUCA,19100,19100,Andina,1905,SUR,Rural,-,39359,-,2. PBOT,SEIS,G5_BAJO,No PDET,NO ZOMAC,Medio,0.926032,2023,3.2.1,Mayor que 20 - hasta 30,Mayor que 20 - hasta 30,0,19100.0,Cauca,POPAYÁN,3.613231,A4. Mayor que 3 y menor que 4 horas,123.206515,Cauca,POPAYÁN,3.440547,A4. Mayor que 3 y menor que 4 horas,116.656768,Mediana propiedad,8526.09605562981,Pequeña propiedad,889.0,4,8925.951122,SI,Agropecuario,
21,Polygon,19,110,BUENOS AIRES,CAUCA,19110,19110,Andina,1902,NORTE,Rural,-,35168,-,2. PBOT,SEIS,G5_BAJO,PDET Alto Patía-Norte del Cauca, ZOMAC,Medio Alto,0.837082,2023,4.1.1,Mayor que 60 - hasta 70,Mayor que 60 - hasta 70,0,19110.0,Cauca,SANTANDER DE QUILICHAO,0.818437,A1. Menos 1 hora,25.98772,Valle del Cauca,SANTIAGO DE CALI,1.860343,A2. Mayor que 1 y menor que 2 horas,74.006811,Mediana propiedad,309.6193737715057,Pequeña propiedad,178.0,1,393.662781,SI,Agropecuario,
22,Polygon,19,130,CAJIBIO,CAUCA,19130,19130,Andina,1901,CENTRO,Rural,-,44527,-,2. PBOT,SEIS,G2_MEDIO_ALTO,PDET Alto Patía-Norte del Cauca, ZOMAC,Medio,0.548068,2023,4.2.1,Mayor que 80 - hasta 100,Mayor que 80 - hasta 100,0,19130.0,Cauca,POPAYÁN,0.646788,A1. Menos 1 hora,22.542136,Cauca,POPAYÁN,0.781301,A1. Menos 1 hora,28.691883,Pequeña propiedad,7008.684725857559,Pequeña propiedad,3595.0,2,9683.976905,SI,Agropecuario - caña,
23,Polygon,19,137,CALDONO,CAUCA,19137,19137,Andina,1904,ORIENTE,Rural,-,42815,-,2. PBOT,SEIS,G2_MEDIO_ALTO,PDET Alto Patía-Norte del Cauca, ZOMAC,Medio Alto,0.621495,2023,3.2.2,Mayor que 30 - hasta 40,Mayor que 30 - hasta 40,0,19137.0,Cauca,SANTANDER DE QUILICHAO,1.189841,A2. Mayor que 1 y menor que 2 horas,39.381833,Cauca,POPAYÁN,1.614785,A2. Mayor que 1 y menor que 2 horas,57.809755,Pequeña propiedad,1936.435995776055,Pequeña propiedad,1060.0,3,1710.756271,SI,Agropecuario,
24,Polygon,19,142,CALOTO,CAUCA,19142,19142,Andina,1902,NORTE,Rural,-,31272,-,2. PBOT,CINCO,G4_MEDIO_BAJO,PDET Alto Patía-Norte del Cauca, ZOMAC,Alto,0.603221,2023,4.2.2,Mayor que 100 - hasta 120,Mayor que 100 - hasta 120,0,19142.0,Cauca,SANTANDER DE QUILICHAO,0.325049,A1. Menos 1 hora,11.115433,Valle del Cauca,SANTIAGO DE CALI,1.249883,A2. Mayor que 1 y menor que 2 horas,51.207316,Mediana propiedad,1680.680271406217,Pequeña propiedad,1160.0,4,2007.686978,SI,Agropecuario - caña,
25,Polygon,19,212,CORINTO,CAUCA,19212,19212,Andina,1902,NORTE,Intermedio,-,26810,-,1. EOT,SEIS,G5_BAJO,PDET Alto Patía-Norte del Cauca, ZOMAC,Alto,0.584419,2023,3.2.1,Mayor que 20 - hasta 30,Mayor que 20 - hasta 30,0,19212.0,Valle del Cauca,FLORIDA,0.469788,A1. Menos 1 hora,19.785281,Valle del Cauca,SANTIAGO DE CALI,1.41765,A2. Mayor que 1 y menor que 2 horas,62.215642,Pequeña propiedad,6336.368850260832,Pequeña propiedad,1762.0,2,5815.343101,SI,AGROPECUARIO,
52,Polygon,19,256,EL TAMBO,CAUCA,19256,19256,Andina,1901,CENTRO,Rural disperso,-,57126,-,2. PBOT,SEIS,G3_MEDIO,PDET Alto Patía-Norte del Cauca, ZOMAC,Alto,0.824422,2023,3.2.2,Mayor que 30 - hasta 40,Mayor que 30 - hasta 40,0,19256.0,Cauca,POPAYÁN,1.08344,A2. Mayor que 1 y menor que 2 horas,36.081833,Cauca,POPAYÁN,0.910756,A1. Menos 1 hora,29.532085,Pequeña propiedad,7082.881736603424,Pequeña propiedad,3613.0,1,4557.969433,SI,AGROPECUARIO,
26,Polygon,19,290,FLORENCIA,CAUCA,19290,19290,Andina,1905,SUR,Intermedio,-,5442,-,1. EOT,SEIS,G5_BAJO,No PDET, ZOMAC,Medio,0.733885,2023,3.2.2,Mayor que 30 - hasta 40,Mayor que 30 - hasta 40,0,19290.0,Nariño,SAN JUAN DE PASTO,2.958073,A3. Mayor que 2 y menor que 3 horas,91.731789,Nariño,SAN JUAN DE PASTO,2.980773,A3. Mayor que 2 y menor que 3 horas,92.273211,Pequeña propiedad,1175.712802975364,Pequeña propiedad,953.0,4,1254.748485,SI,Agropecuario,
53,Polygon,19,318,GUAPI,CAUCA,19318,19318,Andina,1903,OCCIDENTE,Rural,-,29207,-,1. EOT,SEIS,C_CIUDADES,PDET Pacífico Medio, ZOMAC,Alto,0.012821,2023,3.1.2,Mayor que 15 - hasta 20,Mayor que 15 - hasta 20,0,nan,,,0.0, ,0.0,,,0.0, ,0.0,"Gran propiedad, latifundios",3757.353174012514,Pequeña propiedad,78.0,3,3253.318153,SI,Agropecuario,
27,Polygon,19,355,INZA,CAUCA,19355,19355,Andina,1904,ORIENTE,Rural disperso,-,30794,-,2. PBOT,SEIS,G1_ALTO,No PDET,NO ZOMAC,Medio,0.764083,2023,3.2.1,Mayor que 20 - hasta 30,Mayor que 20 - hasta 30,0,19355.0,Huila,LA PLATA,1.386885,A2. Mayor que 1 y menor que 2 horas,38.19899,Cauca,POPAYÁN,2.386024,A3. Mayor que 2 y menor que 3 horas,89.580317,"Gran propiedad, latifundios",2083.903108894119,Pequeña propiedad,764.0,3,3142.750464,SI,AGROPECUARIO - CERCANO A ZONA URBANA,
28,Polygon,19,364,JAMBALO,CAUCA,19364,19364,Andina,1904,ORIENTE,Rural,-,19101,-,1. EOT,SEIS,G2_MEDIO_ALTO,PDET Alto Patía-Norte del Cauca, ZOMAC,Medio Alto,0.771065,2023,3.1.2,Mayor que 15 - hasta 20,Mayor que 15 - hasta 20,0,19364.0,Cauca,SANTANDER DE QUILICHAO,1.646193,A2. Mayor que 1 y menor que 2 horas,43.358788,Cauca,POPAYÁN,1.908093,A2. Mayor que 1 y menor que 2 horas,61.958283,"Gran propiedad, latifundios",2745.730663431494,"Gran propiedad, latifundios",14.0,4,2834.265519,SI,Agropecuario,
29,Polygon,19,392,LA SIERRA,CAUCA,19392,19392,Andina,1901,CENTRO,Rural,-,11286,-,1. EOT,SEIS,G5_BAJO,No PDET,NO ZOMAC,Medio Bajo,0.892889,2023,3.2.1,Mayor que 20 - hasta 30,Mayor que 20 - hasta 30,0,19392.0,Cauca,POPAYÁN,1.724782,A2. Mayor que 1 y menor que 2 horas,54.726912,Cauca,POPAYÁN,1.552099,A2. Mayor que 1 y menor que 2 horas,48.177164,Pequeña propiedad,4601.615071032222,Pequeña propiedad,2002.0,3,5278.527745,SI,AGROPECUARIO - CERCANO A ZONA URBANA,
30,Polygon,19,397,LA VEGA,CAUCA,19397,19397,Andina,1905,SUR,Rural,-,26020,-,1. EOT,SEIS,G5_BAJO,No PDET,NO ZOMAC,Medio,0.879758,2023,3.1.2,Mayor que 15 - hasta 20,Mayor que 15 - hasta 20,0,19397.0,Cauca,POPAYÁN,2.558232,A3. Mayor que 2 y menor que 3 horas,86.218795,Cauca,POPAYÁN,2.385548,A3. Mayor que 2 y menor que 3 horas,79.669048,Pequeña propiedad,3766.418682042999,Pequeña propiedad,3477.0,3,3325.073072,SI,Agropecuario,
54,Polygon,19,418,LOPEZ,CAUCA,19418,19418,Andina,1903,OCCIDENTE,Rural disperso,-,19749,-,1. EOT,SEIS,G5_BAJO,PDET Pacífico Medio, ZOMAC,Alto,0.010463,2023,3.1.2,Mayor que 15 - hasta 20,Mayor que 15 - hasta 20,0,nan,,,0.0, ,0.0,,,0.0, ,0.0,"Gran propiedad, latifundios",451.2102838988815,Pequeña propiedad,15.0,2,52.120199,SI,AGROPECUARIO,
31,Polygon,19,450,MERCADERES,CAUCA,19450,19450,Andina,1905,SUR,Rural disperso,-,24716,-,1. EOT,SEIS,G4_MEDIO_BAJO,PDET Alto Patía-Norte del Cauca, ZOMAC,Medio,0.732725,2023,3.2.1,Mayor que 20 - hasta 30,Mayor que 20 - hasta 30,0,19450.0,Nariño,SAN JUAN DE PASTO,2.959388,A3. Mayor que 2 y menor que 3 horas,96.418795,Nariño,SAN JUAN DE PASTO,2.982088,A3. Mayor que 2 y menor que 3 horas,96.960216,Mediana propiedad,1833.649758345695,Pequeña propiedad,358.0,2,2288.549692,SI,AGROPECUARIO - CERCANO A ZONA URBANA,
32,Polygon,19,455,MIRANDA,CAUCA,19455,19455,Andina,1902,NORTE,Intermedio,-,33395,-,2. PBOT,CINCO,G3_MEDIO,PDET Alto Patía-Norte del Cauca, ZOMAC,Medio Alto,0.58019,2023,3.3.1,Mayor que 40 - hasta 50,Mayor que 40 - hasta 50,0,19455.0,Valle del Cauca,FLORIDA,0.208473,A1. Menos 1 hora,9.042641,Valle del Cauca,SANTIAGO DE CALI,1.156335,A2. Mayor que 1 y menor que 2 horas,51.473001,Mediana propiedad,141.8777872873035,Pequeña propiedad,90.0,2,259.657144,SI,Agropecuario,
33,Polygon,19,473,MORALES,CAUCA,19473,19473,Andina,1901,CENTRO,Rural,-,41591,-,2. PBOT,SEIS,G2_MEDIO_ALTO,PDET Alto Patía-Norte del Cauca, ZOMAC,Medio Alto,0.642546,2023,4.1.1,Mayor que 60 - hasta 70,Mayor que 60 - hasta 70,0,19473.0,Cauca,POPAYÁN,1.193446,A2. Mayor que 1 y menor que 2 horas,43.857063,Cauca,POPAYÁN,1.327959,A2. Mayor que 1 y menor que 2 horas,50.006811,Pequeña propiedad,3665.974847635514,Pequeña propiedad,1969.0,2,4434.243522,SI,AGROPECUARIO - CERCANO A ZONA URBANA,
34,Polygon,19,513,PADILLA,CAUCA,19513,19513,Andina,1902,NORTE,Ciudades y aglomeraciones,-,10510,-,1. EOT,SEIS,G5_BAJO,No PDET,NO ZOMAC,Medio,0.58042,2023,4.2.2,Mayor que 100 - hasta 120,Mayor que 100 - hasta 120,0,19513.0,Cauca,PUERTO TEJADA,0.437687,A1. Menos 1 hora,14.008326,Valle del Cauca,SANTIAGO DE CALI,1.139091,A2. Mayor que 1 y menor que 2 horas,41.82031,Pequeña propiedad,2550.339285885769,Pequeña propiedad,2101.0,1,4873.29669,SI,Agropecuario - caña,
35,Polygon,19,517,PAEZ,CAUCA,19517,19517,Andina,1904,ORIENTE,Rural disperso,-,49137,-,2. PBOT,SEIS,G4_MEDIO_BAJO,No PDET,NO ZOMAC,Medio,0.766367,2023,3.2.2,Mayor que 30 - hasta 40,Mayor que 30 - hasta 40,0,19517.0,Huila,LA PLATA,1.709834,A2. Mayor que 1 y menor que 2 horas,38.264675,Cauca,POPAYÁN,3.303161,A4. Mayor que 3 y menor que 4 horas,112.969762,"Gran propiedad, latifundios",2583.221447163935,Pequeña propiedad,51.0,4,2284.559535,SI,AGROPECUARIO - CERCANO A VÍA PANAMERICANA,
36,Polygon,19,532,PATIA,CAUCA,19532,19532,Andina,1905,SUR,Intermedio,-,38968,-,2. PBOT,SEIS,G5_BAJO,PDET Alto Patía-Norte del Cauca, ZOMAC,Medio Alto,0.72123,2023,3.2.2,Mayor que 30 - hasta 40,Mayor que 30 - hasta 40,0,19532.0,Cauca,POPAYÁN,2.376678,A3. Mayor que 2 y menor que 3 horas,78.369048,Cauca,POPAYÁN,2.203994,A3. Mayor que 2 y menor que 3 horas,71.8193,Mediana propiedad,1881.494162067654,Pequeña propiedad,290.0,2,1720.796932,SI,AGROPECUARIO - CERCANO A ZONA URBANA,
37,Polygon,19,533,PIAMONTE,CAUCA,19533,19533,Andina,1905,SUR,Rural disperso,-,9715,-,1. EOT,SEIS,G5_BAJO,No PDET, ZOMAC,Alto,0.803002,2023,3.2.1,Mayor que 20 - hasta 30,Mayor que 20 - hasta 30,0,19533.0,Putumayo,MOCOA,1.432029,A2. Mayor que 1 y menor que 2 horas,63.785491,Putumayo,MOCOA,1.411682,A2. Mayor que 1 y menor que 2 horas,63.078384,Mediana propiedad,4157.986441309318,Pequeña propiedad,194.0,3,7141.342951,SI,AGROPECUARIO - CERCANO A ZONA URBANA,
38,Polygon,19,548,PIENDAMO,CAUCA,19548,19548,Andina,1901,CENTRO,Intermedio,-,43495,-,2. PBOT,SEIS,G3_MEDIO,PDET Alto Patía-Norte del Cauca, ZOMAC,Medio,0.424019,2023,4.1.1,Mayor que 60 - hasta 70,Mayor que 60 - hasta 70,0,19548.0,Cauca,POPAYÁN,0.725019,A1. Menos 1 hora,25.956349,Cauca,POPAYÁN,0.859532,A1. Menos 1 hora,32.106097,Pequeña propiedad,963.5126919406242,Pequeña propiedad,872.0,2,970.142997,SI,AGROPECUARIO,
39,Polygon,19,573,PUERTO TEJADA,CAUCA,19573,19573,Andina,1902,NORTE,Ciudades y aglomeraciones,-,44134,-,2. PBOT,SEIS,G5_BAJO,No PDET,NO ZOMAC,Medio Bajo,0.594551,2023,5.1.1,Mayor que 120 - hasta 140,Mayor que 120 - hasta 140,0,19573.0,Cauca,PUERTO TEJADA,0.0,A1. Menos 1 hora,0.0,Valle del Cauca,SANTIAGO DE CALI,0.787156,A1. Menos 1 hora,28.411984,Mediana propiedad,308.7942803109463,Pequeña propiedad,197.0,1,344.358581,SI,Agropecuario - caña,
40,Polygon,19,585,PURACE,CAUCA,19585,19585,Andina,1904,ORIENTE,Rural disperso,-,18428,-,1. EOT,SEIS,G1_ALTO,No PDET,NO ZOMAC,Medio,0.530045,2023,3.2.1,Mayor que 20 - hasta 30,Mayor que 20 - hasta 30,0,19585.0,Cauca,POPAYÁN,0.982648,A1. Menos 1 hora,24.835029,Cauca,POPAYÁN,0.967571,A1. Menos 1 hora,25.269343,"Gran propiedad, latifundios",3477.019779063986,Pequeña propiedad,374.0,2,2572.363739,SI,AGROPECUARIO - CERCANO A ZONA URBANA,
41,Polygon,19,622,ROSAS,CAUCA,19622,19622,Andina,1901,CENTRO,Intermedio,-,12142,-,1. EOT,SEIS,G3_MEDIO,No PDET,NO ZOMAC,Medio,0.760431,2023,3.2.2,Mayor que 30 - hasta 40,Mayor que 30 - hasta 40,0,19622.0,Cauca,POPAYÁN,1.204461,A2. Mayor que 1 y menor que 2 horas,40.573001,Cauca,POPAYÁN,1.031777,A2. Mayor que 1 y menor que 2 horas,34.023254,Pequeña propiedad,501.496119046087,Pequeña propiedad,376.0,2,509.899343,SI,AGROPECUARIO - CERCANO A ZONA URBANA,
42,Polygon,19,693,SAN SEBASTIAN,CAUCA,19693,19693,Andina,1905,SUR,Rural disperso,-,11619,-,1. EOT,SEIS,G5_BAJO,No PDET,NO ZOMAC,Medio,0.870328,2023,3.1.2,Mayor que 15 - hasta 20,Mayor que 15 - hasta 20,0,19693.0,Cauca,POPAYÁN,3.542008,A4. Mayor que 3 y menor que 4 horas,115.209459,Cauca,POPAYÁN,3.369324,A4. Mayor que 3 y menor que 4 horas,108.659711,"Gran propiedad, latifundios",5727.139768093632,Pequeña propiedad,2836.0,4,9227.706112,SI,AGROPECUARIO,
43,Polygon,19,698,SANTANDER DE QUILICHAO,CAUCA,19698,19698,Andina,1902,NORTE,Intermedio,-,116885,-,3. POT,CINCO,G5_BAJO,PDET Alto Patía-Norte del Cauca, ZOMAC,Medio,0.628281,2023,4.1.2,Mayor que 70 - hasta 80,Mayor que 70 - hasta 80,0,19698.0,Cauca,SANTANDER DE QUILICHAO,0.0,A1. Menos 1 hora,0.0,Valle del Cauca,SANTIAGO DE CALI,1.215488,A2. Mayor que 1 y menor que 2 horas,51.974726,Pequeña propiedad,4120.244668691398,Pequeña propiedad,3988.0,3,3025.125749,SI,AGROPECUARIO,
44,Polygon,19,701,SANTA ROSA,CAUCA,19701,19701,Andina,1905,SUR,Rural disperso,-,5639,-,1. EOT,SEIS,G5_BAJO,No PDET, ZOMAC,Medio Alto,0.646704,2023,3.1.1,Mayor que 10 - hasta 15,Mayor que 10 - hasta 15,0,19701.0,Cauca,POPAYÁN,4.886726,A5. Mayor que 4 y menor que 5 horas,155.264084,Cauca,POPAYÁN,4.714042,A5. Mayor que 4 y menor que 5 horas,148.714336,"Gran propiedad, latifundios",83.09676935078073,Mediana propiedad,3.0,4,8889.79472,SI,AGROPECUARIO,
45,Polygon,19,743,SILVIA,CAUCA,19743,19743,Andina,1904,ORIENTE,Rural,-,39977,-,2. PBOT,SEIS,G2_MEDIO_ALTO,No PDET,NO ZOMAC,Medio Bajo,0.433358,2023,3.2.1,Mayor que 20 - hasta 30,Mayor que 20 - hasta 30,0,19743.0,Cauca,POPAYÁN,1.031245,A2. Mayor que 1 y menor que 2 horas,32.629141,Cauca,POPAYÁN,1.165758,A2. Mayor que 1 y menor que 2 horas,38.778889,Pequeña propiedad,1459.138687220148,Pequeña propiedad,348.0,3,1680.122926,SI,AGROPECUARIO - CERCANO A ZONA URBANA,
46,Polygon,19,760,SOTARA,CAUCA,19760,19760,Andina,1901,CENTRO,Rural disperso,-,14856,-,1. EOT,SEIS,G5_BAJO,No PDET,NO ZOMAC,Medio,0.60833,2023,4.1.1,Mayor que 60 - hasta 70,Mayor que 60 - hasta 70,0,19760.0,Cauca,POPAYÁN,0.98146,A1. Menos 1 hora,31.380613,Cauca,POPAYÁN,0.808776,A1. Menos 1 hora,24.830866,Mediana propiedad,1174.494652072925,Pequeña propiedad,482.0,3,1754.695173,SI,AGROPECUARIO - CERCANO A ZONA URBANA,
47,Polygon,19,780,SUAREZ,CAUCA,19780,19780,Andina,1902,NORTE,Rural,-,33762,-,2. PBOT,SEIS,G5_BAJO,PDET Alto Patía-Norte del Cauca, ZOMAC,Alto,0.785172,2023,4.1.1,Mayor que 60 - hasta 70,Mayor que 60 - hasta 70,0,19780.0,Cauca,SANTANDER DE QUILICHAO,1.282101,A2. Mayor que 1 y menor que 2 horas,38.717366,Valle del Cauca,SANTIAGO DE CALI,2.276414,A3. Mayor que 2 y menor que 3 horas,74.523968,Mediana propiedad,258.7227378760479,Pequeña propiedad,161.0,1,487.236058,SI,AGROPECUARIO - CERCANO A ZONA URBANA,
48,Polygon,19,785,SUCRE,CAUCA,19785,19785,Andina,1905,SUR,Rural,-,9936,-,1. EOT,SEIS,G5_BAJO,No PDET,NO ZOMAC,Medio,0.915796,2023,3.2.1,Mayor que 20 - hasta 30,Mayor que 20 - hasta 30,0,19785.0,Cauca,POPAYÁN,2.929127,A3. Mayor que 2 y menor que 3 horas,89.350166,Cauca,POPAYÁN,2.756443,A3. Mayor que 2 y menor que 3 horas,82.800418,Pequeña propiedad,469.4969301121267,Pequeña propiedad,176.0,2,683.02613,SI,AGROPECUARIO - CERCANO A ZONA URBANA,
49,Polygon,19,807,TIMBIO,CAUCA,19807,19807,Andina,1901,CENTRO,Intermedio,-,37682,-,2. PBOT,SEIS,G1_ALTO,No PDET,NO ZOMAC,Medio,0.584592,2023,3.2.2,Mayor que 30 - hasta 40,Mayor que 30 - hasta 40,0,19807.0,Cauca,POPAYÁN,0.586888,A1. Menos 1 hora,22.342136,Cauca,POPAYÁN,0.414204,A1. Menos 1 hora,15.792388,Pequeña propiedad,6964.046851442329,Pequeña propiedad,4766.0,2,7216.735947,SI,AGROPECUARIO,
55,Polygon,19,809,TIMBIQUI,CAUCA,19809,19809,Andina,1903,OCCIDENTE,Rural disperso,-,27822,-,1. EOT,SEIS,G1_ALTO,PDET Pacífico Medio, ZOMAC,Medio Alto,0.371429,2023,3.1.2,Mayor que 15 - hasta 20,Mayor que 15 - hasta 20,0,nan,,,0.0, ,0.0,,,0.0, ,0.0,"Gran propiedad, latifundios",2857.206665852674,Pequeña propiedad,127.0,4,1509.191064,SI,AGROPECUARIO,
50,Polygon,19,821,TORIBIO,CAUCA,19821,19821,Andina,1904,ORIENTE,Rural,-,37166,-,2. PBOT,SEIS,G4_MEDIO_BAJO,PDET Alto Patía-Norte del Cauca, ZOMAC,Alto,0.497942,2023,3.2.1,Mayor que 20 - hasta 30,Mayor que 20 - hasta 30,0,19821.0,Cauca,SANTANDER DE QUILICHAO,1.250063,A2. Mayor que 1 y menor que 2 horas,39.254625,Valle del Cauca,SANTIAGO DE CALI,2.149704,A3. Mayor que 2 y menor que 3 horas,76.863665,"Gran propiedad, latifundios",13620.06358064187,Pequeña propiedad,69.0,2,5162.850471,SI,AGROFORESTAL - MINERIA,
51,Polygon,19,824,TOTORO,CAUCA,19824,19824,Andina,1904,ORIENTE,Rural,-,26336,-,1. EOT,SEIS,G4_MEDIO_BAJO,No PDET,NO ZOMAC,Medio,0.322844,2023,3.3.1,Mayor que 40 - hasta 50,Mayor que 40 - hasta 50,0,19824.0,Cauca,POPAYÁN,0.698197,A1. Menos 1 hora,25.086501,Cauca,POPAYÁN,0.832709,A1. Menos 1 hora,31.236248,Pequeña propiedad,1070.693486347856,Pequeña propiedad,440.0,3,2066.208448,SI,AGROPECUARIO - CERCANO A VÍA PRINCIPAL,
56,Polygon,19,845,VILLA RICA,CAUCA,19845,19845,Andina,1902,NORTE,Ciudades y aglomeraciones,-,21935,-,1. EOT,SEIS,G1_ALTO,No PDET,NO ZOMAC,Medio Bajo,0.729952,2023,4.2.2,Mayor que 100 - hasta 120,Mayor que 100 - hasta 120,0,19845.0,Cauca,PUERTO TEJADA,0.292387,A1. Menos 1 hora,8.398276,Valle del Cauca,SANTIAGO DE CALI,0.825265,A1. Menos 1 hora,34.432085,"Gran propiedad, latifundios",2627.730899325614,Pequeña propiedad,753.0,4,3880.990788,SI,AGROPECUARIO - CAÑA,
546,Polygon,20,1,VALLEDUPAR,CESAR,20001,20001,Caribe,2003,NORTE,Ciudades y aglomeraciones,si,558938,-,3. POT,UNO,G1_ALTO,PDET Sierra Nevada-Perijá,NO ZOMAC,Medio,0.410175,2023,3.3.2,Mayor que 50 - hasta 60,Mayor que 50 - hasta 60,0,20001.0,Cesar,VALLEDUPAR,0.0,A1. Menos 1 hora,0.0,Cesar,VALLEDUPAR,0.0,A1. Menos 1 hora,0.0,Mediana propiedad,20265.83600079047,Pequeña propiedad,781.0,1,26933.755812,SI,Agropecuario,
552,Polygon,20,11,AGUACHICA,CESAR,20011,20011,Caribe,2004,SUR,Intermedio,-,126377,-,3. POT,CUATRO,G5_BAJO,No PDET, ZOMAC,Medio,0.756814,2023,3.2.1,Mayor que 20 - hasta 30,Mayor que 20 - hasta 30,0,20011.0,Cesar,AGUACHICA,0.0,A1. Menos 1 hora,0.0,Santander,BUCARAMANGA,4.053784,A5. Mayor que 4 y menor que 5 horas,168.9386,Mediana propiedad,8439.100576071733,Pequeña propiedad,753.0,3,6122.7743,SI,"Agropecuario, parcelaciones",
547,Polygon,20,13,AGUSTIN CODAZZI,CESAR,20013,20013,Caribe,2003,NORTE,Intermedio,-,69759,-,2. PBOT,SEIS,G2_MEDIO_ALTO,PDET Sierra Nevada-Perijá, ZOMAC,Medio,0.575991,2023,3.2.1,Mayor que 20 - hasta 30,Mayor que 20 - hasta 30,0,20013.0,Cesar,AGUSTÍN CODAZZI,0.0,A1. Menos 1 hora,0.0,Cesar,VALLEDUPAR,1.289627,A2. Mayor que 1 y menor que 2 horas,64.124473,"Gran propiedad, latifundios",22710.2160429839,Mediana propiedad,163.0,1,29168.336764,SI,Agropecuario,
528,Polygon,20,32,ASTREA,CESAR,20032,20032,Caribe,2002,NOROCCIDENTAL,Rural,-,22921,-,1. EOT,SEIS,G5_BAJO,No PDET,NO ZOMAC,Medio Bajo,0.420463,2023,3.1.2,Mayor que 15 - hasta 20,Mayor que 15 - hasta 20,0,20032.0,Cesar,BOSCONIA,1.595611,A2. Mayor que 1 y menor que 2 horas,78.830065,Cesar,VALLEDUPAR,3.351804,A4. Mayor que 3 y menor que 4 horas,176.096883,Mediana propiedad,9706.99741007347,Mediana propiedad,242.0,2,9458.23659,SI,Agropecuario,
548,Polygon,20,45,BECERRIL,CESAR,20045,20045,Caribe,2001,CENTRAL,Rural,-,24797,-,1. EOT,SEIS,G2_MEDIO_ALTO,PDET Sierra Nevada-Perijá, ZOMAC,Medio,0.610382,2023,3.2.1,Mayor que 20 - hasta 30,Mayor que 20 - hasta 30,0,20045.0,Cesar,LA JAGUA DE IBIRICO,0.49467,A1. Menos 1 hora,18.885281,Cesar,VALLEDUPAR,1.940235,A2. Mayor que 1 y menor que 2 horas,103.512698,"Gran propiedad, latifundios",15184.17095277742,Mediana propiedad,114.0,1,8153.207749,SI,Agropecuario,
529,Polygon,20,60,BOSCONIA,CESAR,20060,20060,Caribe,2002,NOROCCIDENTAL,Intermedio,-,46093,-,2. PBOT,SEIS,G4_MEDIO_BAJO,No PDET, ZOMAC,Medio Bajo,0.573816,2023,3.1.2,Mayor que 15 - hasta 20,Mayor que 15 - hasta 20,0,20060.0,Cesar,BOSCONIA,0.0,A1. Menos 1 hora,0.0,Cesar,VALLEDUPAR,1.769723,A2. Mayor que 1 y menor que 2 horas,98.032504,"Gran propiedad, latifundios",19883.57345494604,Mediana propiedad,143.0,2,23594.250726,SI,Agropecuario,
530,Polygon,20,175,CHIMICHAGUA,CESAR,20175,20175,Caribe,2001,CENTRAL,Rural,-,39045,-,2. PBOT,SEIS,G4_MEDIO_BAJO,No PDET,NO ZOMAC,Medio Bajo,0.701775,2023,3.1.1,Mayor que 10 - hasta 15,Mayor que 10 - hasta 15,0,20175.0,Magdalena,EL BANCO,0.851018,A1. Menos 1 hora,40.388939,Cesar,VALLEDUPAR,3.796845,A4. Mayor que 3 y menor que 4 horas,207.39049,Mediana propiedad,34409.86055877429,Pequeña propiedad,1195.0,3,37859.505279,SI,Agropecuario,
531,Polygon,20,178,CHIRIGUANA,CESAR,20178,20178,Caribe,2001,CENTRAL,Rural,-,31771,-,2. PBOT,SEIS,G2_MEDIO_ALTO,No PDET, ZOMAC,Medio Bajo,0.620816,2023,3.1.2,Mayor que 15 - hasta 20,Mayor que 15 - hasta 20,0,20178.0,Cesar,CURUMANÍ,0.736158,A1. Menos 1 hora,29.882338,Cesar,VALLEDUPAR,3.460827,A4. Mayor que 3 y menor que 4 horas,165.01829,"Gran propiedad, latifundios",29747.92992000659,Pequeña propiedad,561.0,2,21700.312806,SI,Agropecuario,
532,Polygon,20,228,CURUMANI,CESAR,20228,20228,Caribe,2001,CENTRAL,Rural,-,42836,-,2. PBOT,SEIS,G3_MEDIO,No PDET, ZOMAC,Medio,0.536567,2023,3.1.1,Mayor que 10 - hasta 15,Mayor que 10 - hasta 15,0,20228.0,Cesar,CURUMANÍ,0.0,A1. Menos 1 hora,0.0,Cesar,VALLEDUPAR,3.364775,A4. Mayor que 3 y menor que 4 horas,176.292302,Mediana propiedad,14203.24658092172,Pequeña propiedad,973.0,1,13138.158196,SI,Agropecuario,
533,Polygon,20,238,EL COPEY,CESAR,20238,20238,Caribe,2002,NOROCCIDENTAL,Rural,-,34418,-,2. PBOT,SEIS,G5_BAJO,No PDET, ZOMAC,Medio,0.679459,2023,3.1.2,Mayor que 15 - hasta 20,Mayor que 15 - hasta 20,0,20238.0,Cesar,EL COPEY,0.0,A1. Menos 1 hora,0.0,Cesar,VALLEDUPAR,2.278126,A3. Mayor que 2 y menor que 3 horas,121.280527,"Gran propiedad, latifundios",14339.02488628867,Mediana propiedad,212.0,1,14776.569408,SI,Agropecuario,
534,Polygon,20,250,EL PASO,CESAR,20250,20250,Caribe,2002,NOROCCIDENTAL,Rural disperso,-,42960,-,2. PBOT,SEIS,G5_BAJO,No PDET,NO ZOMAC,Medio,0.722083,2023,3.1.2,Mayor que 15 - hasta 20,Mayor que 15 - hasta 20,0,20250.0,Cesar,BOSCONIA,0.769934,A1. Menos 1 hora,43.385491,Cesar,VALLEDUPAR,2.526127,A3. Mayor que 2 y menor que 3 horas,140.652309,"Gran propiedad, latifundios",4018.481728696303,Mediana propiedad,117.0,2,5684.447867,SI,Agrícola y pecuario,
535,Polygon,20,295,GAMARRA,CESAR,20295,20295,Caribe,2004,SUR,Rural,-,17143,-,1. EOT,SEIS,G5_BAJO,No PDET,NO ZOMAC,Bajo,0.665241,2023,3.2.1,Mayor que 20 - hasta 30,Mayor que 20 - hasta 30,0,20295.0,Cesar,AGUACHICA,0.730143,A1. Menos 1 hora,17.998276,Santander,BUCARAMANGA,4.763365,A5. Mayor que 4 y menor que 5 horas,186.736876,Mediana propiedad,1777.998546551428,Mediana propiedad,38.0,1,677.788814,SI,Agropecuario con influencia de la via Ruta del Sol,
536,Polygon,20,310,GONZALEZ,CESAR,20310,20310,Caribe,2004,SUR,Rural,-,4819,-,1. EOT,SEIS,G3_MEDIO,No PDET,NO ZOMAC,Medio Bajo,0.328814,2023,3.2.1,Mayor que 20 - hasta 30,Mayor que 20 - hasta 30,0,20310.0,Norte de Santander,OCAÑA,0.8475,A1. Menos 1 hora,20.230866,Santander,BUCARAMANGA,6.003706,A7. Mayor que 6 y menor que 7 horas,216.515765,Pequeña propiedad,1658.374668377163,Pequeña propiedad,317.0,4,3057.761962,SI,Agrícola y pecuario,
537,Polygon,20,383,LA GLORIA,CESAR,20383,20383,Caribe,2004,SUR,Rural,-,19644,-,1. EOT,SEIS,G5_BAJO,No PDET, ZOMAC,Medio,0.284977,2023,3.2.1,Mayor que 20 - hasta 30,Mayor que 20 - hasta 30,0,20383.0,Cesar,AGUACHICA,1.590752,A2. Mayor que 1 y menor que 2 horas,59.370563,Santander,BUCARAMANGA,5.608545,A6. Mayor que 5 y menor que 6 horas,227.767742,Mediana propiedad,9132.24185683232,Mediana propiedad,244.0,1,9260.909839,SI,Agropecuario,
538,Polygon,20,400,LA JAGUA DE IBIRICO,CESAR,20400,20400,Caribe,2001,CENTRAL,Rural,-,53557,-,2. PBOT,CUATRO,G5_BAJO,PDET Sierra Nevada-Perijá, ZOMAC,Medio,0.757911,2023,3.2.1,Mayor que 20 - hasta 30,Mayor que 20 - hasta 30,0,20400.0,Cesar,LA JAGUA DE IBIRICO,0.0,A1. Menos 1 hora,0.0,Cesar,VALLEDUPAR,2.383138,A3. Mayor que 2 y menor que 3 horas,121.99798,"Gran propiedad, latifundios",8966.569129948537,Mediana propiedad,211.0,2,11687.971724,SI,Agropecuario,
539,Polygon,20,443,MANAURE,CESAR,20443,20443,Caribe,2003,NORTE,Intermedio,-,11577,-,1. EOT,SEIS,G3_MEDIO,PDET Sierra Nevada-Perijá, ZOMAC,Medio,0.542243,2023,3.2.1,Mayor que 20 - hasta 30,Mayor que 20 - hasta 30,0,20443.0,La Guajira,VILLANUEVA,1.088793,A2. Mayor que 1 y menor que 2 horas,42.054625,Cesar,VALLEDUPAR,1.351,A2. Mayor que 1 y menor que 2 horas,39.959293,Mediana propiedad,412.1241676315973,Pequeña propiedad,201.0,3,536.530137,SI,"Agropecuario, microfundios",
540,Polygon,20,517,PAILITAS,CESAR,20517,20517,Caribe,2001,CENTRAL,Rural,-,21284,-,1. EOT,SEIS,G3_MEDIO,No PDET, ZOMAC,Medio,0.518774,2023,3.2.1,Mayor que 20 - hasta 30,Mayor que 20 - hasta 30,0,20517.0,Cesar,CURUMANÍ,0.7238,A1. Menos 1 hora,37.680613,Cesar,VALLEDUPAR,4.088576,A5. Mayor que 4 y menor que 5 horas,213.972915,"Gran propiedad, latifundios",1683.044704757248,Pequeña propiedad,56.0,2,2534.285249,SI,"Agropecuario, influencia via Ruta del Sol",
541,Polygon,20,550,PELAYA,CESAR,20550,20550,Caribe,2004,SUR,Rural,-,23779,-,1. EOT,SEIS,G5_BAJO,No PDET, ZOMAC,Medio,0.331971,2023,3.2.1,Mayor que 20 - hasta 30,Mayor que 20 - hasta 30,0,20550.0,Cesar,AGUACHICA,0.874874,A1. Menos 1 hora,46.759293,Cesar,VALLEDUPAR,4.725306,A5. Mayor que 4 y menor que 5 horas,247.166522,Mediana propiedad,3509.642045855755,Pequeña propiedad,174.0,2,3636.737001,SI,Agrícola y pecuario,
550,Polygon,20,570,PUEBLO BELLO,CESAR,20570,20570,Caribe,2003,NORTE,Rural disperso,-,30844,-,2. PBOT,SEIS,G3_MEDIO,PDET Sierra Nevada-Perijá, ZOMAC,Medio,0.507084,2023,3.1.1,Mayor que 10 - hasta 15,Mayor que 10 - hasta 15,0,20570.0,Cesar,VALLEDUPAR,2.54545,A3. Mayor que 2 y menor que 3 horas,53.206811,Cesar,VALLEDUPAR,2.505075,A3. Mayor que 2 y menor que 3 horas,53.306811,Mediana propiedad,10705.44230052228,Mediana propiedad,231.0,4,14083.812079,SI,Agropecuario,
542,Polygon,20,614,RIO DE ORO,CESAR,20614,20614,Caribe,2004,SUR,Rural,-,19252,-,1. EOT,SEIS,G3_MEDIO,No PDET,NO ZOMAC,Medio Bajo,0.62571,2023,3.2.1,Mayor que 20 - hasta 30,Mayor que 20 - hasta 30,0,20614.0,Norte de Santander,OCAÑA,0.250757,A1. Menos 1 hora,7.018377,Santander,BUCARAMANGA,5.287018,A6. Mayor que 5 y menor que 6 horas,200.630483,Mediana propiedad,4730.875133157156,Pequeña propiedad,170.0,2,3918.050505,SI,Agrícola y pecuario,
549,Polygon,20,621,LA PAZ,CESAR,20621,20621,Caribe,2003,NORTE,Rural,-,31829,-,2. PBOT,SEIS,G1_ALTO,PDET Sierra Nevada-Perijá, ZOMAC,Medio,0.676723,2023,3.2.1,Mayor que 20 - hasta 30,Mayor que 20 - hasta 30,0,20621.0,Cesar,VALLEDUPAR,0.459319,A1. Menos 1 hora,19.142641,Cesar,VALLEDUPAR,0.401235,A1. Menos 1 hora,18.559798,Mediana propiedad,12003.02384905005,Pequeña propiedad,563.0,1,9845.847372,SI,Agropecuario,
543,Polygon,20,710,SAN ALBERTO,CESAR,20710,20710,Caribe,2004,SUR,Rural,-,30145,-,2. PBOT,SEIS,G2_MEDIO_ALTO,No PDET,NO ZOMAC,Medio Bajo,0.258267,2023,3.2.1,Mayor que 20 - hasta 30,Mayor que 20 - hasta 30,0,20710.0,Santander,SABANA DE TORRES,1.248159,A2. Mayor que 1 y menor que 2 horas,61.211479,Santander,BUCARAMANGA,2.787879,A3. Mayor que 2 y menor que 3 horas,97.444783,Mediana propiedad,5745.028062579574,Pequeña propiedad,300.0,2,5610.486796,SI,Agropecuario,
544,Polygon,20,750,SAN DIEGO,CESAR,20750,20750,Caribe,2003,NORTE,Rural,-,21730,-,1. EOT,SEIS,G3_MEDIO,PDET Sierra Nevada-Perijá, ZOMAC,Medio,0.579557,2023,3.2.1,Mayor que 20 - hasta 30,Mayor que 20 - hasta 30,0,20750.0,Cesar,VALLEDUPAR,0.566149,A1. Menos 1 hora,25.346804,Cesar,VALLEDUPAR,0.508065,A1. Menos 1 hora,24.763961,Mediana propiedad,9178.377374101976,Pequeña propiedad,189.0,2,5933.912249,SI,Agropecuario,
551,Polygon,20,770,SAN MARTIN,CESAR,20770,20770,Caribe,2004,SUR,Rural,-,30559,-,2. PBOT,SEIS,G3_MEDIO,No PDET,NO ZOMAC,Medio Bajo,0.490014,2023,3.2.1,Mayor que 20 - hasta 30,Mayor que 20 - hasta 30,0,20770.0,Cesar,AGUACHICA,0.73201,A1. Menos 1 hora,40.167619,Santander,BUCARAMANGA,3.337709,A4. Mayor que 3 y menor que 4 horas,128.82956,Mediana propiedad,8374.678886808104,Pequeña propiedad,564.0,2,8995.804768,SI,Agropecuario,
545,Polygon,20,787,TAMALAMEQUE,CESAR,20787,20787,Caribe,2001,CENTRAL,Rural,-,17504,-,1. EOT,SEIS,G3_MEDIO,No PDET,NO ZOMAC,Medio Bajo,0.467485,2023,3.2.1,Mayor que 20 - hasta 30,Mayor que 20 - hasta 30,0,20787.0,Magdalena,EL BANCO,0.64179,A1. Menos 1 hora,31.704877,Cesar,VALLEDUPAR,4.646439,A5. Mayor que 4 y menor que 5 horas,241.575353,Mediana propiedad,2460.660836259075,Pequeña propiedad,188.0,2,5605.129087,SI,Agropecuario,
435,Polygon,23,1,MONTERIA,CORDOBA,23001,23001,Caribe,2303,CENTRO,Ciudades y aglomeraciones,si,523150,-,3. POT,UNO,G1_ALTO,No PDET,NO ZOMAC,Medio Bajo,0.339257,2023,3.3.1,Irradiado_Mayor que 140 - hasta 160,Mayor que 140 - hasta 160,1,23001.0,Córdoba,MONTERÍA,0.0,A1. Menos 1 hora,0.0,Córdoba,MONTERÍA,0.0,A1. Menos 1 hora,0.0,Mediana propiedad,29299.91155524188,Pequeña propiedad,2426.0,1,26520.291762,SI,Agropecuario,
436,Polygon,23,68,AYAPEL,CORDOBA,23068,23068,Caribe,2306,SAN JORGE,Intermedio,-,48756,-,2. PBOT,SEIS,G4_MEDIO_BAJO,No PDET,NO ZOMAC,Medio Bajo,0.434128,2023,3.1.1,Mayor que 10 - hasta 15,Mayor que 10 - hasta 15,0,23068.0,Córdoba,AYAPEL,0.0,A1. Menos 1 hora,0.0,Córdoba,MONTERÍA,3.20971,A4. Mayor que 3 y menor que 4 horas,147.224596,"Gran propiedad, latifundios",14267.91929008734,Pequeña propiedad,219.0,2,13914.697932,SI,Agropecuario,
437,Polygon,23,79,BUENAVISTA,CORDOBA,23079,23079,Caribe,2306,SAN JORGE,Rural,-,22596,-,1. EOT,SEIS,G2_MEDIO_ALTO,No PDET,NO ZOMAC,Medio,0.474834,2023,3.2.1,Mayor que 20 - hasta 30,Mayor que 20 - hasta 30,0,23079.0,Córdoba,PLANETA RICA,0.468888,A1. Menos 1 hora,25.714928,Córdoba,MONTERÍA,1.5195,A2. Mayor que 1 y menor que 2 horas,80.158492,Mediana propiedad,3243.477488574194,Pequeña propiedad,132.0,2,5462.220321,SI,"Agropecuario - zona se ubican sobre la Troncal de Occidente y tienen influencia de la cabecera urbana,presenta algunos sectores con valores mayores al de la zona en general.",
438,Polygon,23,90,CANALETE,CORDOBA,23090,23090,Caribe,2304,COSTANERA,Rural,-,16404,-,1. EOT,SEIS,G3_MEDIO,No PDET,NO ZOMAC,Medio Bajo,0.734331,2023,3.1.2,Mayor que 15 - hasta 20,Mayor que 15 - hasta 20,0,23090.0,Córdoba,MONTERÍA,1.273962,A2. Mayor que 1 y menor que 2 horas,52.657569,Córdoba,MONTERÍA,1.251464,A2. Mayor que 1 y menor que 2 horas,51.816147,"Gran propiedad, latifundios",1579.632996343191,Pequeña propiedad,185.0,1,2545.294624,SI,Agropecuario,
439,Polygon,23,162,CERETE,CORDOBA,23162,23162,Caribe,2307,SINU MEDIO,Intermedio,-,113128,-,3. POT,SEIS,G1_ALTO,No PDET,NO ZOMAC,Medio Bajo,0.598196,2023,4.2.1,Mayor que 80 - hasta 100,Mayor que 80 - hasta 100,0,23162.0,Córdoba,CERETÉ,0.0,A1. Menos 1 hora,0.0,Córdoba,MONTERÍA,0.431018,A1. Menos 1 hora,20.683557,Mediana propiedad,2041.968152864548,Pequeña propiedad,1206.0,1,4224.18587,SI,Agropecuario,
440,Polygon,23,168,CHIMA,CORDOBA,23168,23168,Caribe,2302,BAJO SINU,Rural disperso,-,18854,-,1. EOT,SEIS,G1_ALTO,No PDET,NO ZOMAC,Bajo,0.630143,2023,3.2.1,Mayor que 20 - hasta 30,Mayor que 20 - hasta 30,0,23168.0,Córdoba,SANTA CRUZ DE LORICA,0.875787,A1. Menos 1 hora,34.586501,Sucre,SINCELEJO,1.464692,A2. Mayor que 1 y menor que 2 horas,60.478384,Pequeña propiedad,4915.360412350757,Pequeña propiedad,1115.0,1,4378.64184,SI,"Distrito de riego, zona sur occidental",
441,Polygon,23,182,CHINU,CORDOBA,23182,23182,Caribe,2305,SABANAS,Intermedio,-,51195,-,2. PBOT,SEIS,G2_MEDIO_ALTO,No PDET,NO ZOMAC,Bajo,0.502592,2023,3.2.2,Mayor que 30 - hasta 40,Mayor que 30 - hasta 40,0,23182.0,Córdoba,SAHAGÚN,0.464929,A1. Menos 1 hora,22.916652,Sucre,SINCELEJO,0.677482,A1. Menos 1 hora,29.963456,Pequeña propiedad,3175.427337532006,Pequeña propiedad,975.0,2,3249.333335,SI,Agropecuario,
442,Polygon,23,189,CIENAGA DE ORO,CORDOBA,23189,23189,Caribe,2307,SINU MEDIO,Intermedio,-,63134,-,2. PBOT,SEIS,G2_MEDIO_ALTO,No PDET,NO ZOMAC,Bajo,0.598684,2023,3.3.1,Mayor que 40 - hasta 50,Mayor que 40 - hasta 50,0,23189.0,Córdoba,CERETÉ,0.46945,A1. Menos 1 hora,21.974012,Córdoba,MONTERÍA,0.806168,A1. Menos 1 hora,40.111984,Pequeña propiedad,5077.059468572632,Pequeña propiedad,1378.0,1,8615.519461,SI,Agropecuario,
443,Polygon,23,300,COTORRA,CORDOBA,23300,23300,Caribe,2302,BAJO SINU,Intermedio,-,20353,-,1. EOT,SEIS,G2_MEDIO_ALTO,No PDET,NO ZOMAC,Bajo,0.434426,2023,4.1.1,Mayor que 60 - hasta 70,Mayor que 60 - hasta 70,0,23300.0,Córdoba,CERETÉ,0.49782,A1. Menos 1 hora,20.975231,Córdoba,MONTERÍA,0.902071,A1. Menos 1 hora,41.458788,Pequeña propiedad,1326.981873889918,Pequeña propiedad,540.0,1,1618.274661,SI,Agropecuario,
444,Polygon,23,350,LA APARTADA,CORDOBA,23350,23350,Caribe,2306,SAN JORGE,Intermedio,-,15671,-,1. EOT,SEIS,G4_MEDIO_BAJO,No PDET,NO ZOMAC,Medio,0.28681,2023,3.3.1,Mayor que 40 - hasta 50,Mayor que 40 - hasta 50,0,23350.0,Antioquia,CAUCASIA,0.424664,A1. Menos 1 hora,19.140916,Córdoba,MONTERÍA,1.988061,A2. Mayor que 1 y menor que 2 horas,107.095959,Mediana propiedad,968.417313913315,Pequeña propiedad,182.0,2,1863.560652,SI,Pecuario - Influenciada por corredor vial y cercania la casco urbano.,
445,Polygon,23,417,LORICA,CORDOBA,23417,23417,Caribe,2302,BAJO SINU,Intermedio,-,117557,-,3. POT,SEIS,G2_MEDIO_ALTO,No PDET,NO ZOMAC,Medio Bajo,0.651568,2023,3.2.1,Mayor que 20 - hasta 30,Mayor que 20 - hasta 30,0,23417.0,Córdoba,SANTA CRUZ DE LORICA,0.0,A1. Menos 1 hora,0.0,Córdoba,MONTERÍA,1.231333,A2. Mayor que 1 y menor que 2 horas,64.347013,Mediana propiedad,5604.033178106106,Pequeña propiedad,1600.0,3,4205.264602,SI,Agropecuario,
446,Polygon,23,419,LOS CORDOBAS,CORDOBA,23419,23419,Caribe,2304,COSTANERA,Rural,-,20164,-,1. EOT,SEIS,G2_MEDIO_ALTO,No PDET,NO ZOMAC,Medio Bajo,0.692204,2023,3.2.2,Mayor que 30 - hasta 40,Mayor que 30 - hasta 40,0,23419.0,Córdoba,MONTERÍA,1.438042,A2. Mayor que 1 y menor que 2 horas,62.82031,Córdoba,MONTERÍA,1.415544,A2. Mayor que 1 y menor que 2 horas,61.978889,Mediana propiedad,1513.2077376798,Pequeña propiedad,242.0,1,3659.237648,SI,Agropecuario,
447,Polygon,23,464,MOMIL,CORDOBA,23464,23464,Caribe,2302,BAJO SINU,Intermedio,-,20925,-,1. EOT,SEIS,G2_MEDIO_ALTO,No PDET,NO ZOMAC,Bajo,0.72162,2023,3.2.1,Mayor que 20 - hasta 30,Mayor que 20 - hasta 30,0,23464.0,Córdoba,SANTA CRUZ DE LORICA,0.34101,A1. Menos 1 hora,16.61127,Sucre,SINCELEJO,1.423279,A2. Mayor que 1 y menor que 2 horas,41.565895,Mediana propiedad,2545.957200276066,Pequeña propiedad,365.0,1,2908.475544,SI,-,
460,Polygon,23,466,MONTELIBANO,CORDOBA,23466,23466,Caribe,2306,SAN JORGE,Intermedio,-,86034,-,2. PBOT,SEIS,G3_MEDIO,PDET Sur de Córdoba, ZOMAC,Medio Alto,0.564406,2023,3.2.2,Mayor que 30 - hasta 40,Mayor que 30 - hasta 40,0,23466.0,Córdoba,MONTELÍBANO,0.0,A1. Menos 1 hora,0.0,Córdoba,MONTERÍA,2.409602,A3. Mayor que 2 y menor que 3 horas,119.574134,"Gran propiedad, latifundios",3883.423635210802,Pequeña propiedad,72.0,2,2715.887746,SI,Agropecuario - Se evidencia presencia de mineria,
448,Polygon,23,500,MO?ITOS,CORDOBA,23500,23500,Caribe,2304,COSTANERA,Intermedio,-,32131,-,2. PBOT,SEIS,G4_MEDIO_BAJO,No PDET,NO ZOMAC,Medio Bajo,0.639544,2023,3.1.2,Mayor que 15 - hasta 20,Mayor que 15 - hasta 20,0,23500.0,Córdoba,SANTA CRUZ DE LORICA,0.953561,A1. Menos 1 hora,51.718586,Córdoba,MONTERÍA,1.53167,A2. Mayor que 1 y menor que 2 horas,77.472496,Pequeña propiedad,8003.371914652256,Pequeña propiedad,1466.0,3,6958.212396,SI,Agropecuario,
449,Polygon,23,555,PLANETA RICA,CORDOBA,23555,23555,Caribe,2306,SAN JORGE,Intermedio,-,68231,-,2. PBOT,SEIS,G1_ALTO,No PDET,NO ZOMAC,Medio Bajo,0.565841,2023,3.2.1,Mayor que 20 - hasta 30,Mayor que 20 - hasta 30,0,23555.0,Córdoba,PLANETA RICA,0.0,A1. Menos 1 hora,0.0,Córdoba,MONTERÍA,1.072375,A2. Mayor que 1 y menor que 2 horas,55.057778,Mediana propiedad,25352.3891408753,Pequeña propiedad,1646.0,2,36960.043891,SI,"Agropecuario - Bufer sobre víapincipal, corredor vial (mayor Valor)",
450,Polygon,23,570,PUEBLO NUEVO,CORDOBA,23570,23570,Caribe,2306,SAN JORGE,Rural,-,38306,-,2. PBOT,SEIS,G3_MEDIO,No PDET,NO ZOMAC,Medio Bajo,0.662416,2023,3.2.1,Mayor que 20 - hasta 30,Mayor que 20 - hasta 30,0,23570.0,Córdoba,PLANETA RICA,0.347435,A1. Menos 1 hora,16.292388,Córdoba,MONTERÍA,1.34771,A2. Mayor que 1 y menor que 2 horas,67.887424,Mediana propiedad,11511.94143152861,Pequeña propiedad,1185.0,2,13886.695873,SI,Agropecuario - Con Influencia de la vía Troncal de Occidente.,
451,Polygon,23,574,PUERTO ESCONDIDO,CORDOBA,23574,23574,Caribe,2304,COSTANERA,Rural,-,25503,-,1. EOT,SEIS,G1_ALTO,No PDET,NO ZOMAC,Medio Bajo,0.643283,2023,3.2.2,Mayor que 30 - hasta 40,Mayor que 30 - hasta 40,0,23574.0,Córdoba,MONTERÍA,1.782682,A2. Mayor que 1 y menor que 2 horas,64.038687,Córdoba,MONTERÍA,1.760184,A2. Mayor que 1 y menor que 2 horas,63.197265,Mediana propiedad,334.9160623161264,Pequeña propiedad,53.0,1,740.653263,SI,Agropecuario,
461,Polygon,23,580,PUERTO LIBERTADOR,CORDOBA,23580,23580,Caribe,2306,SAN JORGE,Rural,-,45050,-,2. PBOT,SEIS,G3_MEDIO,PDET Sur de Córdoba, ZOMAC,Alto,0.695627,2023,3.3.1,Mayor que 40 - hasta 50,Mayor que 40 - hasta 50,0,23580.0,Córdoba,MONTELÍBANO,1.303703,A2. Mayor que 1 y menor que 2 horas,39.361732,Córdoba,MONTERÍA,3.181038,A4. Mayor que 3 y menor que 4 horas,124.091796,Mediana propiedad,2994.98000289251,Pequeña propiedad,101.0,2,4015.383202,SI,Agropecuario,
452,Polygon,23,586,PURISIMA,CORDOBA,23586,23586,Caribe,2302,BAJO SINU,Intermedio,-,18411,-,1. EOT,SEIS,G2_MEDIO_ALTO,No PDET,NO ZOMAC,Bajo,0.644289,2023,3.2.1,Mayor que 20 - hasta 30,Mayor que 20 - hasta 30,0,23586.0,Córdoba,SANTA CRUZ DE LORICA,0.222157,A1. Menos 1 hora,10.997056,Córdoba,MONTERÍA,1.423597,A2. Mayor que 1 y menor que 2 horas,74.495541,Mediana propiedad,2570.529980542166,Pequeña propiedad,541.0,1,1719.120255,SI,-,
453,Polygon,23,660,SAHAGUN,CORDOBA,23660,23660,Caribe,2305,SABANAS,Intermedio,-,115097,-,3. POT,SEIS,G3_MEDIO,No PDET,NO ZOMAC,Bajo,0.623696,2023,3.3.2,Mayor que 50 - hasta 60,Mayor que 50 - hasta 60,0,23660.0,Córdoba,SAHAGÚN,0.0,A1. Menos 1 hora,0.0,Sucre,SINCELEJO,1.097325,A2. Mayor que 1 y menor que 2 horas,52.255844,Pequeña propiedad,3051.049410496216,Pequeña propiedad,754.0,3,4354.903929,SI,Pecuario coninfluencia en la Troncal del Caribe,
454,Polygon,23,670,SAN ANDRES SOTAVENTO,CORDOBA,23670,23670,Caribe,2305,SABANAS,Intermedio,-,50328,-,2. PBOT,SEIS,G3_MEDIO,No PDET,NO ZOMAC,Bajo,0.756702,2023,3.2.1,Mayor que 20 - hasta 30,Mayor que 20 - hasta 30,0,23670.0,Córdoba,SAHAGÚN,0.791429,A1. Menos 1 hora,37.673506,Sucre,SINCELEJO,0.986961,A1. Menos 1 hora,43.847518,Pequeña propiedad,5820.248150720874,Pequeña propiedad,1548.0,2,6829.27927,SI,"Costado sur cabecera municipal, facil desplazamiento",
455,Polygon,23,672,SAN ANTERO,CORDOBA,23672,23672,Caribe,2304,COSTANERA,Intermedio,-,36284,-,2. PBOT,SEIS,G4_MEDIO_BAJO,No PDET,NO ZOMAC,Medio,0.65557,2023,3.2.2,Mayor que 30 - hasta 40,Mayor que 30 - hasta 40,0,23672.0,Córdoba,SANTA CRUZ DE LORICA,0.451548,A1. Menos 1 hora,20.620815,Sucre,SINCELEJO,1.381814,A2. Mayor que 1 y menor que 2 horas,70.5193,Pequeña propiedad,500.9271264584875,Pequeña propiedad,343.0,2,507.16564,SI,Pecuario - Presencia turismo y habitacional,
456,Polygon,23,675,SAN BERNARDO DEL VIENTO,CORDOBA,23675,23675,Caribe,2304,COSTANERA,Intermedio,-,39715,-,2. PBOT,SEIS,G4_MEDIO_BAJO,No PDET,NO ZOMAC,Medio Bajo,0.698006,2023,3.2.1,Mayor que 20 - hasta 30,Mayor que 20 - hasta 30,0,23675.0,Córdoba,SANTA CRUZ DE LORICA,0.429642,A1. Menos 1 hora,22.000714,Córdoba,MONTERÍA,1.641777,A2. Mayor que 1 y menor que 2 horas,86.089149,Pequeña propiedad,690.33117067231,Pequeña propiedad,189.0,3,627.667203,SI,Agrícola,
457,Polygon,23,678,SAN CARLOS,CORDOBA,23678,23678,Caribe,2307,SINU MEDIO,Rural,-,28939,-,1. EOT,SEIS,G4_MEDIO_BAJO,No PDET,NO ZOMAC,Medio Bajo,0.582218,2023,3.3.1,Mayor que 40 - hasta 50,Mayor que 40 - hasta 50,0,23678.0,Córdoba,CERETÉ,0.531002,A1. Menos 1 hora,19.116652,Córdoba,MONTERÍA,0.86772,A1. Menos 1 hora,37.254625,Mediana propiedad,3651.240885142382,Pequeña propiedad,519.0,2,3992.840313,SI,Agrícola con influencia de vía principal pavimentada,
458,Polygon,23,686,SAN PELAYO,CORDOBA,23686,23686,Caribe,2307,SINU MEDIO,Rural,-,54610,-,2. PBOT,SEIS,G3_MEDIO,No PDET,NO ZOMAC,Bajo,0.625739,2023,4.2.1,Mayor que 80 - hasta 100,Mayor que 80 - hasta 100,0,23686.0,Córdoba,CERETÉ,0.200314,A1. Menos 1 hora,9.639697,Córdoba,MONTERÍA,0.604565,A1. Menos 1 hora,30.123254,Pequeña propiedad,1027.459666251163,Pequeña propiedad,424.0,1,1490.144112,SI,Agropecuario tecnificada-Distrito de Riego,
462,Polygon,23,807,TIERRALTA,CORDOBA,23807,23807,Caribe,2301,ALTO SINU,Intermedio,-,98938,-,2. PBOT,SEIS,G5_BAJO,PDET Sur de Córdoba, ZOMAC,Alto,0.81526,2023,3.2.2,Mayor que 30 - hasta 40,Mayor que 30 - hasta 40,0,23807.0,Córdoba,TIERRALTA,0.0,A1. Menos 1 hora,0.0,Córdoba,MONTERÍA,2.562594,A3. Mayor que 2 y menor que 3 horas,85.011688,"Gran propiedad, latifundios",8254.834515325447,Pequeña propiedad,1420.0,1,16496.650307,SI,Agropecuario,
459,Polygon,23,855,VALENCIA,CORDOBA,23855,23855,Caribe,2301,ALTO SINU,Rural,-,38202,-,2. PBOT,SEIS,G2_MEDIO_ALTO,PDET Sur de Córdoba, ZOMAC,Medio,0.697083,2023,3.2.2,Mayor que 30 - hasta 40,Mayor que 30 - hasta 40,0,23855.0,Córdoba,TIERRALTA,0.790081,A1. Menos 1 hora,24.420815,Córdoba,MONTERÍA,2.545004,A3. Mayor que 2 y menor que 3 horas,83.296255,"Gran propiedad, latifundios",10494.16739737081,Pequeña propiedad,993.0,1,21023.162255,SI,Agropecuario,
863,Polygon,25,1,AGUA DE DIOS,CUNDINAMARCA,25001,25001,Andina,2502,ALTO MAGDALENA,Intermedio,-,13638,-,1. EOT,SEIS,G4_MEDIO_BAJO,No PDET,NO ZOMAC,Bajo,0.281658,-,-,Irradiado_Mayor que 80 - hasta 100,Mayor que 80 - hasta 100,1,25001.0,Tolima,FLANDES,0.760197,A1. Menos 1 hora,26.280613,Tolima,IBAGUÉ,2.212927,A3. Mayor que 2 y menor que 3 horas,90.167323,Pequeña propiedad,4039.2620769562423,Pequeña propiedad,1455.0,2,4117.263465,SI,-,
756,Polygon,25,19,ALBAN,CUNDINAMARCA,25019,25019,Andina,2504,GUALIVA,Intermedio,-,7494,-,1. EOT,SEIS,G2_MEDIO_ALTO,No PDET,NO ZOMAC,Bajo,0.414933,-,-,Irradiado_Mayor que 70 - hasta 80,Mayor que 70 - hasta 80,1,25019.0,Cundinamarca,FACATATIVÁ,0.491025,A1. Menos 1 hora,15.672287,Cundinamarca,BOGOTÁ,1.214471,A2. Mayor que 1 y menor que 2 horas,55.228131,Pequeña propiedad,3451.8174802564845,Pequeña propiedad,1915.0,2,2206.554727,SI,-,
757,Polygon,25,35,ANAPOIMA,CUNDINAMARCA,25035,25035,Andina,2514,TEQUENDAMA,Intermedio,-,17161,-,1. EOT,CINCO,G1_ALTO,No PDET,NO ZOMAC,Bajo,0.340128,-,-,Irradiado_Mayor que 200 - hasta 250,Mayor que 200 - hasta 250,1,25035.0,Tolima,FLANDES,1.948692,A2. Mayor que 1 y menor que 2 horas,58.826912,Cundinamarca,BOGOTÁ,2.657503,A3. Mayor que 2 y menor que 3 horas,68.756558,Pequeña propiedad,8244.840391573314,Pequeña propiedad,4979.0,3,6512.47662,SI,-,
758,Polygon,25,40,ANOLAIMA,CUNDINAMARCA,25040,25040,Andina,2514,TEQUENDAMA,Intermedio,-,16059,-,1. EOT,SEIS,G1_ALTO,No PDET,NO ZOMAC,Bajo,0.433979,-,-,Irradiado_Mayor que 100 - hasta 120,Mayor que 100 - hasta 120,1,25040.0,Cundinamarca,FACATATIVÁ,1.280547,A2. Mayor que 1 y menor que 2 horas,23.17645,Cundinamarca,BOGOTÁ,2.003992,A3. Mayor que 2 y menor que 3 horas,62.732294,Pequeña propiedad,9161.994386073384,Pequeña propiedad,5352.0,4,5929.380171,SI,-,
759,Polygon,25,53,ARBELAEZ,CUNDINAMARCA,25053,25053,Andina,2513,SUMAPAZ,Intermedio,-,12201,-,1. EOT,SEIS,G3_MEDIO,No PDET,NO ZOMAC,Bajo,0.355932,-,-,Irradiado_Mayor que 250 - hasta 300,Mayor que 250 - hasta 300,1,25053.0,Cundinamarca,FUSAGASUGÁ,0.548379,A1. Menos 1 hora,13.298276,Cundinamarca,BOGOTÁ,2.038274,A3. Mayor que 2 y menor que 3 horas,79.250671,Pequeña propiedad,8343.225314714808,Pequeña propiedad,3649.0,2,4414.401263,SI,-,
760,Polygon,25,86,BELTRAN,CUNDINAMARCA,25086,25086,Andina,2506,MAGDALENA CENTRO,Rural disperso,-,2079,-,1. EOT,SEIS,G3_MEDIO,No PDET,NO ZOMAC,Bajo,0.501305,-,-,Irradiado_Mayor que 40 - hasta 50,Mayor que 40 - hasta 50,1,25086.0,Tolima,SAN SEBASTIÁN DE MARIQUITA,1.521705,A2. Mayor que 1 y menor que 2 horas,67.367114,Tolima,IBAGUÉ,2.572524,A3. Mayor que 2 y menor que 3 horas,96.95189,"Gran propiedad, latifundios",12965.371933326922,Pequeña propiedad,442.0,3,9097.896165,SI,-,
761,Polygon,25,95,BITUIMA,CUNDINAMARCA,25095,25095,Andina,2506,MAGDALENA CENTRO,Rural disperso,-,2816,-,1. EOT,SEIS,G4_MEDIO_BAJO,No PDET,NO ZOMAC,Bajo,0.568093,-,-,Irradiado_Mayor que 40 - hasta 50,Mayor que 40 - hasta 50,1,25095.0,Cundinamarca,FACATATIVÁ,1.716592,A2. Mayor que 1 y menor que 2 horas,36.203153,Cundinamarca,BOGOTÁ,2.440038,A3. Mayor que 2 y menor que 3 horas,75.758997,Pequeña propiedad,4904.806110501368,Pequeña propiedad,1631.0,4,4565.568348,SI,-,
762,Polygon,25,99,BOJACA,CUNDINAMARCA,25099,25099,Andina,2511,SABANA OCCIDENTE,Ciudades y aglomeraciones,-,11830,-,1. EOT,SEIS,G5_BAJO,No PDET,NO ZOMAC,Bajo,0.535694,-,-,Irradiado_Mayor que 160 - hasta 180,Mayor que 160 - hasta 180,1,25099.0,Cundinamarca,MADRID,0.506394,A1. Menos 1 hora,13.850967,Cundinamarca,BOGOTÁ,1.036515,A2. Mayor que 1 y menor que 2 horas,39.63158,Mediana propiedad,4645.798027178376,Pequeña propiedad,1003.0,4,3774.923984,SI,-,
763,Polygon,25,120,CABRERA,CUNDINAMARCA,25120,25120,Andina,2513,SUMAPAZ,Rural disperso,-,5504,-,1. EOT,SEIS,G2_MEDIO_ALTO,No PDET, ZOMAC,Medio,0.44249,-,-,Irradiado_Mayor que 40 - hasta 50,Mayor que 40 - hasta 50,1,25120.0,Tolima,MELGAR,1.983824,A2. Mayor que 1 y menor que 2 horas,37.106097,Tolima,IBAGUÉ,3.81833,A4. Mayor que 3 y menor que 4 horas,121.765094,Mediana propiedad,11393.674185948528,Pequeña propiedad,1506.0,2,11690.158975,SI,-,
764,Polygon,25,123,CACHIPAY,CUNDINAMARCA,25123,25123,Andina,2514,TEQUENDAMA,Intermedio,-,11615,-,1. EOT,SEIS,G2_MEDIO_ALTO,No PDET,NO ZOMAC,Bajo,0.093532,-,-,Irradiado_Mayor que 100 - hasta 120,Mayor que 100 - hasta 120,1,25123.0,Cundinamarca,MADRID,1.108634,A2. Mayor que 1 y menor que 2 horas,29.229141,Cundinamarca,BOGOTÁ,1.638754,A2. Mayor que 1 y menor que 2 horas,55.009755,Pequeña propiedad,4346.803970453897,Pequeña propiedad,3575.0,3,2936.556165,SI,-,
765,Polygon,25,126,CAJICA,CUNDINAMARCA,25126,25126,Andina,2510,SABANA CENTRO,Ciudades y aglomeraciones,-,98441,-,2. PBOT,DOS,G4_MEDIO_BAJO,No PDET,NO ZOMAC,Bajo,0.235666,2024,6.1.2,Mayor que 400 - hasta 500,Mayor que 400 - hasta 500,0,25126.0,Cundinamarca,CAJICÁ,0.0,A1. Menos 1 hora,0.0,Cundinamarca,BOGOTÁ,0.754731,A1. Menos 1 hora,37.27645,Pequeña propiedad,402.4538693784066,Pequeña propiedad,158.0,1,415.053625,SI,-,
766,Polygon,25,148,CAPARRAPI,CUNDINAMARCA,25148,25148,Andina,2503,BAJO MAGDALENA,Rural disperso,-,14364,-,1. EOT,SEIS,G4_MEDIO_BAJO,No PDET,NO ZOMAC,Bajo,0.468227,-,-,Irradiado_Mayor que 70 - hasta 80,Mayor que 70 - hasta 80,1,25148.0,Caldas,LA DORADA,2.268914,A3. Mayor que 2 y menor que 3 horas,51.411479,Cundinamarca,BOGOTÁ,3.973348,A4. Mayor que 3 y menor que 4 horas,130.360426,Mediana propiedad,30258.845497974966,Pequeña propiedad,4445.0,4,44233.440094,SI,-,
767,Polygon,25,151,CAQUEZA,CUNDINAMARCA,25151,25151,Andina,2508,ORIENTE,Intermedio,-,19886,-,1. EOT,SEIS,G3_MEDIO,No PDET,NO ZOMAC,Bajo,0.492662,2022,4.2.2,Mayor que 100 - hasta 120,Mayor que 100 - hasta 120,0,25151.0,Cundinamarca,"BOGOTÁ, DISTRITO CAPITAL",1.556053,A2. Mayor que 1 y menor que 2 horas,50.767114,Cundinamarca,BOGOTÁ,1.650377,A2. Mayor que 1 y menor que 2 horas,52.422749,Pequeña propiedad,499.7192039848101,Pequeña propiedad,1226.0,2,413.597573,SI,-,
768,Polygon,25,154,CARMEN DE CARUPA,CUNDINAMARCA,25154,25154,Andina,2515,UBATE,Rural disperso,-,8721,-,1. EOT,SEIS,G3_MEDIO,No PDET,NO ZOMAC,Bajo,0.511105,-,-,Irradiado_Mayor que 80 - hasta 100,Mayor que 80 - hasta 100,1,25154.0,Cundinamarca,VILLA DE SAN DIEGO DE UBATÉ,0.70498,A1. Menos 1 hora,13.895332,Cundinamarca,BOGOTÁ,2.497314,A3. Mayor que 2 y menor que 3 horas,102.78448,Pequeña propiedad,17660.155913270784,Pequeña propiedad,6188.0,3,12246.112329,SI,-,
769,Polygon,25,168,CHAGUANI,CUNDINAMARCA,25168,25168,Andina,2506,MAGDALENA CENTRO,Rural disperso,-,4810,-,1. EOT,SEIS,G3_MEDIO,No PDET, ZOMAC,Medio Bajo,0.388313,-,-,Irradiado_Mayor que 40 - hasta 50,Mayor que 40 - hasta 50,1,25168.0,Tolima,SAN SEBASTIÁN DE MARIQUITA,2.722783,A3. Mayor que 2 y menor que 3 horas,66.155339,Cundinamarca,BOGOTÁ,3.750016,A4. Mayor que 3 y menor que 4 horas,94.582756,Pequeña propiedad,8754.781023715981,Pequeña propiedad,1846.0,3,8699.316405,SI,-,
1109,Polygon,25,175,CHIA,CUNDINAMARCA,25175,25175,Andina,2510,SABANA CENTRO,Ciudades y aglomeraciones,-,158258,-,3. POT,UNO,G2_MEDIO_ALTO,No PDET,NO ZOMAC,Bajo,0.338439,-,-,Irradiado_Mayor que 600 - hasta 700,Mayor que 600 - hasta 700,1,25175.0,Cundinamarca,CHÍA,0.0,A1. Menos 1 hora,0.0,Cundinamarca,BOGOTÁ,0.735902,A1. Menos 1 hora,33.886501,Pequeña propiedad,2098.0898558589415,Pequeña propiedad,1211.0,3,1336.625045,SI,-,
770,Polygon,25,178,CHIPAQUE,CUNDINAMARCA,25178,25178,Andina,2508,ORIENTE,Intermedio,-,11011,-,1. EOT,SEIS,G3_MEDIO,No PDET,NO ZOMAC,Bajo,0.497245,2022,4.2.1,Mayor que 80 - hasta 100,Mayor que 80 - hasta 100,0,25178.0,Cundinamarca,"BOGOTÁ, DISTRITO CAPITAL",1.049103,A2. Mayor que 1 y menor que 2 horas,36.423254,Cundinamarca,BOGOTÁ,1.143427,A2. Mayor que 1 y menor que 2 horas,38.078889,Pequeña propiedad,2238.894716518144,Pequeña propiedad,1699.0,3,1239.144374,SI,-,
771,Polygon,25,181,CHOACHI,CUNDINAMARCA,25181,25181,Andina,2508,ORIENTE,Intermedio,-,12721,-,1. EOT,SEIS,G4_MEDIO_BAJO,No PDET,NO ZOMAC,Bajo,0.486728,-,-,Irradiado_Mayor que 180 - hasta 200,Mayor que 180 - hasta 200,1,25181.0,Cundinamarca,"BOGOTÁ, DISTRITO CAPITAL",1.889656,A2. Mayor que 1 y menor que 2 horas,47.02153,Cundinamarca,BOGOTÁ,1.932964,A2. Mayor que 1 y menor que 2 horas,45.790159,Pequeña propiedad,12293.370631951897,Pequeña propiedad,7672.0,3,7735.753591,SI,-,
772,Polygon,25,183,CHOCONTA,CUNDINAMARCA,25183,25183,Andina,2501,ALMEIDAS,Intermedio,-,24144,-,1. EOT,SEIS,G4_MEDIO_BAJO,No PDET,NO ZOMAC,Bajo,0.653981,2022,4.2.2,Irradiado_Mayor que 160 - hasta 180,Mayor que 160 - hasta 180,1,25183.0,Cundinamarca,TOCANCIPÁ,0.751403,A1. Menos 1 hora,36.693102,Cundinamarca,BOGOTÁ,1.698378,A2. Mayor que 1 y menor que 2 horas,86.113413,Mediana propiedad,210.2569738962974,Pequeña propiedad,52.0,2,357.387844,SI,-,
773,Polygon,25,200,COGUA,CUNDINAMARCA,25200,25200,Andina,2510,SABANA CENTRO,Ciudades y aglomeraciones,-,26055,-,1. EOT,CINCO,G1_ALTO,No PDET,NO ZOMAC,Bajo,0.426816,2024,5.1.2,Mayor que 140 - hasta 160,Mayor que 140 - hasta 160,0,25200.0,Cundinamarca,ZIPAQUIRÁ,0.170075,A1. Menos 1 hora,6.318377,Cundinamarca,BOGOTÁ,1.133746,A2. Mayor que 1 y menor que 2 horas,56.568838,Pequeña propiedad,4065.689806802721,Pequeña propiedad,3382.0,3,3332.128989,SI,-,
774,Polygon,25,214,COTA,CUNDINAMARCA,25214,25214,Andina,2511,SABANA OCCIDENTE,Ciudades y aglomeraciones,-,39070,-,2. PBOT,TRES,G2_MEDIO_ALTO,No PDET,NO ZOMAC,Bajo,0.592214,2016,4.1.1,Irradiado_Mayor que 500 - hasta 600,Mayor que 500 - hasta 600,1,25214.0,Cundinamarca,COTA,0.0,A1. Menos 1 hora,0.0,Cundinamarca,BOGOTÁ,0.736665,A1. Menos 1 hora,26.730361,Mediana propiedad,558.9552466644801,Pequeña propiedad,222.0,4,978.771097,SI,-,
775,Polygon,25,224,CUCUNUBA,CUNDINAMARCA,25224,25224,Andina,2515,UBATE,Rural,-,8900,-,1. EOT,SEIS,G1_ALTO,No PDET,NO ZOMAC,Bajo,0.595043,-,-,Irradiado_Mayor que 200 - hasta 250,Mayor que 200 - hasta 250,1,25224.0,Cundinamarca,VILLA DE SAN DIEGO DE UBATÉ,0.328592,A1. Menos 1 hora,9.963961,Cundinamarca,BOGOTÁ,2.166338,A3. Mayor que 2 y menor que 3 horas,97.273211,Pequeña propiedad,8552.3850857613,Pequeña propiedad,3809.0,3,5565.304507,SI,-,
776,Polygon,25,245,EL COLEGIO,CUNDINAMARCA,25245,25245,Andina,2514,TEQUENDAMA,Intermedio,-,28185,-,1. EOT,SEIS,G2_MEDIO_ALTO,No PDET,NO ZOMAC,Bajo,0.612696,-,-,Irradiado_Mayor que 180 - hasta 200,Mayor que 180 - hasta 200,1,25245.0,Cundinamarca,SOACHA,1.576409,A2. Mayor que 1 y menor que 2 horas,37.088939,Cundinamarca,BOGOTÁ,1.971183,A2. Mayor que 1 y menor que 2 horas,55.747013,Pequeña propiedad,8375.64847322981,Pequeña propiedad,7558.0,3,4868.166219,SI,-,
777,Polygon,25,258,EL PEÑON,CUNDINAMARCA,25258,25258,Andina,2509,RIO NEGRO,Rural disperso,-,5327,-,1. EOT,SEIS,G5_BAJO,No PDET, ZOMAC,Medio Bajo,0.657335,-,-,Irradiado_Mayor que 30 - hasta 40,Mayor que 30 - hasta 40,1,25258.0,Cundinamarca,ZIPAQUIRÁ,2.906892,A3. Mayor que 2 y menor que 3 horas,62.26539,Cundinamarca,BOGOTÁ,3.852508,A4. Mayor que 3 y menor que 4 horas,111.608745,Pequeña propiedad,10489.01590792992,Pequeña propiedad,2667.0,3,6828.481274,SI,-,
1110,Polygon,25,260,EL ROSAL,CUNDINAMARCA,25260,25260,Andina,2511,SABANA OCCIDENTE,Intermedio,-,25330,-,1. EOT,SEIS,G4_MEDIO_BAJO,No PDET,NO ZOMAC,Bajo,0.033566,-,-,Irradiado_Mayor que 400 - hasta 500,Mayor que 400 - hasta 500,1,25260.0,Cundinamarca,EL ROSAL,0.0,A1. Menos 1 hora,0.0,Cundinamarca,BOGOTÁ,0.729902,A1. Menos 1 hora,34.735743,Pequeña propiedad,5381.563727695988,Pequeña propiedad,1459.0,3,3042.912825,SI,-,
778,Polygon,25,269,FACATATIVA,CUNDINAMARCA,25269,25269,Andina,2511,SABANA OCCIDENTE,Ciudades y aglomeraciones,-,166588,-,3. POT,DOS,G3_MEDIO,No PDET,NO ZOMAC,Bajo,0.368414,-,-,Irradiado_Mayor que 300 - hasta 400,Mayor que 300 - hasta 400,1,25269.0,Cundinamarca,FACATATIVÁ,0.0,A1. Menos 1 hora,0.0,Cundinamarca,BOGOTÁ,0.863423,A1. Menos 1 hora,40.72153,Mediana propiedad,7404.715580689961,Pequeña propiedad,2460.0,3,5516.316445,SI,-,
779,Polygon,25,279,FOMEQUE,CUNDINAMARCA,25279,25279,Andina,2508,ORIENTE,Rural,-,13959,-,1. EOT,SEIS,G4_MEDIO_BAJO,No PDET,NO ZOMAC,Bajo,0.51637,-,-,Irradiado_Mayor que 100 - hasta 120,Mayor que 100 - hasta 120,1,25279.0,Cundinamarca,"BOGOTÁ, DISTRITO CAPITAL",2.293769,A3. Mayor que 2 y menor que 3 horas,54.839906,Cundinamarca,BOGOTÁ,2.337077,A3. Mayor que 2 y menor que 3 horas,53.608535,Pequeña propiedad,11046.041435643834,Pequeña propiedad,5589.0,3,4631.493093,SI,-,
780,Polygon,25,281,FOSCA,CUNDINAMARCA,25281,25281,Andina,2508,ORIENTE,Rural,-,6643,-,1. EOT,SEIS,G4_MEDIO_BAJO,No PDET,NO ZOMAC,Bajo,0.573506,2022,4.2.1,Mayor que 80 - hasta 100,Mayor que 80 - hasta 100,0,25281.0,Meta,VILLAVICENCIO,2.319925,A3. Mayor que 2 y menor que 3 horas,64.983766,Meta,VILLAVICENCIO,2.25076,A3. Mayor que 2 y menor que 3 horas,63.493817,Pequeña propiedad,1838.078418656513,Pequeña propiedad,1064.0,4,1239.667507,SI,-,
781,Polygon,25,286,FUNZA,CUNDINAMARCA,25286,25286,Andina,2511,SABANA OCCIDENTE,Ciudades y aglomeraciones,-,111675,-,3. POT,UNO,G4_MEDIO_BAJO,No PDET,NO ZOMAC,Bajo,0.241198,-,-,Irradiado_Mayor que 500 - hasta 600,Mayor que 500 - hasta 600,1,25286.0,Cundinamarca,FUNZA,0.0,A1. Menos 1 hora,0.0,Cundinamarca,BOGOTÁ,0.456385,A1. Menos 1 hora,18.903658,Pequeña propiedad,2453.912770412116,Pequeña propiedad,654.0,1,4891.496651,SI,-,
782,Polygon,25,288,FUQUENE,CUNDINAMARCA,25288,25288,Andina,2515,UBATE,Rural,-,5659,-,1. EOT,SEIS,G1_ALTO,No PDET,NO ZOMAC,Bajo,0.516115,-,-,Irradiado_Mayor que 120 - hasta 140,Mayor que 120 - hasta 140,1,25288.0,Cundinamarca,VILLA DE SAN DIEGO DE UBATÉ,0.507184,A1. Menos 1 hora,12.988225,Cundinamarca,BOGOTÁ,2.395593,A3. Mayor que 2 y menor que 3 horas,104.97443,Pequeña propiedad,5622.186674834695,Pequeña propiedad,4330.0,3,4874.385587,SI,-,
1113,Polygon,25,290,FUSAGASUGA,CUNDINAMARCA,25290,25290,Andina,2513,SUMAPAZ,Ciudades y aglomeraciones,-,165143,-,3. POT,DOS,G3_MEDIO,No PDET,NO ZOMAC,Bajo,0.153807,-,-,Irradiado_Mayor que 300 - hasta 400,Mayor que 300 - hasta 400,1,25290.0,Cundinamarca,FUSAGASUGÁ,0.0,A1. Menos 1 hora,0.0,Cundinamarca,BOGOTÁ,1.647102,A2. Mayor que 1 y menor que 2 horas,68.942345,Pequeña propiedad,10940.341941233044,Pequeña propiedad,6846.0,4,5539.737436,SI,-,
783,Polygon,25,293,GACHALA,CUNDINAMARCA,25293,25293,Andina,2505,GUAVIO,Rural,-,4990,-,1. EOT,SEIS,G4_MEDIO_BAJO,No PDET,NO ZOMAC,Bajo,0.753611,-,-,Irradiado_Mayor que 80 - hasta 100,Mayor que 80 - hasta 100,1,25293.0,Cundinamarca,SOPÓ,4.58078,A5. Mayor que 4 y menor que 5 horas,71.063665,Cundinamarca,BOGOTÁ,5.458643,A6. Mayor que 5 y menor que 6 horas,118.186919,Pequeña propiedad,9712.681759810157,Pequeña propiedad,2463.0,3,11026.578634,SI,-,
784,Polygon,25,295,GACHANCIPA,CUNDINAMARCA,25295,25295,Andina,2510,SABANA CENTRO,Ciudades y aglomeraciones,-,20142,-,1. EOT,SEIS,G4_MEDIO_BAJO,No PDET,NO ZOMAC,Medio Bajo,0.314305,-,-,Irradiado_Mayor que 250 - hasta 300,Mayor que 250 - hasta 300,1,25295.0,Cundinamarca,TOCANCIPÁ,0.097212,A1. Menos 1 hora,5.501219,Cundinamarca,BOGOTÁ,1.044187,A2. Mayor que 1 y menor que 2 horas,54.92153,Pequeña propiedad,2322.310781021687,Pequeña propiedad,1396.0,4,1861.851277,SI,-,
785,Polygon,25,297,GACHETA,CUNDINAMARCA,25297,25297,Andina,2505,GUAVIO,Rural,-,9583,-,1. EOT,SEIS,G3_MEDIO,No PDET,NO ZOMAC,Bajo,0.705249,-,-,Irradiado_Mayor que 180 - hasta 200,Mayor que 180 - hasta 200,1,25297.0,Cundinamarca,SOPÓ,2.75579,A3. Mayor que 2 y menor que 3 horas,44.938687,Cundinamarca,BOGOTÁ,3.633653,A4. Mayor que 3 y menor que 4 horas,92.061941,Pequeña propiedad,14661.85632182425,Pequeña propiedad,8299.0,3,6548.995436,SI,-,
786,Polygon,25,299,GAMA,CUNDINAMARCA,25299,25299,Andina,2505,GUAVIO,Rural disperso,-,3556,-,1. EOT,SEIS,G1_ALTO,No PDET,NO ZOMAC,Bajo,0.792118,-,-,Irradiado_Mayor que 80 - hasta 100,Mayor que 80 - hasta 100,1,25299.0,Cundinamarca,SOPÓ,3.394246,A4. Mayor que 3 y menor que 4 horas,53.612698,Cundinamarca,BOGOTÁ,4.272109,A5. Mayor que 4 y menor que 5 horas,100.735952,Pequeña propiedad,4819.3912324321755,Pequeña propiedad,2484.0,3,2859.141206,SI,-,
1107,Polygon,25,307,GIRARDOT,CUNDINAMARCA,25307,25307,Andina,2502,ALTO MAGDALENA,Ciudades y aglomeraciones,-,119446,-,3. POT,DOS,,No PDET,NO ZOMAC,Bajo,0.276256,-,-,Irradiado_Mayor que 160 - hasta 180,Mayor que 160 - hasta 180,1,25307.0,Cundinamarca,GIRARDOT,0.0,A1. Menos 1 hora,0.0,Tolima,IBAGUÉ,1.689618,A2. Mayor que 1 y menor que 2 horas,66.133514,Mediana propiedad,4729.45025729976,Pequeña propiedad,1185.0,4,5068.768418,SI,-,
787,Polygon,25,312,GRANADA,CUNDINAMARCA,25312,25312,Andina,2513,SUMAPAZ,Intermedio,-,8237,-,1. EOT,SEIS,G2_MEDIO_ALTO,No PDET,NO ZOMAC,Medio Bajo,0.13086,-,-,Irradiado_Mayor que 160 - hasta 180,Mayor que 160 - hasta 180,1,25312.0,Cundinamarca,SOACHA,0.599469,A1. Menos 1 hora,22.852186,Cundinamarca,BOGOTÁ,0.994243,A1. Menos 1 hora,41.51026,Pequeña propiedad,3660.818478244828,Pequeña propiedad,1900.0,2,3551.195591,SI,-,
788,Polygon,25,317,GUACHETA,CUNDINAMARCA,25317,25317,Andina,2515,UBATE,Intermedio,-,15528,-,1. EOT,SEIS,G4_MEDIO_BAJO,No PDET,NO ZOMAC,Bajo,0.565413,-,-,Irradiado_Mayor que 80 - hasta 100,Mayor que 80 - hasta 100,1,25317.0,Cundinamarca,VILLA DE SAN DIEGO DE UBATÉ,0.671302,A1. Menos 1 hora,20.596551,Boyacá,TUNJA,1.896583,A2. Mayor que 1 y menor que 2 horas,51.64285,Pequeña propiedad,12908.885815089674,Pequeña propiedad,5950.0,3,11153.787075,SI,-,
789,Polygon,25,320,GUADUAS,CUNDINAMARCA,25320,25320,Andina,2503,BAJO MAGDALENA,Intermedio,-,35904,-,2. PBOT,SEIS,G5_BAJO,No PDET,NO ZOMAC,Bajo,0.263889,-,-,Irradiado_Mayor que 70 - hasta 80,Mayor que 70 - hasta 80,1,25320.0,Tolima,SAN SEBASTIÁN DE MARIQUITA,1.540529,A2. Mayor que 1 y menor que 2 horas,49.162951,Cundinamarca,BOGOTÁ,3.226175,A4. Mayor que 3 y menor que 4 horas,104.663874,Mediana propiedad,35835.21957460693,Pequeña propiedad,3172.0,3,32416.223865,SI,-,
790,Polygon,25,322,GUASCA,CUNDINAMARCA,25322,25322,Andina,2505,GUAVIO,Rural,-,17989,-,1. EOT,SEIS,G5_BAJO,No PDET,NO ZOMAC,Bajo,0.51875,-,-,Irradiado_Mayor que 300 - hasta 400,Mayor que 300 - hasta 400,1,25322.0,Cundinamarca,SOPÓ,0.336319,A1. Menos 1 hora,9.956854,Cundinamarca,BOGOTÁ,1.214182,A2. Mayor que 1 y menor que 2 horas,57.080108,Pequeña propiedad,9207.019444059923,Pequeña propiedad,4524.0,2,5715.569751,SI,-,
791,Polygon,25,324,GUATAQUI,CUNDINAMARCA,25324,25324,Andina,2502,ALTO MAGDALENA,Rural,-,3329,-,1. EOT,SEIS,G5_BAJO,No PDET,NO ZOMAC,Bajo,0.573955,-,-,Irradiado_Mayor que 30 - hasta 40,Mayor que 30 - hasta 40,1,25324.0,Tolima,FLANDES,0.888493,A1. Menos 1 hora,43.806097,Tolima,IBAGUÉ,1.714062,A2. Mayor que 1 y menor que 2 horas,64.938182,Mediana propiedad,4195.634431219416,Pequeña propiedad,283.0,4,6528.112068,SI,-,
792,Polygon,25,326,GUATAVITA,CUNDINAMARCA,25326,25326,Andina,2505,GUAVIO,Rural disperso,-,7382,-,1. EOT,SEIS,G5_BAJO,No PDET,NO ZOMAC,Bajo,0.696305,-,-,Irradiado_Mayor que 300 - hasta 400,Mayor que 300 - hasta 400,1,25326.0,Cundinamarca,SOPÓ,0.538306,A1. Menos 1 hora,18.289444,Cundinamarca,BOGOTÁ,1.416169,A2. Mayor que 1 y menor que 2 horas,65.412698,Pequeña propiedad,8834.892093736364,Pequeña propiedad,2937.0,3,6564.603306,SI,-,
793,Polygon,25,328,GUAYABAL DE SIQUIMA,CUNDINAMARCA,25328,25328,Andina,2506,MAGDALENA CENTRO,Rural,-,5150,-,1. EOT,SEIS,G4_MEDIO_BAJO,No PDET, ZOMAC,Bajo,0.516364,-,-,Irradiado_Mayor que 40 - hasta 50,Mayor que 40 - hasta 50,1,25328.0,Cundinamarca,FACATATIVÁ,0.946338,A1. Menos 1 hora,24.414928,Cundinamarca,BOGOTÁ,1.669784,A2. Mayor que 1 y menor que 2 horas,63.970772,Pequeña propiedad,5257.540226500335,Pequeña propiedad,2368.0,4,3045.245613,SI,-,
794,Polygon,25,335,GUAYABETAL,CUNDINAMARCA,25335,25335,Andina,2508,ORIENTE,Rural,-,7326,-,1. EOT,SEIS,G4_MEDIO_BAJO,No PDET, ZOMAC,Medio Bajo,0.77238,-,-,Irradiado_Mayor que 80 - hasta 100,Mayor que 80 - hasta 100,1,25335.0,Meta,VILLAVICENCIO,0.872085,A1. Menos 1 hora,32.660512,Meta,VILLAVICENCIO,0.802919,A1. Menos 1 hora,31.170563,Mediana propiedad,7954.163145317324,Pequeña propiedad,1122.0,4,17049.456476,SI,-,
795,Polygon,25,339,GUTIERREZ,CUNDINAMARCA,25339,25339,Andina,2508,ORIENTE,Rural disperso,-,3932,-,1. EOT,SEIS,G4_MEDIO_BAJO,No PDET,NO ZOMAC,Medio Bajo,0.666081,-,-,Irradiado_Mayor que 40 - hasta 50,Mayor que 40 - hasta 50,1,25339.0,Meta,VILLAVICENCIO,2.494673,A3. Mayor que 2 y menor que 3 horas,62.258283,Meta,VILLAVICENCIO,2.425508,A3. Mayor que 2 y menor que 3 horas,60.768333,Mediana propiedad,11888.405014426684,Pequeña propiedad,1888.0,4,17122.376666,SI,-,
796,Polygon,25,368,JERUSALEN,CUNDINAMARCA,25368,25368,Andina,2502,ALTO MAGDALENA,Rural disperso,-,2592,-,1. EOT,SEIS,G5_BAJO,No PDET,NO ZOMAC,Bajo,0.488838,-,-,Irradiado_Mayor que 40 - hasta 50,Mayor que 40 - hasta 50,1,25368.0,Tolima,FLANDES,1.270934,A2. Mayor que 1 y menor que 2 horas,57.4529,Tolima,IBAGUÉ,2.092112,A3. Mayor que 2 y menor que 3 horas,78.526407,Mediana propiedad,12745.765897208745,Pequeña propiedad,853.0,4,11622.55801,SI,-,
797,Polygon,25,372,JUNIN,CUNDINAMARCA,25372,25372,Andina,2505,GUAVIO,Rural disperso,-,6630,-,1. EOT,SEIS,G5_BAJO,No PDET,NO ZOMAC,Bajo,0.685972,-,-,Irradiado_Mayor que 70 - hasta 80,Mayor que 70 - hasta 80,1,25372.0,Cundinamarca,SOPÓ,2.826336,A3. Mayor que 2 y menor que 3 horas,43.448737,Cundinamarca,BOGOTÁ,3.704199,A4. Mayor que 3 y menor que 4 horas,90.571991,Pequeña propiedad,14655.659106084706,Pequeña propiedad,7774.0,2,6953.486135,SI,-,
798,Polygon,25,377,LA CALERA,CUNDINAMARCA,25377,25377,Andina,2505,GUAVIO,Ciudades y aglomeraciones,-,35317,-,2. PBOT,CINCO,G5_BAJO,No PDET,NO ZOMAC,Bajo,0.741349,-,-,Irradiado_Mayor que 400 - hasta 500,Mayor que 400 - hasta 500,1,25377.0,Cundinamarca,SOPÓ,0.632045,A1. Menos 1 hora,25.206602,Cundinamarca,BOGOTÁ,1.070982,A2. Mayor que 1 y menor que 2 horas,23.870563,Pequeña propiedad,18189.96503540568,Pequeña propiedad,9867.0,3,11380.463507,SI,-,
799,Polygon,25,386,LA MESA,CUNDINAMARCA,25386,25386,Andina,2514,TEQUENDAMA,Intermedio,-,38759,-,2. PBOT,CINCO,G1_ALTO,No PDET,NO ZOMAC,Bajo,0.090407,-,-,Irradiado_Mayor que 180 - hasta 200,Mayor que 180 - hasta 200,1,25386.0,Cundinamarca,MADRID,1.557906,A2. Mayor que 1 y menor que 2 horas,41.175945,Cundinamarca,BOGOTÁ,2.088027,A3. Mayor que 2 y menor que 3 horas,66.956558,Pequeña propiedad,11277.125881874452,Pequeña propiedad,10174.0,3,6761.69375,SI,-,
800,Polygon,25,394,LA PALMA,CUNDINAMARCA,25394,25394,Andina,2509,RIO NEGRO,Intermedio,-,10823,-,1. EOT,SEIS,G5_BAJO,No PDET, ZOMAC,Medio Bajo,0.64215,-,-,Irradiado_Mayor que 30 - hasta 40,Mayor que 30 - hasta 40,1,25394.0,Caldas,LA DORADA,3.290889,A4. Mayor que 3 y menor que 4 horas,70.376659,Cundinamarca,BOGOTÁ,4.723766,A5. Mayor que 4 y menor que 5 horas,116.217785,Pequeña propiedad,13662.808318263702,Pequeña propiedad,4148.0,4,14938.625674,SI,-,
801,Polygon,25,398,LA PEÑA,CUNDINAMARCA,25398,25398,Andina,2504,GUALIVA,Rural,-,6756,-,1. EOT,SEIS,G4_MEDIO_BAJO,No PDET,NO ZOMAC,Bajo,0.630063,-,-,Irradiado_Mayor que 50 - hasta 60,Mayor que 50 - hasta 60,1,25398.0,Cundinamarca,EL ROSAL,2.495476,A3. Mayor que 2 y menor que 3 horas,59.578384,Cundinamarca,BOGOTÁ,3.147136,A4. Mayor que 3 y menor que 4 horas,92.265599,Pequeña propiedad,9618.268195336948,Pequeña propiedad,2967.0,4,8293.4501,SI,-,
802,Polygon,25,402,LA VEGA,CUNDINAMARCA,25402,25402,Andina,2504,GUALIVA,Intermedio,-,20025,-,1. EOT,SEIS,G2_MEDIO_ALTO,No PDET,NO ZOMAC,Bajo,0.400248,-,-,Irradiado_Mayor que 120 - hasta 140,Mayor que 120 - hasta 140,1,25402.0,Cundinamarca,EL ROSAL,1.169164,A2. Mayor que 1 y menor que 2 horas,27.849242,Cundinamarca,BOGOTÁ,1.820824,A2. Mayor que 1 y menor que 2 horas,60.536457,Pequeña propiedad,10786.17603812248,Pequeña propiedad,5019.0,4,7296.314211,SI,-,
803,Polygon,25,407,LENGUAZAQUE,CUNDINAMARCA,25407,25407,Andina,2515,UBATE,Rural,-,11753,-,1. EOT,SEIS,G1_ALTO,No PDET,NO ZOMAC,Bajo,0.626444,-,-,Irradiado_Mayor que 80 - hasta 100,Mayor que 80 - hasta 100,1,25407.0,Cundinamarca,VILLA DE SAN DIEGO DE UBATÉ,0.547334,A1. Menos 1 hora,18.740916,Boyacá,TUNJA,2.216238,A3. Mayor que 2 y menor que 3 horas,63.79798,Pequeña propiedad,12036.688333648674,Pequeña propiedad,4500.0,3,5539.623339,SI,-,
804,Polygon,25,426,MACHETA,CUNDINAMARCA,25426,25426,Andina,2501,ALMEIDAS,Rural disperso,-,6963,-,1. EOT,SEIS,G2_MEDIO_ALTO,No PDET,NO ZOMAC,Bajo,0.733035,2022,4.2.2,Mayor que 100 - hasta 120,Mayor que 100 - hasta 120,0,25426.0,Cundinamarca,TOCANCIPÁ,1.089536,A2. Mayor que 1 y menor que 2 horas,44.045794,Cundinamarca,BOGOTÁ,2.036512,A3. Mayor que 2 y menor que 3 horas,93.466104,Pequeña propiedad,2397.454892743754,Pequeña propiedad,1826.0,2,1604.470454,SI,-,
805,Polygon,25,430,MADRID,CUNDINAMARCA,25430,25430,Andina,2511,SABANA OCCIDENTE,Ciudades y aglomeraciones,-,134736,-,3. POT,DOS,G2_MEDIO_ALTO,No PDET,NO ZOMAC,Bajo,0.018472,-,-,Irradiado_Mayor que 300 - hasta 400,Mayor que 300 - hasta 400,1,25430.0,Cundinamarca,MADRID,0.0,A1. Menos 1 hora,0.0,Cundinamarca,BOGOTÁ,0.537512,A1. Menos 1 hora,25.922035,Mediana propiedad,6135.211727961322,Pequeña propiedad,1597.0,1,4073.75261,SI,-,
806,Polygon,25,436,MANTA,CUNDINAMARCA,25436,25436,Andina,2501,ALMEIDAS,Rural disperso,-,4234,-,1. EOT,SEIS,G1_ALTO,No PDET,NO ZOMAC,Bajo,0.717816,2022,4.2.2,Mayor que 100 - hasta 120,Mayor que 100 - hasta 120,0,25436.0,Cundinamarca,TOCANCIPÁ,1.704672,A2. Mayor que 1 y menor que 2 horas,62.406811,Cundinamarca,BOGOTÁ,2.651647,A3. Mayor que 2 y menor que 3 horas,111.827121,Pequeña propiedad,645.0082509331401,Pequeña propiedad,874.0,2,540.474577,SI,-,
807,Polygon,25,438,MEDINA,CUNDINAMARCA,25438,25438,Andina,2507,MEDINA,Rural disperso,-,9093,-,1. EOT,SEIS,G2_MEDIO_ALTO,No PDET, ZOMAC,Medio,0.499433,-,-,Irradiado_Mayor que 30 - hasta 40,Mayor que 30 - hasta 40,1,25438.0,Casanare,VILLANUEVA,1.61888,A2. Mayor que 1 y menor que 2 horas,76.077879,Meta,VILLAVICENCIO,1.642282,A2. Mayor que 1 y menor que 2 horas,74.592092,Mediana propiedad,33928.70966815722,Pequeña propiedad,2665.0,3,22329.270345,SI,-,
1111,Polygon,25,473,MOSQUERA,CUNDINAMARCA,25473,25473,Andina,2511,SABANA OCCIDENTE,Ciudades y aglomeraciones,-,151244,-,3. POT,UNO,G4_MEDIO_BAJO,No PDET,NO ZOMAC,Bajo,0.005805,-,-,Irradiado_Mayor que 500 - hasta 600,Mayor que 500 - hasta 600,1,25473.0,Cundinamarca,MOSQUERA,0.0,A1. Menos 1 hora,0.0,Cundinamarca,BOGOTÁ,0.575303,A1. Menos 1 hora,22.486501,Mediana propiedad,3828.931438131117,Pequeña propiedad,482.0,3,4243.765948,SI,-,
808,Polygon,25,483,NARIÑO,CUNDINAMARCA,25483,25483,Andina,2502,ALTO MAGDALENA,Rural,-,2741,-,1. EOT,SEIS,G5_BAJO,No PDET,NO ZOMAC,Bajo,0.508197,-,-,Irradiado_Mayor que 100 - hasta 120,Mayor que 100 - hasta 120,1,25483.0,Tolima,FLANDES,0.517911,A1. Menos 1 hora,27.313708,Tolima,IBAGUÉ,1.696831,A2. Mayor que 1 y menor que 2 horas,72.299199,Mediana propiedad,3393.4098185873972,Pequeña propiedad,197.0,4,3920.74527,SI,-,
809,Polygon,25,486,NEMOCON,CUNDINAMARCA,25486,25486,Andina,2510,SABANA CENTRO,Ciudades y aglomeraciones,-,15588,-,1. EOT,SEIS,G2_MEDIO_ALTO,No PDET,NO ZOMAC,Bajo,0.471286,2024,6.1.1,Mayor que 300 - hasta 400,Mayor que 300 - hasta 400,0,25486.0,Cundinamarca,ZIPAQUIRÁ,0.397379,A1. Menos 1 hora,16.382338,Cundinamarca,BOGOTÁ,1.359024,A2. Mayor que 1 y menor que 2 horas,66.632799,Mediana propiedad,2216.585314591622,Pequeña propiedad,607.0,2,1967.431568,SI,-,
810,Polygon,25,488,NILO,CUNDINAMARCA,25488,25488,Andina,2502,ALTO MAGDALENA,Rural,-,12746,-,1. EOT,SEIS,G5_BAJO,No PDET,NO ZOMAC,Bajo,0.587277,-,-,Irradiado_Mayor que 100 - hasta 120,Mayor que 100 - hasta 120,1,25488.0,Tolima,FLANDES,0.728094,A1. Menos 1 hora,30.290664,Tolima,IBAGUÉ,2.102666,A3. Mayor que 2 y menor que 3 horas,86.080317,Mediana propiedad,8616.437956332771,Pequeña propiedad,1345.0,3,10710.058168,SI,-,
811,Polygon,25,489,NIMAIMA,CUNDINAMARCA,25489,25489,Andina,2504,GUALIVA,Intermedio,-,4138,-,1. EOT,SEIS,G3_MEDIO,No PDET,NO ZOMAC,Bajo,0.44228,-,-,Irradiado_Mayor que 100 - hasta 120,Mayor que 100 - hasta 120,1,25489.0,Cundinamarca,EL ROSAL,1.948539,A2. Mayor que 1 y menor que 2 horas,47.473001,Cundinamarca,BOGOTÁ,2.600199,A3. Mayor que 2 y menor que 3 horas,80.160216,Pequeña propiedad,5021.005371556568,Pequeña propiedad,1714.0,4,3001.950289,SI,-,
812,Polygon,25,491,NOCAIMA,CUNDINAMARCA,25491,25491,Andina,2504,GUALIVA,Intermedio,-,7074,-,1. EOT,SEIS,G3_MEDIO,No PDET,NO ZOMAC,Bajo,0.499107,-,-,Irradiado_Mayor que 100 - hasta 120,Mayor que 100 - hasta 120,1,25491.0,Cundinamarca,EL ROSAL,1.461596,A2. Mayor que 1 y menor que 2 horas,39.478889,Cundinamarca,BOGOTÁ,2.113256,A3. Mayor que 2 y menor que 3 horas,72.166104,Pequeña propiedad,6095.430011690713,Pequeña propiedad,2309.0,2,3186.061465,SI,-,
813,Polygon,25,506,VENECIA,CUNDINAMARCA,25506,25506,Andina,2513,SUMAPAZ,Rural disperso,-,4877,-,1. EOT,SEIS,G3_MEDIO,No PDET,NO ZOMAC,Medio Bajo,0.513292,-,-,Irradiado_Mayor que 70 - hasta 80,Mayor que 70 - hasta 80,1,25506.0,Tolima,MELGAR,1.753726,A2. Mayor que 1 y menor que 2 horas,33.729141,Tolima,IBAGUÉ,3.593661,A4. Mayor que 3 y menor que 4 horas,118.470981,Pequeña propiedad,5034.268735971321,Pequeña propiedad,1580.0,2,5975.595074,SI,-,
814,Polygon,25,513,PACHO,CUNDINAMARCA,25513,25513,Andina,2509,RIO NEGRO,Intermedio,-,28412,-,1. EOT,SEIS,G4_MEDIO_BAJO,No PDET,NO ZOMAC,Bajo,0.406946,-,-,Irradiado_Mayor que 180 - hasta 200,Mayor que 180 - hasta 200,1,25513.0,Cundinamarca,ZIPAQUIRÁ,1.809371,A2. Mayor que 1 y menor que 2 horas,31.80904,Cundinamarca,BOGOTÁ,2.754987,A3. Mayor que 2 y menor que 3 horas,81.152395,Pequeña propiedad,25156.582730488695,Pequeña propiedad,9550.0,4,17824.975083,SI,-,
815,Polygon,25,518,PAIME,CUNDINAMARCA,25518,25518,Andina,2509,RIO NEGRO,Rural disperso,-,4742,-,1. EOT,SEIS,G3_MEDIO,No PDET,NO ZOMAC,Bajo,0.310583,-,-,Irradiado_Mayor que 15 - hasta 20,Mayor que 15 - hasta 20,1,25518.0,Cundinamarca,ZIPAQUIRÁ,3.671733,A4. Mayor que 3 y menor que 4 horas,73.873716,Cundinamarca,BOGOTÁ,4.617348,A5. Mayor que 4 y menor que 5 horas,123.217071,Pequeña propiedad,10851.72105843097,Pequeña propiedad,2078.0,4,10795.836036,SI,-,
816,Polygon,25,524,PANDI,CUNDINAMARCA,25524,25524,Andina,2513,SUMAPAZ,Rural,-,5792,-,1. EOT,SEIS,G4_MEDIO_BAJO,No PDET,NO ZOMAC,Bajo,0.403609,-,-,Irradiado_Mayor que 80 - hasta 100,Mayor que 80 - hasta 100,1,25524.0,Tolima,MELGAR,1.116248,A2. Mayor que 1 y menor que 2 horas,23.545079,Tolima,IBAGUÉ,2.956184,A3. Mayor que 2 y menor que 3 horas,108.286919,Pequeña propiedad,4439.10881503864,Pequeña propiedad,1887.0,3,3155.97895,SI,-,
817,Polygon,25,530,PARATEBUENO,CUNDINAMARCA,25530,25530,Andina,2507,MEDINA,Rural disperso,-,9851,-,1. EOT,SEIS,G4_MEDIO_BAJO,No PDET, ZOMAC,Medio Bajo,0.553604,-,-,Irradiado_Mayor que 30 - hasta 40,Mayor que 30 - hasta 40,1,25530.0,Casanare,VILLANUEVA,0.94611,A1. Menos 1 hora,50.001429,Meta,VILLAVICENCIO,1.336692,A2. Mayor que 1 y menor que 2 horas,69.318081,Mediana propiedad,47653.7328091416,Pequeña propiedad,1271.0,2,35272.852606,SI,-,
818,Polygon,25,535,PASCA,CUNDINAMARCA,25535,25535,Andina,2513,SUMAPAZ,Rural disperso,-,10525,-,1. EOT,SEIS,G5_BAJO,No PDET,NO ZOMAC,Medio Bajo,0.390106,-,-,Irradiado_Mayor que 80 - hasta 100,Mayor que 80 - hasta 100,1,25535.0,Cundinamarca,FUSAGASUGÁ,0.428069,A1. Menos 1 hora,10.066905,Cundinamarca,BOGOTÁ,1.988917,A2. Mayor que 1 y menor que 2 horas,78.40925,Pequeña propiedad,12983.461599843882,Pequeña propiedad,4007.0,2,8062.824594,SI,-,
819,Polygon,25,572,PUERTO SALGAR,CUNDINAMARCA,25572,25572,Andina,2503,BAJO MAGDALENA,Rural,-,18181,-,1. EOT,SEIS,G4_MEDIO_BAJO,No PDET,NO ZOMAC,Medio Bajo,0.320519,-,-,Irradiado_Mayor que 80 - hasta 100,Mayor que 80 - hasta 100,1,25572.0,Caldas,LA DORADA,0.357112,A1. Menos 1 hora,6.51127,Tolima,IBAGUÉ,3.830782,A4. Mayor que 3 y menor que 4 horas,177.152814,Mediana propiedad,29215.722572116487,Pequeña propiedad,585.0,3,21570.5413,SI,-,
820,Polygon,25,580,PULI,CUNDINAMARCA,25580,25580,Andina,2506,MAGDALENA CENTRO,Rural disperso,-,3830,-,1. EOT,SEIS,G2_MEDIO_ALTO,No PDET, ZOMAC,Bajo,0.584581,-,-,Irradiado_Mayor que 20 - hasta 30,Mayor que 20 - hasta 30,1,25580.0,Tolima,FLANDES,1.996338,A2. Mayor que 1 y menor que 2 horas,73.592597,Tolima,IBAGUÉ,2.817516,A3. Mayor que 2 y menor que 3 horas,94.666104,Mediana propiedad,9610.370657077181,Pequeña propiedad,970.0,4,10565.335539,SI,-,
821,Polygon,25,592,QUEBRADANEGRA,CUNDINAMARCA,25592,25592,Andina,2504,GUALIVA,Rural,-,5397,-,1. EOT,SEIS,G2_MEDIO_ALTO,No PDET,NO ZOMAC,Bajo,0.411961,-,-,Irradiado_Mayor que 60 - hasta 70,Mayor que 60 - hasta 70,1,25592.0,Cundinamarca,FACATATIVÁ,2.04653,A3. Mayor que 2 y menor que 3 horas,54.819805,Cundinamarca,BOGOTÁ,2.769975,A3. Mayor que 2 y menor que 3 horas,94.375649,Pequeña propiedad,6237.635539915651,Pequeña propiedad,2077.0,4,6054.798891,SI,-,
822,Polygon,25,594,QUETAME,CUNDINAMARCA,25594,25594,Andina,2508,ORIENTE,Rural,-,5855,-,1. EOT,SEIS,G4_MEDIO_BAJO,No PDET,NO ZOMAC,Bajo,0.531906,-,-,Irradiado_Mayor que 80 - hasta 100,Mayor que 80 - hasta 100,1,25594.0,Meta,VILLAVICENCIO,1.508586,A2. Mayor que 1 y menor que 2 horas,48.960007,Meta,VILLAVICENCIO,1.439421,A2. Mayor que 1 y menor que 2 horas,47.470058,Pequeña propiedad,7995.798559724868,Pequeña propiedad,2289.0,4,8631.066037,SI,-,
823,Polygon,25,596,QUIPILE,CUNDINAMARCA,25596,25596,Andina,2514,TEQUENDAMA,Rural,-,7143,-,1. EOT,SEIS,G4_MEDIO_BAJO,No PDET,NO ZOMAC,Medio Bajo,0.51756,-,-,Irradiado_Mayor que 60 - hasta 70,Mayor que 60 - hasta 70,1,25596.0,Cundinamarca,FACATATIVÁ,1.676402,A2. Mayor que 1 y menor que 2 horas,36.378889,Cundinamarca,BOGOTÁ,2.399847,A3. Mayor que 2 y menor que 3 horas,75.934733,Pequeña propiedad,11112.827772607141,Pequeña propiedad,3756.0,4,8183.060533,SI,-,
824,Polygon,25,599,APULO,CUNDINAMARCA,25599,25599,Andina,2514,TEQUENDAMA,Intermedio,-,9561,-,1. EOT,SEIS,G1_ALTO,No PDET,NO ZOMAC,Bajo,0.334504,-,-,Irradiado_Mayor que 100 - hasta 120,Mayor que 100 - hasta 120,1,25599.0,Tolima,FLANDES,1.47661,A2. Mayor que 1 y menor que 2 horas,46.407316,Tolima,IBAGUÉ,2.906864,A3. Mayor que 2 y menor que 3 horas,105.605296,Pequeña propiedad,8414.357003725809,Pequeña propiedad,4076.0,4,5629.974593,SI,-,
825,Polygon,25,612,RICAURTE,CUNDINAMARCA,25612,25612,Andina,2502,ALTO MAGDALENA,Intermedio,-,15324,-,1. EOT,CUATRO,G5_BAJO,No PDET,NO ZOMAC,Bajo,0.546671,-,-,Irradiado_Mayor que 140 - hasta 160,Mayor que 140 - hasta 160,1,25612.0,Tolima,FLANDES,0.106732,A1. Menos 1 hora,5.618377,Tolima,IBAGUÉ,1.57309,A2. Mayor que 1 y menor que 2 horas,66.602143,Mediana propiedad,6350.43791210222,Pequeña propiedad,2729.0,2,6042.524365,SI,-,
826,Polygon,25,645,SAN ANTONIO DE TEQUENDAMA,CUNDINAMARCA,25645,25645,Andina,2514,TEQUENDAMA,Intermedio,-,13831,-,1. EOT,SEIS,G3_MEDIO,No PDET,NO ZOMAC,Bajo,0.364788,-,-,Irradiado_Mayor que 140 - hasta 160,Mayor que 140 - hasta 160,1,25645.0,Cundinamarca,SOACHA,1.066177,A2. Mayor que 1 y menor que 2 horas,26.711984,Cundinamarca,BOGOTÁ,1.460951,A2. Mayor que 1 y menor que 2 horas,45.370058,Pequeña propiedad,6394.765960061386,Pequeña propiedad,5780.0,2,5025.59855,SI,-,
827,Polygon,25,649,SAN BERNARDO,CUNDINAMARCA,25649,25649,Andina,2513,SUMAPAZ,Rural,-,9723,-,1. EOT,SEIS,G5_BAJO,No PDET,NO ZOMAC,Bajo,0.442938,-,-,Irradiado_Mayor que 80 - hasta 100,Mayor que 80 - hasta 100,1,25649.0,Cundinamarca,FUSAGASUGÁ,1.668708,A2. Mayor que 1 y menor que 2 horas,28.193607,Cundinamarca,BOGOTÁ,3.158602,A4. Mayor que 3 y menor que 4 horas,94.146003,Pequeña propiedad,9558.253710557105,Pequeña propiedad,3432.0,3,7563.729713,SI,-,
828,Polygon,25,653,SAN CAYETANO,CUNDINAMARCA,25653,25653,Andina,2509,RIO NEGRO,Rural disperso,-,5549,-,1. EOT,SEIS,G5_BAJO,No PDET,NO ZOMAC,Bajo,0.642217,-,-,Irradiado_Mayor que 15 - hasta 20,Mayor que 15 - hasta 20,1,25653.0,Cundinamarca,VILLA DE SAN DIEGO DE UBATÉ,2.077422,A3. Mayor que 2 y menor que 3 horas,36.094827,Cundinamarca,BOGOTÁ,3.70522,A4. Mayor que 3 y menor que 4 horas,98.179098,Pequeña propiedad,14331.06367197907,Pequeña propiedad,3220.0,4,13264.873976,SI,-,
829,Polygon,25,658,SAN FRANCISCO,CUNDINAMARCA,25658,25658,Andina,2504,GUALIVA,Intermedio,-,12685,-,1. EOT,SEIS,G1_ALTO,No PDET,NO ZOMAC,Bajo,0.438536,-,-,Irradiado_Mayor que 120 - hasta 140,Mayor que 120 - hasta 140,1,25658.0,Cundinamarca,EL ROSAL,1.102153,A2. Mayor que 1 y menor que 2 horas,23.479394,Cundinamarca,BOGOTÁ,1.753812,A2. Mayor que 1 y menor que 2 horas,56.166609,Pequeña propiedad,6234.340450916929,Pequeña propiedad,3769.0,4,4430.126075,SI,-,
1114,Polygon,25,662,SAN JUAN DE RIO SECO,CUNDINAMARCA,25662,25662,Andina,2506,MAGDALENA CENTRO,Rural,-,9388,-,1. EOT,SEIS,G4_MEDIO_BAJO,No PDET,NO ZOMAC,Medio Bajo,0.55334,-,-,Irradiado_Mayor que 40 - hasta 50,Mayor que 40 - hasta 50,1,25662.0,Tolima,FLANDES,2.5137,A3. Mayor que 2 y menor que 3 horas,103.983261,Tolima,IBAGUÉ,3.311123,A4. Mayor que 3 y menor que 4 horas,119.911183,Mediana propiedad,15683.721985055756,Pequeña propiedad,2415.0,3,17710.078743,SI,-,
830,Polygon,25,718,SASAIMA,CUNDINAMARCA,25718,25718,Andina,2504,GUALIVA,Rural,-,12518,-,1. EOT,SEIS,G1_ALTO,No PDET,NO ZOMAC,Bajo,0.380017,-,-,Irradiado_Mayor que 70 - hasta 80,Mayor que 70 - hasta 80,1,25718.0,Cundinamarca,FACATATIVÁ,1.05543,A2. Mayor que 1 y menor que 2 horas,29.491883,Cundinamarca,BOGOTÁ,1.778876,A2. Mayor que 1 y menor que 2 horas,69.047727,Pequeña propiedad,8067.394159696417,Pequeña propiedad,4049.0,4,6083.799977,SI,-,
831,Polygon,25,736,SESQUILE,CUNDINAMARCA,25736,25736,Andina,2501,ALMEIDAS,Ciudades y aglomeraciones,-,13506,-,1. EOT,SEIS,G5_BAJO,No PDET,NO ZOMAC,Bajo,0.40361,-,-,Irradiado_Mayor que 200 - hasta 250,Mayor que 200 - hasta 250,1,25736.0,Cundinamarca,TOCANCIPÁ,0.332227,A1. Menos 1 hora,18.800714,Cundinamarca,BOGOTÁ,1.279202,A2. Mayor que 1 y menor que 2 horas,68.221024,Pequeña propiedad,7166.571188456654,Pequeña propiedad,2895.0,2,4376.481104,SI,-,
1112,Polygon,25,740,SIBATE,CUNDINAMARCA,25740,25740,Andina,2512,SOACHA,Ciudades y aglomeraciones,-,39761,-,2. PBOT,CINCO,G1_ALTO,No PDET,NO ZOMAC,Bajo,0.678973,-,-,Irradiado_Mayor que 160 - hasta 180,Mayor que 160 - hasta 180,1,25740.0,Cundinamarca,SIBATÉ,0.0,A1. Menos 1 hora,0.0,Cundinamarca,BOGOTÁ,0.708388,A1. Menos 1 hora,31.484776,Pequeña propiedad,6964.77526054026,Pequeña propiedad,2068.0,3,4563.641277,SI,-,
832,Polygon,25,743,SILVANIA,CUNDINAMARCA,25743,25743,Andina,2513,SUMAPAZ,Intermedio,-,25347,-,1. EOT,SEIS,G4_MEDIO_BAJO,No PDET, ZOMAC,Bajo,0.139811,-,-,Irradiado_Mayor que 300 - hasta 400,Mayor que 300 - hasta 400,1,25743.0,Cundinamarca,FUSAGASUGÁ,0.328164,A1. Menos 1 hora,9.001219,Cundinamarca,BOGOTÁ,1.536807,A2. Mayor que 1 y menor que 2 horas,62.531075,Pequeña propiedad,12446.405429938319,Pequeña propiedad,8146.0,3,6108.181343,SI,-,
833,Polygon,25,745,SIMIJACA,CUNDINAMARCA,25745,25745,Andina,2515,UBATE,Intermedio,-,15149,-,1. EOT,SEIS,G4_MEDIO_BAJO,No PDET,NO ZOMAC,Bajo,0.46533,-,-,Irradiado_Mayor que 120 - hasta 140,Mayor que 120 - hasta 140,1,25745.0,Boyacá,CHIQUINQUIRÁ,0.360615,A1. Menos 1 hora,15.068124,Boyacá,TUNJA,2.368264,A3. Mayor que 2 y menor que 3 horas,86.990368,Pequeña propiedad,7841.244179898586,Pequeña propiedad,4548.0,3,5823.092384,SI,-,
1108,Polygon,25,754,SOACHA,CUNDINAMARCA,25754,25754,Andina,2512,SOACHA,Ciudades y aglomeraciones,-,782647,-,3. POT,UNO,G4_MEDIO_BAJO,No PDET,NO ZOMAC,Medio Bajo,0.079675,-,-,Irradiado_Mayor que 250 - hasta 300,Mayor que 250 - hasta 300,1,25754.0,Cundinamarca,SOACHA,0.0,A1. Menos 1 hora,0.0,Cundinamarca,BOGOTÁ,0.410708,A1. Menos 1 hora,18.716652,Mediana propiedad,5120.381343869089,Pequeña propiedad,1194.0,3,6809.972042,SI,-,
834,Polygon,25,758,SOPO,CUNDINAMARCA,25758,25758,Andina,2510,SABANA CENTRO,Ciudades y aglomeraciones,-,30780,-,2. PBOT,TRES,G2_MEDIO_ALTO,No PDET,NO ZOMAC,Bajo,0.283797,2024,4.2.2,Mayor que 400 - hasta 500,Mayor que 400 - hasta 500,0,25758.0,Cundinamarca,SOPÓ,0.0,A1. Menos 1 hora,0.0,Cundinamarca,BOGOTÁ,0.944564,A1. Menos 1 hora,47.547518,Pequeña propiedad,709.5984670444958,Pequeña propiedad,774.0,2,962.154359,SI,-,
835,Polygon,25,769,SUBACHOQUE,CUNDINAMARCA,25769,25769,Andina,2511,SABANA OCCIDENTE,Intermedio,-,17544,-,1. EOT,SEIS,G4_MEDIO_BAJO,No PDET,NO ZOMAC,Bajo,0.683787,-,-,Irradiado_Mayor que 300 - hasta 400,Mayor que 300 - hasta 400,1,25769.0,Cundinamarca,EL ROSAL,0.448621,A1. Menos 1 hora,14.675231,Cundinamarca,BOGOTÁ,1.13783,A2. Mayor que 1 y menor que 2 horas,42.792597,Pequeña propiedad,12746.831153019288,Pequeña propiedad,4324.0,3,8119.84399,SI,-,
836,Polygon,25,772,SUESCA,CUNDINAMARCA,25772,25772,Andina,2501,ALMEIDAS,Intermedio,-,20120,-,1. EOT,SEIS,G4_MEDIO_BAJO,No PDET,NO ZOMAC,Bajo,0.66393,2016,4.2.1,Irradiado_Mayor que 100 - hasta 120,Mayor que 100 - hasta 120,1,25772.0,Cundinamarca,TOCANCIPÁ,0.483895,A1. Menos 1 hora,23.056349,Cundinamarca,BOGOTÁ,1.43087,A2. Mayor que 1 y menor que 2 horas,72.476659,Mediana propiedad,817.7165298920606,Pequeña propiedad,369.0,2,1770.796774,SI,-,
837,Polygon,25,777,SUPATA,CUNDINAMARCA,25777,25777,Andina,2504,GUALIVA,Rural,-,6040,-,1. EOT,SEIS,G3_MEDIO,No PDET,NO ZOMAC,Bajo,0.54969,-,-,Irradiado_Mayor que 100 - hasta 120,Mayor que 100 - hasta 120,1,25777.0,Cundinamarca,EL ROSAL,1.914138,A2. Mayor que 1 y menor que 2 horas,39.806097,Cundinamarca,BOGOTÁ,2.565798,A3. Mayor que 2 y menor que 3 horas,72.493312,Pequeña propiedad,7335.657396138605,Pequeña propiedad,2732.0,4,4927.378786,SI,-,
838,Polygon,25,779,SUSA,CUNDINAMARCA,25779,25779,Andina,2515,UBATE,Intermedio,-,7508,-,1. EOT,SEIS,G2_MEDIO_ALTO,No PDET,NO ZOMAC,Bajo,0.524468,-,-,Irradiado_Mayor que 120 - hasta 140,Mayor que 120 - hasta 140,1,25779.0,Boyacá,CHIQUINQUIRÁ,0.445149,A1. Menos 1 hora,20.96518,Boyacá,TUNJA,2.452797,A3. Mayor que 2 y menor que 3 horas,92.887424,Pequeña propiedad,8008.748552303258,Pequeña propiedad,5498.0,3,4204.273083,SI,-,
839,Polygon,25,781,SUTATAUSA,CUNDINAMARCA,25781,25781,Andina,2515,UBATE,Ciudades y aglomeraciones,-,6923,-,1. EOT,SEIS,G1_ALTO,No PDET,NO ZOMAC,Bajo,0.550667,-,-,Irradiado_Mayor que 100 - hasta 120,Mayor que 100 - hasta 120,1,25781.0,Cundinamarca,VILLA DE SAN DIEGO DE UBATÉ,0.207207,A1. Menos 1 hora,9.074012,Cundinamarca,BOGOTÁ,1.759573,A2. Mayor que 1 y menor que 2 horas,83.453615,Pequeña propiedad,5398.874998833868,Pequeña propiedad,2728.0,4,3524.488246,SI,-,
840,Polygon,25,785,TABIO,CUNDINAMARCA,25785,25785,Andina,2510,SABANA CENTRO,Ciudades y aglomeraciones,-,25692,-,1. EOT,SEIS,G5_BAJO,No PDET,NO ZOMAC,Bajo,0.095238,2024,5.1.2,Mayor que 300 - hasta 400,Mayor que 300 - hasta 400,0,25785.0,Cundinamarca,CAJICÁ,0.315855,A1. Menos 1 hora,10.356854,Cundinamarca,BOGOTÁ,0.987381,A1. Menos 1 hora,45.584776,Pequeña propiedad,1781.198057410105,Pequeña propiedad,1526.0,2,1567.775494,SI,-,
841,Polygon,25,793,TAUSA,CUNDINAMARCA,25793,25793,Andina,2515,UBATE,Rural disperso,-,9423,-,1. EOT,SEIS,G1_ALTO,No PDET,NO ZOMAC,Bajo,0.475198,2016,4.1.2,Mayor que 70 - hasta 80,Mayor que 70 - hasta 80,0,25793.0,Cundinamarca,VILLA DE SAN DIEGO DE UBATÉ,0.501279,A1. Menos 1 hora,16.999495,Cundinamarca,BOGOTÁ,1.536749,A2. Mayor que 1 y menor que 2 horas,76.152395,"Gran propiedad, latifundios",964.7920415095728,Pequeña propiedad,84.0,2,608.536271,SI,-,
842,Polygon,25,797,TENA,CUNDINAMARCA,25797,25797,Andina,2514,TEQUENDAMA,Intermedio,-,11214,-,1. EOT,SEIS,G2_MEDIO_ALTO,No PDET,NO ZOMAC,Bajo,0.413385,-,-,Irradiado_Mayor que 140 - hasta 160,Mayor que 140 - hasta 160,1,25797.0,Cundinamarca,SOACHA,1.332112,A2. Mayor que 1 y menor que 2 horas,34.878889,Cundinamarca,BOGOTÁ,1.726886,A2. Mayor que 1 y menor que 2 horas,53.536962,Pequeña propiedad,4092.0428810314925,Pequeña propiedad,5212.0,4,3074.429162,SI,-,
843,Polygon,25,799,TENJO,CUNDINAMARCA,25799,25799,Andina,2511,SABANA OCCIDENTE,Intermedio,-,26012,-,1. EOT,TRES,G2_MEDIO_ALTO,No PDET,NO ZOMAC,Bajo,0.633848,2024,5.1.2,Mayor que 500 - hasta 600,Mayor que 500 - hasta 600,0,25799.0,Cundinamarca,EL ROSAL,0.556251,A1. Menos 1 hora,16.261017,Cundinamarca,BOGOTÁ,0.80311,A1. Menos 1 hora,31.385996,Pequeña propiedad,1258.075476694221,Pequeña propiedad,884.0,1,1492.172511,SI,-,
844,Polygon,25,805,TIBACUY,CUNDINAMARCA,25805,25805,Andina,2513,SUMAPAZ,Rural,-,5008,-,1. EOT,SEIS,G4_MEDIO_BAJO,No PDET,NO ZOMAC,Bajo,0.334095,-,-,Irradiado_Mayor que 40 - hasta 50,Mayor que 40 - hasta 50,1,25805.0,Cundinamarca,FUSAGASUGÁ,0.608792,A1. Menos 1 hora,15.009545,Cundinamarca,BOGOTÁ,1.867269,A2. Mayor que 1 y menor que 2 horas,70.422244,Pequeña propiedad,4376.268135347067,Pequeña propiedad,1718.0,2,3622.646359,SI,-,
845,Polygon,25,807,TIBIRITA,CUNDINAMARCA,25807,25807,Andina,2501,ALMEIDAS,Rural,-,3633,-,1. EOT,SEIS,G5_BAJO,No PDET,NO ZOMAC,Bajo,0.739811,2022,4.2.2,Mayor que 100 - hasta 120,Mayor que 100 - hasta 120,0,25807.0,Cundinamarca,TOCANCIPÁ,1.505532,A2. Mayor que 1 y menor que 2 horas,59.109755,Cundinamarca,BOGOTÁ,2.452507,A3. Mayor que 2 y menor que 3 horas,108.530065,Pequeña propiedad,1941.451992130469,Pequeña propiedad,2310.0,3,1467.805407,SI,-,
846,Polygon,25,815,TOCAIMA,CUNDINAMARCA,25815,25815,Andina,2502,ALTO MAGDALENA,Intermedio,-,18304,-,1. EOT,SEIS,G4_MEDIO_BAJO,No PDET,NO ZOMAC,Bajo,0.377263,-,-,Irradiado_Mayor que 120 - hasta 140,Mayor que 120 - hasta 140,1,25815.0,Tolima,FLANDES,1.114925,A2. Mayor que 1 y menor que 2 horas,35.264675,Tolima,IBAGUÉ,2.54518,A3. Mayor que 2 y menor que 3 horas,94.462655,Mediana propiedad,11893.762643357748,Pequeña propiedad,2430.0,2,8878.081321,SI,-,
847,Polygon,25,817,TOCANCIPA,CUNDINAMARCA,25817,25817,Andina,2510,SABANA CENTRO,Ciudades y aglomeraciones,-,46918,-,2. PBOT,DOS,,No PDET,NO ZOMAC,Medio Bajo,0.25,2024,6.1.1,Mayor que 300 - hasta 400,Mayor que 300 - hasta 400,0,25817.0,Cundinamarca,TOCANCIPÁ,0.0,A1. Menos 1 hora,0.0,Cundinamarca,BOGOTÁ,0.946975,A1. Menos 1 hora,49.42031,Mediana propiedad,929.8796895747475,Pequeña propiedad,149.0,2,1526.576886,SI,-,
848,Polygon,25,823,TOPAIPI,CUNDINAMARCA,25823,25823,Andina,2509,RIO NEGRO,Rural disperso,-,4704,-,1. EOT,SEIS,G5_BAJO,No PDET, ZOMAC,Bajo,0.756864,-,-,Irradiado_Mayor que 15 - hasta 20,Mayor que 15 - hasta 20,1,25823.0,Cundinamarca,ZIPAQUIRÁ,3.644852,A4. Mayor que 3 y menor que 4 horas,80.767828,Cundinamarca,BOGOTÁ,4.590467,A5. Mayor que 4 y menor que 5 horas,130.111183,Pequeña propiedad,11562.873282803945,Pequeña propiedad,2599.0,4,8364.800273,SI,-,
849,Polygon,25,839,UBALA,CUNDINAMARCA,25839,25839,Andina,2505,GUAVIO,Rural disperso,-,8720,-,1. EOT,SEIS,G3_MEDIO,No PDET,NO ZOMAC,Medio Bajo,0.72064,-,-,Irradiado_Mayor que 80 - hasta 100,Mayor que 80 - hasta 100,1,25839.0,Cundinamarca,SOPÓ,3.949065,A4. Mayor que 3 y menor que 4 horas,62.369553,Cundinamarca,BOGOTÁ,4.826928,A5. Mayor que 4 y menor que 5 horas,109.492807,Pequeña propiedad,18330.5867768744,Pequeña propiedad,4710.0,4,15061.359008,SI,-,
850,Polygon,25,841,UBAQUE,CUNDINAMARCA,25841,25841,Andina,2508,ORIENTE,Rural,-,7729,-,1. EOT,SEIS,G2_MEDIO_ALTO,No PDET,NO ZOMAC,Bajo,0.498412,2022,4.2.2,Mayor que 100 - hasta 120,Mayor que 100 - hasta 120,0,25841.0,Cundinamarca,"BOGOTÁ, DISTRITO CAPITAL",2.0705,A3. Mayor que 2 y menor que 3 horas,58.236962,Cundinamarca,BOGOTÁ,2.129976,A3. Mayor que 2 y menor que 3 horas,52.825693,Pequeña propiedad,1487.623300586203,Pequeña propiedad,2118.0,2,906.173593,SI,-,
851,Polygon,25,843,UBATE,CUNDINAMARCA,25843,25843,Andina,2515,UBATE,Intermedio,-,50581,-,2. PBOT,SEIS,G3_MEDIO,No PDET,NO ZOMAC,Bajo,0.541297,-,-,Irradiado_Mayor que 250 - hasta 300,Mayor que 250 - hasta 300,1,25843.0,Cundinamarca,VILLA DE SAN DIEGO DE UBATÉ,0.0,A1. Menos 1 hora,0.0,Cundinamarca,BOGOTÁ,1.945313,A2. Mayor que 1 y menor que 2 horas,92.327626,Pequeña propiedad,7425.028920788292,Pequeña propiedad,5492.0,3,6614.768161,SI,-,
852,Polygon,25,845,UNE,CUNDINAMARCA,25845,25845,Andina,2508,ORIENTE,Rural,-,8073,-,1. EOT,SEIS,G2_MEDIO_ALTO,No PDET,NO ZOMAC,Bajo,0.466921,2022,4.1.2,Mayor que 70 - hasta 80,Mayor que 70 - hasta 80,0,25845.0,Cundinamarca,"BOGOTÁ, DISTRITO CAPITAL",1.584684,A2. Mayor que 1 y menor que 2 horas,40.747518,Cundinamarca,BOGOTÁ,1.679009,A2. Mayor que 1 y menor que 2 horas,42.403153,Pequeña propiedad,1718.725965064899,Pequeña propiedad,1201.0,3,1476.439441,SI,-,
853,Polygon,25,851,UTICA,CUNDINAMARCA,25851,25851,Andina,2504,GUALIVA,Intermedio,-,4906,-,1. EOT,SEIS,G1_ALTO,No PDET,NO ZOMAC,Bajo,0.525692,-,-,Irradiado_Mayor que 80 - hasta 100,Mayor que 80 - hasta 100,1,25851.0,Caldas,LA DORADA,2.314356,A3. Mayor que 2 y menor que 3 horas,62.467114,Cundinamarca,BOGOTÁ,3.433453,A4. Mayor que 3 y menor que 4 horas,104.011183,Mediana propiedad,4885.096427282497,Pequeña propiedad,890.0,4,6911.607405,SI,-,
854,Polygon,25,862,VERGARA,CUNDINAMARCA,25862,25862,Andina,2504,GUALIVA,Rural,-,7805,-,1. EOT,SEIS,G5_BAJO,No PDET,NO ZOMAC,Bajo,0.494808,-,-,Irradiado_Mayor que 80 - hasta 100,Mayor que 80 - hasta 100,1,25862.0,Cundinamarca,EL ROSAL,1.89602,A2. Mayor que 1 y menor que 2 horas,50.401429,Cundinamarca,BOGOTÁ,2.54768,A3. Mayor que 2 y menor que 3 horas,83.088644,Pequeña propiedad,12116.700662718811,Pequeña propiedad,3708.0,4,7434.637523,SI,-,
855,Polygon,25,867,VIANI,CUNDINAMARCA,25867,25867,Andina,2506,MAGDALENA CENTRO,Intermedio,-,5078,-,1. EOT,SEIS,G2_MEDIO_ALTO,No PDET,NO ZOMAC,Bajo,0.496933,-,-,Irradiado_Mayor que 40 - hasta 50,Mayor que 40 - hasta 50,1,25867.0,Cundinamarca,FACATATIVÁ,1.921649,A2. Mayor que 1 y menor que 2 horas,39.907316,Cundinamarca,BOGOTÁ,2.645094,A3. Mayor que 2 y menor que 3 horas,79.46316,Pequeña propiedad,5553.192784317733,Pequeña propiedad,1656.0,3,3398.524945,SI,-,
856,Polygon,25,871,VILLAGOMEZ,CUNDINAMARCA,25871,25871,Andina,2509,RIO NEGRO,Rural disperso,-,2018,-,1. EOT,SEIS,G4_MEDIO_BAJO,No PDET,NO ZOMAC,Bajo,0.636071,-,-,Irradiado_Mayor que 15 - hasta 20,Mayor que 15 - hasta 20,1,25871.0,Cundinamarca,ZIPAQUIRÁ,2.845891,A3. Mayor que 2 y menor que 3 horas,59.178384,Cundinamarca,BOGOTÁ,3.791506,A4. Mayor que 3 y menor que 4 horas,108.521739,Pequeña propiedad,4329.65695932161,Pequeña propiedad,1118.0,3,3676.90765,SI,-,
857,Polygon,25,873,VILLAPINZON,CUNDINAMARCA,25873,25873,Andina,2501,ALMEIDAS,Intermedio,-,20062,-,1. EOT,SEIS,G4_MEDIO_BAJO,No PDET,NO ZOMAC,Bajo,0.604552,2016,4.2.1,Irradiado_Mayor que 140 - hasta 160,Mayor que 140 - hasta 160,1,25873.0,Cundinamarca,TOCANCIPÁ,0.992047,A1. Menos 1 hora,49.992597,Boyacá,TUNJA,1.525055,A2. Mayor que 1 y menor que 2 horas,55.202648,Pequeña propiedad,108.8391481228453,Pequeña propiedad,336.0,2,115.85945,SI,-,
858,Polygon,25,875,VILLETA,CUNDINAMARCA,25875,25875,Andina,2504,GUALIVA,Intermedio,-,31632,-,2. PBOT,SEIS,G3_MEDIO,No PDET,NO ZOMAC,Bajo,0.391811,-,-,Irradiado_Mayor que 300 - hasta 400,Mayor que 300 - hasta 400,1,25875.0,Cundinamarca,FACATATIVÁ,1.366097,A2. Mayor que 1 y menor que 2 horas,39.000209,Cundinamarca,BOGOTÁ,2.089543,A3. Mayor que 2 y menor que 3 horas,78.556053,Pequeña propiedad,10657.596808450719,Pequeña propiedad,4262.0,4,6859.587884,SI,-,
859,Polygon,25,878,VIOTA,CUNDINAMARCA,25878,25878,Andina,2514,TEQUENDAMA,Intermedio,-,15255,-,1. EOT,SEIS,G2_MEDIO_ALTO,No PDET, ZOMAC,Medio Bajo,0.362765,-,-,Irradiado_Mayor que 50 - hasta 60,Mayor que 50 - hasta 60,1,25878.0,Tolima,FLANDES,1.491569,A2. Mayor que 1 y menor que 2 horas,49.811479,Tolima,IBAGUÉ,2.921823,A3. Mayor que 2 y menor que 3 horas,109.009459,Pequeña propiedad,15637.70412726948,Pequeña propiedad,6489.0,2,7741.179958,SI,-,
860,Polygon,25,885,YACOPI,CUNDINAMARCA,25885,25885,Andina,2509,RIO NEGRO,Rural disperso,-,13995,-,1. EOT,SEIS,G4_MEDIO_BAJO,No PDET,NO ZOMAC,Medio Bajo,0.669648,-,-,Irradiado_Mayor que 20 - hasta 30,Mayor que 20 - hasta 30,1,25885.0,Caldas,LA DORADA,4.017553,A5. Mayor que 4 y menor que 5 horas,85.847727,Cundinamarca,BOGOTÁ,5.474354,A6. Mayor que 5 y menor que 6 horas,157.935656,Mediana propiedad,55313.66923617176,Pequeña propiedad,6345.0,4,58641.141799,SI,-,
861,Polygon,25,898,ZIPACON,CUNDINAMARCA,25898,25898,Andina,2511,SABANA OCCIDENTE,Intermedio,-,5445,-,1. EOT,SEIS,G3_MEDIO,No PDET,NO ZOMAC,Bajo,0.414028,-,-,Irradiado_Mayor que 70 - hasta 80,Mayor que 70 - hasta 80,1,25898.0,Cundinamarca,FACATATIVÁ,0.45747,A1. Menos 1 hora,13.353911,Cundinamarca,BOGOTÁ,1.023124,A2. Mayor que 1 y menor que 2 horas,44.701429,Pequeña propiedad,3134.909228164793,Pequeña propiedad,1697.0,3,3224.105865,SI,-,
862,Polygon,25,899,ZIPAQUIRA,CUNDINAMARCA,25899,25899,Andina,2510,SABANA CENTRO,Ciudades y aglomeraciones,-,155618,-,3. POT,DOS,,No PDET,NO ZOMAC,Bajo,0.384187,2024,6.1.1,Mayor que 300 - hasta 400,Mayor que 300 - hasta 400,0,25899.0,Cundinamarca,ZIPAQUIRÁ,0.0,A1. Menos 1 hora,0.0,Cundinamarca,BOGOTÁ,0.966214,A1. Menos 1 hora,50.50904,Pequeña propiedad,3908.045064801038,Pequeña propiedad,2286.0,2,3486.451305,SI,-,
405,Polygon,27,1,QUIBDO,Choco,27001,27001,Pacifica,2701,ATRATO,Ciudades y aglomeraciones,si,142184,-,3. POT,CINCO,G1_ALTO,No PDET, ZOMAC,Medio Alto,0.481086,-,-,Irradiado_Mayor que 60 - hasta 70,Mayor que 60 - hasta 70,1,27001.0,Chocó,SAN FRANCISCO DE QUIBDÓ,0.0,A1. Menos 1 hora,0.0,Chocó,SAN FRANCISCO DE QUIBDÓ,0.0,A1. Menos 1 hora,0.0,,,,,2,36.918574,SI,-,
406,Polygon,27,6,ACANDI,Choco,27006,27006,Pacifica,2702,DARIEN,Rural,-,15604,-,1. EOT,SEIS,G2_MEDIO_ALTO,PDET Chocó, ZOMAC,Medio,0.749171,-,-,Irradiado_Mayor que 15 - hasta 20,Mayor que 15 - hasta 20,1,nan,,,0.0, ,0.0,,,0.0, ,0.0,"Gran propiedad, latifundios",19598.50065505111,Pequeña propiedad,375.0,1,13219.274002,SI,-,
407,Polygon,27,25,ALTO BAUDO,Choco,27025,27025,Pacifica,2704,PACIFICO SUR,Rural disperso,-,30748,-,2. PBOT,SEIS,G2_MEDIO_ALTO,No PDET,NO ZOMAC,Medio Alto,0.333333,-,-,Irradiado_Mayor que 10 - hasta 15,Mayor que 10 - hasta 15,1,27025.0,Chocó,SAN FRANCISCO DE QUIBDÓ,7.726146, ,75.543564,Chocó,SAN FRANCISCO DE QUIBDÓ,7.274694,A8. Mayor que 8 horas,72.046508,,,,,4,1769.810395,SI,-,
408,Polygon,27,50,ATRATO,Choco,27050,27050,Pacifica,2701,ATRATO,Rural,-,6724,-,1. EOT,SEIS,G5_BAJO,No PDET,NO ZOMAC,Medio Alto,0.087379,-,-,Irradiado_Mayor que 8 - hasta 10,Mayor que 8 - hasta 10,1,27050.0,Chocó,SAN FRANCISCO DE QUIBDÓ,0.84322,A1. Menos 1 hora,24.603658,Chocó,SAN FRANCISCO DE QUIBDÓ,0.569297,A1. Menos 1 hora,23.862237,,,,,2,41.691259,SI,-,
409,Polygon,27,73,BAGADO,Choco,27073,27073,Pacifica,2701,ATRATO,Rural disperso,-,11704,-,1. EOT,SEIS,G4_MEDIO_BAJO,No PDET, ZOMAC,Alto,0.858974,-,-,Irradiado_Mayor que 5 - hasta 8,Mayor que 5 - hasta 8,1,27073.0,Chocó,SAN FRANCISCO DE QUIBDÓ,2.329839,A3. Mayor que 2 y menor que 3 horas,70.96539,Chocó,SAN FRANCISCO DE QUIBDÓ,2.055916,A3. Mayor que 2 y menor que 3 horas,70.223968,,,,,4,1486.443333,SI,-,
410,Polygon,27,75,BAHIA SOLANO,Choco,27075,27075,Pacifica,2703,PACIFICO NORTE,Rural disperso,-,11291,-,1. EOT,SEIS,G4_MEDIO_BAJO,No PDET,NO ZOMAC,Medio,0.632039,-,-,Irradiado_Mayor que 30 - hasta 40,Mayor que 30 - hasta 40,1,nan,,,0.0, ,0.0,,,0.0, ,0.0,,,,,3,1743.622294,SI,-,
411,Polygon,27,77,BAJO BAUDO,Choco,27077,27077,Pacifica,2704,PACIFICO SUR,Rural disperso,-,33373,-,2. PBOT,SEIS,G3_MEDIO,No PDET, ZOMAC,Alto,0.868243,-,-,Irradiado_Mayor que 10 - hasta 15,Mayor que 10 - hasta 15,1,nan,,,0.0, ,0.0,,,0.0, ,0.0,,,,,3,942.239683,SI,-,
412,Polygon,27,99,BOJAYA,Choco,27099,27099,Pacifica,2701,ATRATO,Rural disperso,-,13479,-,1. EOT,SEIS,G5_BAJO,PDET Chocó, ZOMAC,Medio Alto,0.080189,-,-,Irradiado_Mayor que 10 - hasta 15,Mayor que 10 - hasta 15,1,nan,,,0.0, ,0.0,,,0.0, ,0.0,Pequeña propiedad,120.73126826879952,Pequeña propiedad,15.0,4,5639.982737,SI,-,
413,Polygon,27,135,CANTON DE SAN PABLO,Choco,27135,27135,Pacifica,2705,SAN JUAN,Rural,-,6783,-,1. EOT,SEIS,G1_ALTO,No PDET,NO ZOMAC,Medio,0.111111,-,-,Irradiado_Mayor que 5 - hasta 8,Mayor que 5 - hasta 8,1,27135.0,Chocó,SAN FRANCISCO DE QUIBDÓ,1.945655,A2. Mayor que 1 y menor que 2 horas,68.969553,Chocó,SAN FRANCISCO DE QUIBDÓ,1.671732,A2. Mayor que 1 y menor que 2 horas,68.228131,,,,,3,0.912882,SI,-,
414,Polygon,27,150,CARMEN DEL DARIEN,Choco,27150,27150,Pacifica,2702,DARIEN,Rural disperso,-,21814,-,1. EOT,SEIS,G3_MEDIO,PDET Chocó, ZOMAC,Medio Alto,0.607843,-,-,Irradiado_Mayor que 15 - hasta 20,Mayor que 15 - hasta 20,1,27150.0,Antioquia,CHIGORODÓ,2.697082,A3. Mayor que 2 y menor que 3 horas,103.221739,Córdoba,MONTERÍA,7.51185,A8. Mayor que 8 horas,355.339228,,,,,2,0.00369,SI,-,
415,Polygon,27,160,CERTEGUI,Choco,27160,27160,Pacifica,2705,SAN JUAN,Rural,-,6088,-,1. EOT,SEIS,G1_ALTO,No PDET,NO ZOMAC,Medio,0.0,-,-,Irradiado_Mayor que 5 - hasta 8,Mayor que 5 - hasta 8,1,27160.0,Chocó,SAN FRANCISCO DE QUIBDÓ,1.364305,A2. Mayor que 1 y menor que 2 horas,46.22031,Chocó,SAN FRANCISCO DE QUIBDÓ,1.090383,A2. Mayor que 1 y menor que 2 horas,45.478889,,,,,3,40.084334,SI,-,
416,Polygon,27,205,CONDOTO,Choco,27205,27205,Pacifica,2705,SAN JUAN,Rural,-,13652,-,1. EOT,SEIS,C_CIUDADES,PDET Chocó, ZOMAC,Medio,0.0,-,-,Irradiado_Mayor que 5 - hasta 8,Mayor que 5 - hasta 8,1,27205.0,Chocó,SAN FRANCISCO DE QUIBDÓ,2.197578,A3. Mayor que 2 y menor que 3 horas,83.332294,Chocó,SAN FRANCISCO DE QUIBDÓ,1.923655,A2. Mayor que 1 y menor que 2 horas,82.590873,"Gran propiedad, latifundios",572.7069888991363,Pequeña propiedad,2.0,3,640.705509,SI,-,
417,Polygon,27,245,EL CARMEN DE ATRATO,Choco,27245,27245,Pacifica,2701,ATRATO,Rural,-,9121,-,1. EOT,SEIS,G5_BAJO,No PDET, ZOMAC,Medio Alto,0.807745,-,-,Irradiado_Mayor que 20 - hasta 30,Mayor que 20 - hasta 30,1,27245.0,Chocó,SAN FRANCISCO DE QUIBDÓ,2.493456,A3. Mayor que 2 y menor que 3 horas,89.179098,Chocó,SAN FRANCISCO DE QUIBDÓ,2.257815,A3. Mayor que 2 y menor que 3 horas,90.544783,"Gran propiedad, latifundios",316.4566933236388,Mediana propiedad,1.0,4,577.455497,SI,-,
418,Polygon,27,250,EL LITORAL DEL SAN JUAN,Choco,27250,27250,Pacifica,2704,PACIFICO SUR,Rural disperso,-,24967,-,1. EOT,SEIS,G1_ALTO,PDET Chocó, ZOMAC,Medio Alto,0.65,-,-,Irradiado_Mayor que 10 - hasta 15,Mayor que 10 - hasta 15,1,27250.0,Valle del Cauca,"BUENAVENTURA, DISTRITO ESPECIAL, INDUSTRIAL, PORTUARIO, BIODIVERSO Y ECOTURÍSTICO",5.978515, ,95.448947,Valle del Cauca,SANTIAGO DE CALI,10.681071,A8. Mayor que 8 horas,214.044192,,,,,2,716.130364,SI,-,
419,Polygon,27,361,ITSMINA,Choco,27361,27361,Pacifica,2705,SAN JUAN,Rural,-,33188,-,2. PBOT,SEIS,G2_MEDIO_ALTO,PDET Chocó, ZOMAC,Medio Alto,0.468864,-,-,Irradiado_Mayor que 10 - hasta 15,Mayor que 10 - hasta 15,1,27361.0,Chocó,SAN FRANCISCO DE QUIBDÓ,2.266896,A3. Mayor que 2 y menor que 3 horas,74.382547,Chocó,SAN FRANCISCO DE QUIBDÓ,1.992973,A2. Mayor que 1 y menor que 2 horas,73.641125,"Gran propiedad, latifundios",711.8471220552404,Pequeña propiedad,6.0,3,796.952539,SI,-,
420,Polygon,27,372,JURADO,Choco,27372,27372,Pacifica,2703,PACIFICO NORTE,Rural disperso,-,7408,-,1. EOT,SEIS,G3_MEDIO,No PDET,NO ZOMAC,Medio Alto,0.822857,-,-,Irradiado_Mayor que 10 - hasta 15,Mayor que 10 - hasta 15,1,nan,,,0.0, ,0.0,,,0.0, ,0.0,,,,,4,4520.517513,SI,-,
421,Polygon,27,413,LLORO,Choco,27413,27413,Pacifica,2701,ATRATO,Rural,-,10456,-,1. EOT,SEIS,G5_BAJO,No PDET,NO ZOMAC,Medio Alto,0.287671,-,-,Irradiado_Mayor que 8 - hasta 10,Mayor que 8 - hasta 10,1,27413.0,Chocó,SAN FRANCISCO DE QUIBDÓ,1.390326,A2. Mayor que 1 y menor que 2 horas,38.643355,Chocó,SAN FRANCISCO DE QUIBDÓ,1.116403,A2. Mayor que 1 y menor que 2 horas,37.901934,,,,,4,11678.834562,SI,-,
422,Polygon,27,425,MEDIO ATRATO,Choco,27425,27425,Pacifica,2701,ATRATO,Rural disperso,-,12668,-,1. EOT,SEIS,G2_MEDIO_ALTO,PDET Chocó, ZOMAC,Medio Alto,0.0,-,-,Irradiado_Mayor que 5 - hasta 8,Mayor que 5 - hasta 8,1,27425.0,Chocó,SAN FRANCISCO DE QUIBDÓ,4.979905,A5. Mayor que 4 y menor que 5 horas,59.94285,Chocó,SAN FRANCISCO DE QUIBDÓ,4.537569,A5. Mayor que 4 y menor que 5 horas,56.645794,,,,,3,0.000369,SI,-,
423,Polygon,27,430,MEDIO BAUDO,Choco,27430,27430,Pacifica,2704,PACIFICO SUR,Rural disperso,-,16632,-,1. EOT,SEIS,G3_MEDIO,No PDET,NO ZOMAC,Medio Alto,0.071429,-,-,Irradiado_Mayor que 5 - hasta 8,Mayor que 5 - hasta 8,1,27430.0,Chocó,SAN FRANCISCO DE QUIBDÓ,10.301091, ,109.501638,Chocó,SAN FRANCISCO DE QUIBDÓ,10.027168,A8. Mayor que 8 horas,108.760216,,,,,3,55.694578,SI,-,
424,Polygon,27,450,MEDIO SAN JUAN,Choco,27450,27450,Pacifica,2705,SAN JUAN,Rural,-,11578,-,1. EOT,SEIS,G4_MEDIO_BAJO,PDET Chocó, ZOMAC,Medio Alto,0.363636,-,-,Irradiado_Mayor que 5 - hasta 8,Mayor que 5 - hasta 8,1,27450.0,Chocó,SAN FRANCISCO DE QUIBDÓ,2.158122,A3. Mayor que 2 y menor que 3 horas,81.069553,Chocó,SAN FRANCISCO DE QUIBDÓ,1.8842,A2. Mayor que 1 y menor que 2 horas,80.328131,,,,,3,3.415993,SI,-,
425,Polygon,27,491,NOVITA,Choco,27491,27491,Pacifica,2705,SAN JUAN,Rural disperso,-,10179,-,1. EOT,SEIS,G3_MEDIO,PDET Chocó, ZOMAC,Alto,0.9,-,-,Irradiado_Mayor que 5 - hasta 8,Mayor que 5 - hasta 8,1,27491.0,Chocó,SAN FRANCISCO DE QUIBDÓ,2.596124,A3. Mayor que 2 y menor que 3 horas,102.158997,Chocó,SAN FRANCISCO DE QUIBDÓ,2.322201,A3. Mayor que 2 y menor que 3 horas,101.417576,,,,,3,0.536012,SI,-,
426,Polygon,27,495,NUQUI,Choco,27495,27495,Pacifica,2703,PACIFICO NORTE,Rural disperso,-,17954,-,1. EOT,SEIS,G1_ALTO,No PDET,NO ZOMAC,Medio Alto,0.541446,-,-,Irradiado_Mayor que 60 - hasta 70,Mayor que 60 - hasta 70,1,nan,,,0.0, ,0.0,,,0.0, ,0.0,Mediana propiedad,197.93750073922996,Mediana propiedad,1.0,4,199.970444,SI,-,
427,Polygon,27,580,RIO IRO,Choco,27580,27580,Pacifica,2705,SAN JUAN,Rural disperso,-,5788,-,1. EOT,SEIS,G1_ALTO,No PDET,NO ZOMAC,Medio Alto,0.0,-,-,Irradiado_Mayor que 5 - hasta 8,Mayor que 5 - hasta 8,1,27580.0,Chocó,SAN FRANCISCO DE QUIBDÓ,7.565746, ,82.338182,Chocó,SAN FRANCISCO DE QUIBDÓ,7.291823,A8. Mayor que 8 horas,81.59676,,,,,4,361.184138,SI,-,
428,Polygon,27,600,RIO QUITO,Choco,27600,27600,Pacifica,2701,ATRATO,Rural disperso,-,8996,-,1. EOT,SEIS,G5_BAJO,No PDET,NO ZOMAC,Medio,0.083333,-,-,Irradiado_Mayor que 5 - hasta 8,Mayor que 5 - hasta 8,1,27600.0,Chocó,SAN FRANCISCO DE QUIBDÓ,1.548402,A2. Mayor que 1 y menor que 2 horas,36.060512,Chocó,SAN FRANCISCO DE QUIBDÓ,1.09695,A2. Mayor que 1 y menor que 2 horas,32.563456,,,,,3,7.675689,SI,-,
404,Polygon,27,615,RIOSUCIO,Choco,27615,27615,Pacifica,2702,DARIEN,Rural disperso,-,62137,-,2. PBOT,SEIS,G3_MEDIO,PDET Chocó, ZOMAC,Alto,0.566667,-,-,Irradiado_Mayor que 20 - hasta 30,Mayor que 20 - hasta 30,1,27615.0,Antioquia,CHIGORODÓ,2.760955,A3. Mayor que 2 y menor que 3 horas,96.416356,Córdoba,MONTERÍA,7.575724,A8. Mayor que 8 horas,348.533845,"Gran propiedad, latifundios",8849.336869293153,Pequeña propiedad,30.0,2,11234.895643,SI,-,
429,Polygon,27,660,SAN JOSE DEL PALMAR,Choco,27660,27660,Pacifica,2705,SAN JUAN,Rural disperso,-,5597,-,1. EOT,SEIS,G1_ALTO,No PDET, ZOMAC,Alto,0.862669,-,-,Irradiado_Mayor que 5 - hasta 8,Mayor que 5 - hasta 8,1,27660.0,Valle del Cauca,CARTAGO,2.564674,A3. Mayor que 2 y menor que 3 horas,60.98671,Risaralda,PEREIRA,3.3525,A4. Mayor que 3 y menor que 4 horas,96.105801,"Gran propiedad, latifundios",37068.32401433376,Pequeña propiedad,233.0,4,40733.089947,SI,-,
430,Polygon,27,745,SIPI,Choco,27745,27745,Pacifica,2705,SAN JUAN,Rural disperso,-,3554,-,1. EOT,SEIS,G1_ALTO,PDET Chocó, ZOMAC,Alto,0.428571,-,-,Irradiado_Mayor que 5 - hasta 8,Mayor que 5 - hasta 8,1,nan,,,0.0, ,0.0,,,0.0, ,0.0,,,,,4,0.249714,SI,-,
431,Polygon,27,787,TADO,Choco,27787,27787,Pacifica,2705,SAN JUAN,Rural,-,19822,-,1. EOT,SEIS,G2_MEDIO_ALTO,No PDET, ZOMAC,Medio Alto,0.461165,-,-,Irradiado_Mayor que 5 - hasta 8,Mayor que 5 - hasta 8,1,27787.0,Chocó,SAN FRANCISCO DE QUIBDÓ,1.764528,A2. Mayor que 1 y menor que 2 horas,65.484271,Chocó,SAN FRANCISCO DE QUIBDÓ,1.490606,A2. Mayor que 1 y menor que 2 horas,64.74285,Pequeña propiedad,6.513642287684418,Pequeña propiedad,1.0,3,234.728319,SI,-,
432,Polygon,27,800,UNGUIA,Choco,27800,27800,Pacifica,2702,DARIEN,Rural,-,14285,-,1. EOT,SEIS,G1_ALTO,PDET Chocó, ZOMAC,Medio Alto,0.562738,-,-,Irradiado_Mayor que 20 - hasta 30,Mayor que 20 - hasta 30,1,27800.0,Antioquia,CHIGORODÓ,11.145023, ,186.121443,,,0.0, ,0.0,,,,,4,18539.330137,SI,-,
433,Polygon,27,810,UNION PANAMERICANA,Choco,27810,27810,Pacifica,2705,SAN JUAN,Intermedio,-,7364,-,1. EOT,SEIS,G3_MEDIO,No PDET,NO ZOMAC,Medio Bajo,0.41,-,-,Irradiado_Mayor que 5 - hasta 8,Mayor que 5 - hasta 8,1,27810.0,Chocó,SAN FRANCISCO DE QUIBDÓ,1.589523,A2. Mayor que 1 y menor que 2 horas,56.648737,Chocó,SAN FRANCISCO DE QUIBDÓ,1.315601,A2. Mayor que 1 y menor que 2 horas,55.907316,Mediana propiedad,39.635356038250244,Mediana propiedad,1.0,3,162.28037,SI,-,
934,Polygon,41,1,NEIVA,HUILA,41001,41001,Andina,4102,NORTE,Ciudades y aglomeraciones,si,380019,-,3. POT,UNO,G2_MEDIO_ALTO,No PDET,NO ZOMAC,Medio,0.422447,2018,3.3.2,Irradiado_Mayor que 120 - hasta 140,Mayor que 120 - hasta 140,1,41001.0,Huila,NEIVA,0.0,A1. Menos 1 hora,0.0,Huila,NEIVA,0.0,A1. Menos 1 hora,0.0,Mediana propiedad,940.5217670131995,Pequeña propiedad,195.0,2,1057.86363,SI,-,
970,Polygon,41,6,ACEVEDO,HUILA,41006,41006,Andina,4104,SUR,Rural disperso,-,26773,-,1. EOT,SEIS,G4_MEDIO_BAJO,No PDET, ZOMAC,Medio,0.585178,2018,3.3.2,Irradiado_Mayor que 30 - hasta 40,Mayor que 30 - hasta 40,1,41006.0,Huila,PITALITO,1.115731,A2. Mayor que 1 y menor que 2 horas,25.232085,Cauca,FLORENCIA,2.81222,A3. Mayor que 2 y menor que 3 horas,75.582042,"Gran propiedad, latifundios",6.340258020922644,"Gran propiedad, latifundios",1.0,1,817.458028,SI,-,
969,Polygon,41,13,AGRADO,HUILA,41013,41013,Andina,4101,CENTRO,Rural,-,9408,-,1. EOT,SEIS,G3_MEDIO,No PDET,NO ZOMAC,Bajo,0.494276,2018,3.2.1,Irradiado_Mayor que 40 - hasta 50,Mayor que 40 - hasta 50,1,41013.0,Huila,GARZÓN,0.79302,A1. Menos 1 hora,23.996551,Huila,NEIVA,2.936331,A3. Mayor que 2 y menor que 3 horas,131.465094,Mediana propiedad,1777.410973291734,Pequeña propiedad,241.0,2,2957.97656,SI,-,
968,Polygon,41,16,AIPE,HUILA,41016,41016,Andina,4102,NORTE,Rural,-,17322,-,1. EOT,SEIS,G5_BAJO,No PDET,NO ZOMAC,Medio Bajo,0.4687,2018,3.2.2,Mayor que 30 - hasta 40,Mayor que 30 - hasta 40,0,41016.0,Huila,NEIVA,1.016596,A2. Mayor que 1 y menor que 2 horas,39.790664,Huila,NEIVA,0.966759,A1. Menos 1 hora,38.890664,Mediana propiedad,529.6961326912002,Pequeña propiedad,120.0,1,293.607245,SI,-,
967,Polygon,41,20,ALGECIRAS,HUILA,41020,41020,Andina,4102,NORTE,Rural,-,24044,-,1. EOT,SEIS,G5_BAJO,PDET Cuenca del Caguán y Piedemonte Caqueteño, ZOMAC,Alto,0.399326,2018,3.3.1,Irradiado_Mayor que 50 - hasta 60,Mayor que 50 - hasta 60,1,41020.0,Huila,NEIVA,1.665906,A2. Mayor que 1 y menor que 2 horas,58.549957,Huila,NEIVA,1.553072,A2. Mayor que 1 y menor que 2 horas,57.14285,Pequeña propiedad,1.814709137046022,Pequeña propiedad,1.0,2,1060.265266,SI,-,
966,Polygon,41,26,ALTAMIRA,HUILA,41026,41026,Andina,4101,CENTRO,Rural,-,4557,-,1. EOT,SEIS,G5_BAJO,No PDET,NO ZOMAC,Bajo,0.720621,2018,3.3.1,Mayor que 40 - hasta 50,Mayor que 40 - hasta 50,0,41026.0,Huila,GARZÓN,0.754908,A1. Menos 1 hora,27.184776,Cauca,FLORENCIA,2.892478,A3. Mayor que 2 y menor que 3 horas,90.087424,Mediana propiedad,7.513197011716251,Mediana propiedad,1.0,3,7.513197,SI,-,
965,Polygon,41,78,BARAYA,HUILA,41078,41078,Andina,4102,NORTE,Rural,-,8865,-,1. EOT,SEIS,G5_BAJO,No PDET, ZOMAC,Medio Alto,0.347826,2018,3.3.1,Mayor que 40 - hasta 50,Mayor que 40 - hasta 50,0,41078.0,Huila,NEIVA,1.466479,A2. Mayor que 1 y menor que 2 horas,48.638687,Huila,NEIVA,1.416642,A2. Mayor que 1 y menor que 2 horas,47.738687,"Gran propiedad, latifundios",1285.365220331784,Pequeña propiedad,180.0,2,1309.781576,SI,-,
964,Polygon,41,132,CAMPOALEGRE,HUILA,41132,41132,Andina,4102,NORTE,Intermedio,-,33102,-,2. PBOT,SEIS,G4_MEDIO_BAJO,No PDET,NO ZOMAC,Medio,0.693034,2018,3.3.1,Irradiado_Mayor que 50 - hasta 60,Mayor que 50 - hasta 60,1,41132.0,Huila,NEIVA,0.8039,A1. Menos 1 hora,32.569343,Huila,NEIVA,0.691066,A1. Menos 1 hora,31.162237,Pequeña propiedad,7581.511623566882,Pequeña propiedad,1500.0,2,13871.536161,SI,-,
963,Polygon,41,206,COLOMBIA,HUILA,41206,41206,Andina,4102,NORTE,Rural disperso,-,7693,-,1. EOT,SEIS,G2_MEDIO_ALTO,No PDET, ZOMAC,Medio Alto,0.588684,2018,3.3.1,Mayor que 40 - hasta 50,Mayor que 40 - hasta 50,0,41206.0,Huila,NEIVA,3.225376,A4. Mayor que 3 y menor que 4 horas,96.464379,Huila,NEIVA,3.17554,A4. Mayor que 3 y menor que 4 horas,95.564379,"Gran propiedad, latifundios",2.883582496504138,Mediana propiedad,6.0,3,732.93815,SI,-,
962,Polygon,41,244,ELIAS,HUILA,41244,41244,Andina,4104,SUR,Rural,-,4532,-,1. EOT,SEIS,G5_BAJO,No PDET,NO ZOMAC,Bajo,0.649527,2018,3.3.1,Mayor que 40 - hasta 50,Mayor que 40 - hasta 50,0,41244.0,Huila,PITALITO,0.869699,A1. Menos 1 hora,32.340411,Cauca,FLORENCIA,3.391707,A4. Mayor que 3 y menor que 4 horas,113.373925,Pequeña propiedad,13.14199393143391,Pequeña propiedad,31.0,2,21.602187,SI,-,
961,Polygon,41,298,GARZON,HUILA,41298,41298,Andina,4101,CENTRO,Intermedio,-,77794,-,2. PBOT,SEIS,G3_MEDIO,No PDET,NO ZOMAC,Medio Bajo,0.338362,2018,4.1.2,Mayor que 70 - hasta 80,Mayor que 70 - hasta 80,0,41298.0,Huila,GARZÓN,0.0,A1. Menos 1 hora,0.0,Huila,NEIVA,2.399826,A3. Mayor que 2 y menor que 3 horas,117.125397,Pequeña propiedad,315.189759452554,Pequeña propiedad,319.0,2,460.894126,SI,-,
935,Polygon,41,306,GIGANTE,HUILA,41306,41306,Andina,4101,CENTRO,Intermedio,-,26304,-,1. EOT,SEIS,G2_MEDIO_ALTO,No PDET,NO ZOMAC,Medio Bajo,0.68108,2018,4.1.2,Mayor que 70 - hasta 80,Mayor que 70 - hasta 80,0,41306.0,Huila,GARZÓN,0.657669,A1. Menos 1 hora,30.57767,Huila,NEIVA,1.867196,A2. Mayor que 1 y menor que 2 horas,88.454834,Pequeña propiedad,26.66199282181257,Pequeña propiedad,27.0,2,28.512309,SI,-,
936,Polygon,41,319,GUADALUPE,HUILA,41319,41319,Andina,4101,CENTRO,Rural,-,19266,-,1. EOT,SEIS,G2_MEDIO_ALTO,No PDET,NO ZOMAC,Medio Bajo,0.349752,2018,3.2.2,Irradiado_Mayor que 30 - hasta 40,Mayor que 30 - hasta 40,1,41319.0,Huila,GARZÓN,1.029675,A2. Mayor que 1 y menor que 2 horas,36.217366,Cauca,FLORENCIA,2.780672,A3. Mayor que 2 y menor que 3 horas,86.707525,Mediana propiedad,45.27036643031251,Mediana propiedad,3.0,1,45.217219,SI,-,
937,Polygon,41,349,HOBO,HUILA,41349,41349,Andina,4102,NORTE,Rural,-,7757,-,1. EOT,SEIS,G4_MEDIO_BAJO,No PDET, ZOMAC,Medio Bajo,0.343035,2018,3.3.1,Irradiado_Mayor que 50 - hasta 60,Mayor que 50 - hasta 60,1,41349.0,Huila,NEIVA,1.206738,A2. Mayor que 1 y menor que 2 horas,55.314423,Huila,NEIVA,1.093904,A2. Mayor que 1 y menor que 2 horas,53.907316,Pequeña propiedad,218.7195498138802,Pequeña propiedad,63.0,2,144.404497,SI,-,
938,Polygon,41,357,IQUIRA,HUILA,41357,41357,Andina,4102,NORTE,Rural disperso,-,9939,-,1. EOT,SEIS,G2_MEDIO_ALTO,No PDET,NO ZOMAC,Medio,0.351273,2018,3.2.1,Mayor que 20 - hasta 30,Mayor que 20 - hasta 30,0,41357.0,Huila,LA PLATA,1.900711,A2. Mayor que 1 y menor que 2 horas,54.002648,Huila,NEIVA,2.246908,A3. Mayor que 2 y menor que 3 horas,65.723968,Mediana propiedad,788.1756030021938,Pequeña propiedad,114.0,3,1044.956888,SI,-,
939,Polygon,41,359,ISNOS,HUILA,41359,41359,Andina,4104,SUR,Rural disperso,-,27197,-,1. EOT,SEIS,G5_BAJO,No PDET, ZOMAC,Medio,0.750262,2018,3.3.1,Irradiado_Mayor que 70 - hasta 80,Mayor que 70 - hasta 80,1,41359.0,Huila,PITALITO,0.836419,A1. Menos 1 hora,34.149242,Cauca,POPAYÁN,3.721414,A4. Mayor que 3 y menor que 4 horas,101.527121,Pequeña propiedad,18.82115305869171,Pequeña propiedad,19.0,1,11.20636,SI,-,
940,Polygon,41,378,LA ARGENTINA,HUILA,41378,41378,Andina,4103,OCCIDENTE,Rural,-,13884,-,1. EOT,SEIS,G2_MEDIO_ALTO,No PDET,NO ZOMAC,Medio,0.502722,2018,3.2.1,Mayor que 20 - hasta 30,Mayor que 20 - hasta 30,0,41378.0,Huila,LA PLATA,0.799054,A1. Menos 1 hora,30.211984,Cauca,POPAYÁN,2.90241,A3. Mayor que 2 y menor que 3 horas,102.337172,Pequeña propiedad,1723.056399894995,Pequeña propiedad,667.0,1,1256.306878,SI,-,
941,Polygon,41,396,LA PLATA,HUILA,41396,41396,Andina,4103,OCCIDENTE,Intermedio,-,65676,-,2. PBOT,SEIS,G1_ALTO,No PDET,NO ZOMAC,Medio,0.290828,2018,3.2.1,Irradiado_Mayor que 60 - hasta 70,Mayor que 60 - hasta 70,1,41396.0,Huila,LA PLATA,0.0,A1. Menos 1 hora,0.0,Huila,NEIVA,2.651419,A3. Mayor que 2 y menor que 3 horas,126.15088,Pequeña propiedad,2191.353159599874,Pequeña propiedad,943.0,2,2372.586602,SI,-,
942,Polygon,41,483,NATAGA,HUILA,41483,41483,Andina,4103,OCCIDENTE,Rural,-,6950,-,1. EOT,SEIS,G3_MEDIO,No PDET,NO ZOMAC,Medio Bajo,0.431569,2018,3.1.2,Irradiado_Mayor que 30 - hasta 40,Mayor que 30 - hasta 40,1,41483.0,Huila,LA PLATA,0.689909,A1. Menos 1 hora,23.239192,Huila,NEIVA,2.504605,A3. Mayor que 2 y menor que 3 horas,120.12834,Pequeña propiedad,866.1882116186551,Pequeña propiedad,269.0,4,841.338617,SI,-,
943,Polygon,41,503,OPORAPA,HUILA,41503,41503,Andina,4104,SUR,Rural,-,12537,-,1. EOT,SEIS,G5_BAJO,No PDET,NO ZOMAC,Medio Bajo,0.646561,2018,3.2.2,Mayor que 30 - hasta 40,Mayor que 30 - hasta 40,0,41503.0,Huila,PITALITO,0.881513,A1. Menos 1 hora,26.773506,Cauca,POPAYÁN,4.037999,A5. Mayor que 4 y menor que 5 horas,137.911897,Pequeña propiedad,181.1103833737246,Pequeña propiedad,140.0,4,99.271752,SI,-,
944,Polygon,41,518,PAICOL,HUILA,41518,41518,Andina,4103,OCCIDENTE,Rural,-,7078,-,1. EOT,SEIS,G5_BAJO,No PDET,NO ZOMAC,Bajo,0.318144,2018,3.2.1,Irradiado_Mayor que 30 - hasta 40,Mayor que 30 - hasta 40,1,41518.0,Huila,LA PLATA,0.575232,A1. Menos 1 hora,22.932085,Huila,NEIVA,2.13197,A3. Mayor que 2 y menor que 3 horas,105.315851,Mediana propiedad,1305.838012831072,Pequeña propiedad,96.0,1,1752.670926,SI,-,
945,Polygon,41,524,PALERMO,HUILA,41524,41524,Andina,4102,NORTE,Rural,-,28245,-,1. EOT,SEIS,G2_MEDIO_ALTO,No PDET,NO ZOMAC,Medio Bajo,0.255495,2018,3.3.2,Irradiado_Mayor que 70 - hasta 80,Mayor que 70 - hasta 80,1,41524.0,Huila,NEIVA,0.768055,A1. Menos 1 hora,24.920815,Huila,NEIVA,0.718219,A1. Menos 1 hora,24.020815,Mediana propiedad,72.56190104476873,Pequeña propiedad,592.0,2,93.741509,SI,-,
946,Polygon,41,530,PALESTINA,HUILA,41530,41530,Andina,4104,SUR,Rural,-,12077,-,1. EOT,SEIS,G5_BAJO,No PDET,NO ZOMAC,Medio Bajo,0.751073,2018,3.2.2,Irradiado_Mayor que 20 - hasta 30,Mayor que 20 - hasta 30,1,41530.0,Huila,PITALITO,0.716986,A1. Menos 1 hora,23.017872,Putumayo,MOCOA,2.830201,A3. Mayor que 2 y menor que 3 horas,106.049661,Pequeña propiedad,1763.478746297843,Pequeña propiedad,600.0,2,1878.412578,SI,-,
947,Polygon,41,548,PITAL,HUILA,41548,41548,Andina,4101,CENTRO,Intermedio,-,14791,-,1. EOT,SEIS,G3_MEDIO,No PDET,NO ZOMAC,Medio Bajo,0.54022,2018,3.2.1,Irradiado_Mayor que 60 - hasta 70,Mayor que 60 - hasta 70,1,41548.0,Huila,GARZÓN,0.943071,A1. Menos 1 hora,28.293607,Huila,NEIVA,3.086381,A4. Mayor que 3 y menor que 4 horas,135.76215,Pequeña propiedad,664.0599363049752,Pequeña propiedad,258.0,2,990.116638,SI,-,
948,Polygon,41,551,PITALITO,HUILA,41551,41551,Andina,4104,SUR,Intermedio,-,134110,-,3. POT,CUATRO,G5_BAJO,No PDET,NO ZOMAC,Medio,0.398268,2018,3.3.2,Irradiado_Mayor que 70 - hasta 80,Mayor que 70 - hasta 80,1,41551.0,Huila,PITALITO,0.0,A1. Menos 1 hora,0.0,Putumayo,MOCOA,3.287028,A4. Mayor que 3 y menor que 4 horas,126.243268,Pequeña propiedad,6157.403018420906,Pequeña propiedad,2345.0,2,5586.996009,SI,-,
949,Polygon,41,615,RIVERA,HUILA,41615,41615,Andina,4102,NORTE,Rural,-,26153,-,1. EOT,SEIS,G2_MEDIO_ALTO,No PDET,NO ZOMAC,Medio Bajo,0.247999,2018,3.3.1,Irradiado_Mayor que 70 - hasta 80,Mayor que 70 - hasta 80,1,41615.0,Huila,NEIVA,0.711814,A1. Menos 1 hora,24.623759,Huila,NEIVA,0.59898,A1. Menos 1 hora,23.216652,Mediana propiedad,5561.784916222582,Pequeña propiedad,3441.0,2,9273.158012,SI,-,
950,Polygon,41,660,SALADOBLANCO,HUILA,41660,41660,Andina,4104,SUR,Rural disperso,-,11265,-,1. EOT,SEIS,G5_BAJO,No PDET,NO ZOMAC,Medio,0.735269,2018,3.2.2,Irradiado_Mayor que 40 - hasta 50,Mayor que 40 - hasta 50,1,41660.0,Huila,PITALITO,0.910337,A1. Menos 1 hora,26.556349,Putumayo,MOCOA,4.093321,A5. Mayor que 4 y menor que 5 horas,152.175353,Pequeña propiedad,4208.586640062274,Pequeña propiedad,1500.0,2,4171.41025,SI,-,
951,Polygon,41,668,SAN AGUSTIN,HUILA,41668,41668,Andina,4104,SUR,Rural,-,35550,-,2. PBOT,SEIS,G2_MEDIO_ALTO,No PDET,NO ZOMAC,Medio,0.569954,2018,4.1.1,Irradiado_Mayor que 80 - hasta 100,Mayor que 80 - hasta 100,1,41668.0,Huila,PITALITO,0.708151,A1. Menos 1 hora,31.535029,Putumayo,MOCOA,3.70332,A4. Mayor que 3 y menor que 4 horas,146.525606,Pequeña propiedad,139.9090068817218,Pequeña propiedad,78.0,1,136.610318,SI,-,
952,Polygon,41,676,SANTA MARIA,HUILA,41676,41676,Andina,4102,NORTE,Rural disperso,-,11173,-,1. EOT,SEIS,G3_MEDIO,No PDET,NO ZOMAC,Medio Bajo,0.452506,2018,3.1.2,Irradiado_Mayor que 20 - hasta 30,Mayor que 20 - hasta 30,1,41676.0,Huila,NEIVA,1.671529,A2. Mayor que 1 y menor que 2 horas,52.294322,Huila,NEIVA,1.621693,A2. Mayor que 1 y menor que 2 horas,51.394322,Pequeña propiedad,0.1960948560869116,Mediana propiedad,3.0,2,102.47889,SI,-,
953,Polygon,41,770,SUAZA,HUILA,41770,41770,Andina,4101,CENTRO,Rural,-,23562,-,1. EOT,SEIS,G3_MEDIO,No PDET,NO ZOMAC,Medio Bajo,0.384432,2018,3.3.2,Irradiado_Mayor que 30 - hasta 40,Mayor que 30 - hasta 40,1,41770.0,Huila,GARZÓN,1.065107,A2. Mayor que 1 y menor que 2 horas,40.238687,Cauca,FLORENCIA,2.579462,A3. Mayor que 2 y menor que 3 horas,77.374935,Pequeña propiedad,749.6016774614636,Pequeña propiedad,333.0,1,1578.724732,SI,-,
954,Polygon,41,791,TARQUI,HUILA,41791,41791,Andina,4101,CENTRO,Rural,-,18783,-,1. EOT,SEIS,G3_MEDIO,No PDET,NO ZOMAC,Medio Bajo,0.570101,2018,3.2.2,Irradiado_Mayor que 50 - hasta 60,Mayor que 50 - hasta 60,1,41791.0,Huila,GARZÓN,0.981808,A1. Menos 1 hora,36.534524,Cauca,FLORENCIA,3.085426,A4. Mayor que 3 y menor que 4 horas,98.954329,Mediana propiedad,345.0732395283928,Pequeña propiedad,136.0,1,517.085763,SI,-,
955,Polygon,41,797,TESALIA,HUILA,41797,41797,Andina,4103,OCCIDENTE,Rural,-,11475,-,1. EOT,SEIS,G3_MEDIO,No PDET,NO ZOMAC,Medio Bajo,0.404467,2018,3.2.2,Irradiado_Mayor que 50 - hasta 60,Mayor que 50 - hasta 60,1,41797.0,Huila,LA PLATA,0.699271,A1. Menos 1 hora,27.467619,Huila,NEIVA,2.064037,A3. Mayor que 2 y menor que 3 horas,100.891587,Mediana propiedad,929.9808853646882,Pequeña propiedad,28.0,3,1278.791162,SI,-,
956,Polygon,41,799,TELLO,HUILA,41799,41799,Andina,4102,NORTE,Rural,-,12572,-,1. EOT,SEIS,G5_BAJO,No PDET, ZOMAC,Medio,0.335919,2018,3.3.2,Mayor que 50 - hasta 60,Mayor que 50 - hasta 60,0,41799.0,Huila,NEIVA,1.032839,A2. Mayor que 1 y menor que 2 horas,32.980613,Huila,NEIVA,0.983002,A1. Menos 1 hora,32.080613,"Gran propiedad, latifundios",516.5277525901781,Pequeña propiedad,39.0,1,790.439915,SI,-,
957,Polygon,41,801,TERUEL,HUILA,41801,41801,Andina,4102,NORTE,Rural,-,8605,-,1. EOT,SEIS,G2_MEDIO_ALTO,No PDET,NO ZOMAC,Medio Bajo,0.393077,2018,3.1.2,Irradiado_Mayor que 20 - hasta 30,Mayor que 20 - hasta 30,1,41801.0,Huila,NEIVA,1.677536,A2. Mayor que 1 y menor que 2 horas,52.42153,Huila,NEIVA,1.6277,A2. Mayor que 1 y menor que 2 horas,51.52153,Pequeña propiedad,587.9117661252479,Pequeña propiedad,207.0,4,803.793249,SI,-,
958,Polygon,41,807,TIMANA,HUILA,41807,41807,Andina,4104,SUR,Intermedio,-,23395,-,1. EOT,SEIS,G2_MEDIO_ALTO,No PDET,NO ZOMAC,Medio Bajo,0.536336,2018,3.3.2,Mayor que 50 - hasta 60,Mayor que 50 - hasta 60,0,41807.0,Huila,PITALITO,0.58696,A1. Menos 1 hora,22.007821,Cauca,FLORENCIA,3.280401,A4. Mayor que 3 y menor que 4 horas,112.63961,Pequeña propiedad,88.56205926663668,Pequeña propiedad,76.0,2,89.35204,SI,-,
959,Polygon,41,872,VILLAVIEJA,HUILA,41872,41872,Andina,4102,NORTE,Rural,-,7782,-,1. EOT,SEIS,G4_MEDIO_BAJO,No PDET,NO ZOMAC,Bajo,0.378713,2018,3.3.1,Mayor que 40 - hasta 50,Mayor que 40 - hasta 50,0,41872.0,Huila,NEIVA,1.326773,A2. Mayor que 1 y menor que 2 horas,42.72031,Huila,NEIVA,1.276936,A2. Mayor que 1 y menor que 2 horas,41.82031,Pequeña propiedad,340.1294752184667,Pequeña propiedad,80.0,2,598.605716,SI,-,
960,Polygon,41,885,YAGUARA,HUILA,41885,41885,Andina,4102,NORTE,Rural,-,8218,-,1. EOT,SEIS,G2_MEDIO_ALTO,No PDET,NO ZOMAC,Bajo,0.396238,2018,3.3.1,Mayor que 40 - hasta 50,Mayor que 40 - hasta 50,0,41885.0,Huila,NEIVA,1.58003,A2. Mayor que 1 y menor que 2 horas,54.632799,Huila,NEIVA,1.526871,A2. Mayor que 1 y menor que 2 horas,54.660007,Mediana propiedad,2906.104513227991,Pequeña propiedad,363.0,3,2456.52961,SI,-,
561,Polygon,44,1,RIOHACHA,LA GUAJIRA,44001,44001,Caribe,4401,NORTE,Ciudades y aglomeraciones,si,222541,-,3. POT,CUATRO,G4_MEDIO_BAJO,No PDET, ZOMAC,Medio,0.626892,2023,3.3.2,Mayor que 50 - hasta 60,Mayor que 50 - hasta 60,0,44001.0,La Guajira,"RIOHACHA, DISTRITO ESPECIAL, TURÍSTICO Y CULTURAL",0.0,A1. Menos 1 hora,0.0,La Guajira,RIOHACHA,0.0,A1. Menos 1 hora,0.0,Mediana propiedad,2140.74959675842,Mediana propiedad,41.0,3,3848.161101,SI,Pecuario,
562,Polygon,44,35,ALBANIA,LA GUAJIRA,44035,44035,Caribe,4401,NORTE,Intermedio,-,35116,-,2. PBOT,CINCO,G1_ALTO,No PDET,NO ZOMAC,Medio Bajo,0.775526,2023,3.1.2,Mayor que 15 - hasta 20,Mayor que 15 - hasta 20,0,44035.0,La Guajira,MAICAO,1.026963,A2. Mayor que 1 y menor que 2 horas,53.185491,La Guajira,RIOHACHA,2.05564,A3. Mayor que 2 y menor que 3 horas,77.127417,"Gran propiedad, latifundios",9525.451050482237,Mediana propiedad,119.0,3,8231.213166,SI,Agropecuario,
553,Polygon,44,78,BARRANCAS,LA GUAJIRA,44078,44078,Caribe,4402,SUR,Rural,-,42906,-,2. PBOT,SEIS,G5_BAJO,No PDET,NO ZOMAC,Medio,0.707409,2023,3.2.2,Mayor que 30 - hasta 40,Mayor que 30 - hasta 40,0,44078.0,La Guajira,FONSECA,0.260281,A1. Menos 1 hora,12.553911,Cesar,VALLEDUPAR,1.816985,A2. Mayor que 1 y menor que 2 horas,94.124177,Mediana propiedad,1809.683402670385,Pequeña propiedad,300.0,3,1466.801389,SI,Agropecuario con riego,
563,Polygon,44,90,DIBULLA,LA GUAJIRA,44090,44090,Caribe,4401,NORTE,Rural disperso,-,45876,-,2. PBOT,SEIS,G1_ALTO,PDET Sierra Nevada-Perijá, ZOMAC,Medio Alto,0.291147,2023,3.2.2,Mayor que 30 - hasta 40,Mayor que 30 - hasta 40,0,44090.0,La Guajira,"RIOHACHA, DISTRITO ESPECIAL, TURÍSTICO Y CULTURAL",1.512386,A2. Mayor que 1 y menor que 2 horas,65.18671,La Guajira,RIOHACHA,1.452845,A2. Mayor que 1 y menor que 2 horas,65.045289,"Gran propiedad, latifundios",2687.367163488335,Pequeña propiedad,153.0,2,4045.337732,SI,Agropecuario - Se empiezan a evidenciar usos habitacionales y turisticos,
554,Polygon,44,98,DISTRACCION,LA GUAJIRA,44098,44098,Caribe,4402,SUR,Intermedio,-,15317,-,1. EOT,SEIS,G4_MEDIO_BAJO,No PDET,NO ZOMAC,Medio Bajo,0.772114,2023,3.2.2,Mayor que 30 - hasta 40,Mayor que 30 - hasta 40,0,44098.0,La Guajira,FONSECA,0.119701,A1. Menos 1 hora,5.538478,Cesar,VALLEDUPAR,1.497461,A2. Mayor que 1 y menor que 2 horas,77.314632,Mediana propiedad,2914.315581514001,Pequeña propiedad,320.0,2,3694.934769,SI,Agropecuario con Distrtio de riego,
555,Polygon,44,110,EL MOLINO,LA GUAJIRA,44110,44110,Caribe,4402,SUR,Rural,-,8441,-,1. EOT,SEIS,G5_BAJO,No PDET, ZOMAC,Medio Bajo,0.473923,2023,3.2.2,Mayor que 30 - hasta 40,Mayor que 30 - hasta 40,0,44110.0,La Guajira,VILLANUEVA,0.219989,A1. Menos 1 hora,8.363961,Cesar,VALLEDUPAR,1.261011,A2. Mayor que 1 y menor que 2 horas,64.302648,Mediana propiedad,1805.425874633838,Pequeña propiedad,96.0,1,2846.293792,SI,Agricultura y ganadería,
556,Polygon,44,279,FONSECA,LA GUAJIRA,44279,44279,Caribe,4402,SUR,Intermedio,-,50242,-,2. PBOT,SEIS,G2_MEDIO_ALTO,PDET Sierra Nevada-Perijá, ZOMAC,Medio,0.635428,2023,3.2.2,Mayor que 30 - hasta 40,Mayor que 30 - hasta 40,0,44279.0,La Guajira,FONSECA,0.0,A1. Menos 1 hora,0.0,Cesar,VALLEDUPAR,1.596928,A2. Mayor que 1 y menor que 2 horas,82.594531,Mediana propiedad,7431.71534404329,Pequeña propiedad,675.0,2,7472.95527,SI,Agropecuario con riego,
557,Polygon,44,378,HATONUEVO,LA GUAJIRA,44378,44378,Caribe,4402,SUR,Intermedio,-,23911,-,1. EOT,SEIS,G4_MEDIO_BAJO,No PDET,NO ZOMAC,Medio Bajo,0.654054,2023,3.1.2,Mayor que 15 - hasta 20,Mayor que 15 - hasta 20,0,44378.0,La Guajira,FONSECA,0.523842,A1. Menos 1 hora,27.407821,Cesar,VALLEDUPAR,2.080546,A3. Mayor que 2 y menor que 3 horas,108.978088,Mediana propiedad,236.8948213736116,Pequeña propiedad,7.0,3,227.184,SI,Agropecuario,
558,Polygon,44,420,LA JAGUA DEL PILAR,LA GUAJIRA,44420,44420,Caribe,4402,SUR,Rural,-,4072,-,1. EOT,SEIS,G4_MEDIO_BAJO,No PDET, ZOMAC,Medio Bajo,0.156891,2023,3.2.1,Mayor que 20 - hasta 30,Mayor que 20 - hasta 30,0,44420.0,La Guajira,VILLANUEVA,0.417395,A1. Menos 1 hora,20.945079,Cesar,VALLEDUPAR,0.785249,A1. Menos 1 hora,38.797771,Mediana propiedad,898.0869982129004,Mediana propiedad,17.0,3,1154.971685,SI,Agropecuario,
566,Polygon,44,430,MAICAO,LA GUAJIRA,44430,44430,Caribe,4401,NORTE,Ciudades y aglomeraciones,-,200136,-,3. POT,CUATRO,G5_BAJO,No PDET, ZOMAC,Medio,0.646048,2023,3.1.2,Mayor que 15 - hasta 20,Mayor que 15 - hasta 20,0,44430.0,La Guajira,MAICAO,0.0,A1. Menos 1 hora,0.0,La Guajira,RIOHACHA,1.628797,A2. Mayor que 1 y menor que 2 horas,83.339906,Mediana propiedad,8630.582444073916,Mediana propiedad,151.0,2,10759.84015,SI,Agrícola,
567,Polygon,44,560,MANAURE,LA GUAJIRA,44560,44560,Caribe,4401,NORTE,Intermedio,-,97010,-,2. PBOT,CUATRO,G4_MEDIO_BAJO,No PDET,NO ZOMAC,Bajo,0.825959,2023,3.2.1,Mayor que 20 - hasta 30,Mayor que 20 - hasta 30,0,44560.0,La Guajira,MAICAO,1.613698,A2. Mayor que 1 y menor que 2 horas,63.739192,La Guajira,RIOHACHA,2.030882,A3. Mayor que 2 y menor que 3 horas,79.260721,"Gran propiedad, latifundios",7909.935668295077,Mediana propiedad,11.0,4,5622.180124,SI,"Pesquero, agropecuario y minero",
564,Polygon,44,650,SAN JUAN DEL CESAR,LA GUAJIRA,44650,44650,Caribe,4402,SUR,Intermedio,-,54858,-,2. PBOT,SEIS,G5_BAJO,PDET Sierra Nevada-Perijá, ZOMAC,Medio Bajo,0.607111,2023,3.2.2,Mayor que 30 - hasta 40,Mayor que 30 - hasta 40,0,44650.0,La Guajira,SAN JUAN DEL CESAR,0.0,A1. Menos 1 hora,0.0,Cesar,VALLEDUPAR,1.174151,A2. Mayor que 1 y menor que 2 horas,58.606811,Mediana propiedad,3722.997190276866,Pequeña propiedad,213.0,2,6464.253634,SI,Agropecuario con Distrtio de riego,
565,Polygon,44,847,URIBIA,LA GUAJIRA,44847,44847,Caribe,4401,NORTE,Rural disperso,-,192278,-,3. POT,CUATRO,G4_MEDIO_BAJO,No PDET,NO ZOMAC,Medio Bajo,0.990957,2023,3.2.1,Mayor que 20 - hasta 30,Mayor que 20 - hasta 30,0,44847.0,La Guajira,MAICAO,1.027864,A2. Mayor que 1 y menor que 2 horas,41.436753,La Guajira,RIOHACHA,2.267468,A3. Mayor que 2 y menor que 3 horas,104.071991,"Gran propiedad, latifundios",6290.154578333965,"Gran propiedad, latifundios",5.0,4,6125.032432,SI,Pecuario,
559,Polygon,44,855,URUMITA,LA GUAJIRA,44855,44855,Caribe,4402,SUR,Intermedio,-,12578,-,1. EOT,SEIS,G3_MEDIO,No PDET, ZOMAC,Medio Bajo,0.678636,2023,3.2.1,Mayor que 20 - hasta 30,Mayor que 20 - hasta 30,0,44855.0,La Guajira,VILLANUEVA,0.212439,A1. Menos 1 hora,7.446804,Cesar,VALLEDUPAR,1.000149,A2. Mayor que 1 y menor que 2 horas,49.237468,Mediana propiedad,673.802839856484,Mediana propiedad,11.0,3,733.189236,SI,Agrícola y pecuario,
560,Polygon,44,874,VILLANUEVA,LA GUAJIRA,44874,44874,Caribe,4402,SUR,Intermedio,-,33115,-,2. PBOT,SEIS,G2_MEDIO_ALTO,No PDET, ZOMAC,Medio Bajo,0.590604,2023,3.2.1,Mayor que 20 - hasta 30,Mayor que 20 - hasta 30,0,44874.0,La Guajira,VILLANUEVA,0.0,A1. Menos 1 hora,0.0,Cesar,VALLEDUPAR,1.060291,A2. Mayor que 1 y menor que 2 horas,54.987215,Mediana propiedad,2900.676658931229,Pequeña propiedad,63.0,3,3835.620403,SI,Agropecuario,
596,Polygon,47,1,SANTA MARTA,MAGDALENA,47001,47001,Caribe,4701,SANTA MARTA,Ciudades y aglomeraciones,si,555030,-,3. POT,UNO,G3_MEDIO,PDET Sierra Nevada-Perijá,NO ZOMAC,Medio,0.443177,2024*,3.2.1,Irradiado_Mayor que 80 - hasta 100,Mayor que 80 - hasta 100,1,47001.0,Magdalena,"SANTA MARTA, DISTRITO TURÍSTICO, CULTURAL E HISTÓRICO",0.0,A1. Menos 1 hora,0.0,Magdalena,SANTA MARTA,0.0,A1. Menos 1 hora,0.0,Mediana propiedad,59218.67246564142,Pequeña propiedad,3812.0,3,54800.491266,SI,-,
569,Polygon,47,30,ALGARROBO,MAGDALENA,47030,47030,Caribe,4703,NORTE,Rural,-,17549,-,1. EOT,SEIS,G2_MEDIO_ALTO,No PDET,NO ZOMAC,Medio Bajo,0.69625,2024*,3.1.2,Mayor que 15 - hasta 20,Mayor que 15 - hasta 20,0,47030.0,Cesar,EL COPEY,0.751761,A1. Menos 1 hora,18.226703,Cesar,VALLEDUPAR,2.88704,A3. Mayor que 2 y menor que 3 horas,138.590072,Mediana propiedad,19807.07150653772,Mediana propiedad,275.0,2,21801.178179,SI,-,
593,Polygon,47,53,ARACATACA,MAGDALENA,47053,47053,Caribe,4703,NORTE,Intermedio,-,44857,-,2. PBOT,SEIS,G4_MEDIO_BAJO,PDET Sierra Nevada-Perijá, ZOMAC,Medio,0.209877,2024*,3.2.1,Mayor que 20 - hasta 30,Mayor que 20 - hasta 30,0,47053.0,Magdalena,ARACATACA,0.0,A1. Menos 1 hora,0.0,Magdalena,SANTA MARTA,1.918523,A2. Mayor que 1 y menor que 2 horas,87.636457,Mediana propiedad,34503.530889292204,Pequeña propiedad,810.0,3,19551.289095,SI,-,
570,Polygon,47,58,ARIGUANI,MAGDALENA,47058,47058,Caribe,4702,CENTRO,Rural,-,33688,-,2. PBOT,SEIS,G3_MEDIO,No PDET,NO ZOMAC,Medio Bajo,0.188202,2024*,3.1.2,Mayor que 15 - hasta 20,Mayor que 15 - hasta 20,0,47058.0,Cesar,BOSCONIA,0.874567,A1. Menos 1 hora,44.557569,Cesar,VALLEDUPAR,2.634294,A3. Mayor que 2 y menor que 3 horas,142.024387,Mediana propiedad,68016.33613368742,Mediana propiedad,1120.0,1,41898.524569,SI,-,
571,Polygon,47,161,CERRO SAN ANTONIO,MAGDALENA,47161,47161,Caribe,4704,RIO,Rural,-,11146,-,1. EOT,SEIS,G1_ALTO,No PDET,NO ZOMAC,Bajo,0.518135,2024*,3.1.1,Mayor que 10 - hasta 15,Mayor que 10 - hasta 15,0,47161.0,Magdalena,PLATO,1.660826,A2. Mayor que 1 y menor que 2 horas,89.503362,Atlántico,BARRANQUILLA,2.008532,A3. Mayor que 2 y menor que 3 horas,97.410469,Mediana propiedad,7492.570078237882,Pequeña propiedad,589.0,4,4858.588806,SI,-,
572,Polygon,47,170,CHIVOLO,MAGDALENA,47170,47170,Caribe,4702,CENTRO,Rural,-,24624,-,1. EOT,SEIS,G4_MEDIO_BAJO,No PDET,NO ZOMAC,Medio Bajo,0.145942,2024*,3.1.2,Mayor que 15 - hasta 20,Mayor que 15 - hasta 20,0,47170.0,Magdalena,PLATO,1.388326,A2. Mayor que 1 y menor que 2 horas,43.774726,Sucre,SINCELEJO,3.689642,A4. Mayor que 3 y menor que 4 horas,158.877078,Mediana propiedad,40597.981822095804,Mediana propiedad,899.0,2,46770.729883,SI,-,
594,Polygon,47,189,CIENAGA,MAGDALENA,47189,47189,Caribe,4703,NORTE,Ciudades y aglomeraciones,-,132157,-,3. POT,CINCO,G2_MEDIO_ALTO,PDET Sierra Nevada-Perijá,NO ZOMAC,Medio,0.723283,2024*,3.2.1,Mayor que 20 - hasta 30,Mayor que 20 - hasta 30,0,47189.0,Magdalena,CIÉNAGA,0.0,A1. Menos 1 hora,0.0,Magdalena,SANTA MARTA,0.915812,A1. Menos 1 hora,33.17645,Mediana propiedad,56573.35429776524,Pequeña propiedad,1591.0,4,63822.505075,SI,-,
573,Polygon,47,205,CONCORDIA,MAGDALENA,47205,47205,Caribe,4704,RIO,Intermedio,-,11731,-,1. EOT,SEIS,G1_ALTO,No PDET,NO ZOMAC,Bajo,0.609284,2024*,3.1.1,Mayor que 10 - hasta 15,Mayor que 10 - hasta 15,0,47205.0,Magdalena,PLATO,1.756064,A2. Mayor que 1 y menor que 2 horas,72.679603,Atlántico,BARRANQUILLA,2.711548,A3. Mayor que 2 y menor que 3 horas,112.122958,Mediana propiedad,6557.976046978735,Pequeña propiedad,346.0,3,5077.854954,SI,-,
597,Polygon,47,245,EL BANCO,MAGDALENA,47245,47245,Caribe,4705,SUR,Intermedio,-,73253,-,2. PBOT,SEIS,G2_MEDIO_ALTO,No PDET,NO ZOMAC,Medio Bajo,0.631839,2024*,3.1.2,Mayor que 15 - hasta 20,Mayor que 15 - hasta 20,0,47245.0,Magdalena,EL BANCO,0.0,A1. Menos 1 hora,0.0,Sucre,SINCELEJO,4.398069,A5. Mayor que 4 y menor que 5 horas,224.703485,Mediana propiedad,29822.23558342566,Pequeña propiedad,1478.0,4,20478.703519,SI,-,
574,Polygon,47,258,EL PIÑON,MAGDALENA,47258,47258,Caribe,4704,RIO,Rural,-,25382,-,1. EOT,SEIS,G1_ALTO,No PDET,NO ZOMAC,Bajo,0.261152,2024*,3.1.1,Mayor que 10 - hasta 15,Mayor que 10 - hasta 15,0,47258.0,Atlántico,SOLEDAD,1.714826,A2. Mayor que 1 y menor que 2 horas,84.073716,Atlántico,BARRANQUILLA,1.819681,A2. Mayor que 1 y menor que 2 horas,86.839401,Mediana propiedad,31971.653301646264,Pequeña propiedad,1194.0,1,26439.426914,SI,-,
575,Polygon,47,268,EL RETEN,MAGDALENA,47268,47268,Caribe,4703,NORTE,Intermedio,-,21634,-,1. EOT,SEIS,G1_ALTO,No PDET,NO ZOMAC,Medio Bajo,0.29703,2024*,3.2.1,Mayor que 20 - hasta 30,Mayor que 20 - hasta 30,0,47268.0,Magdalena,ARACATACA,0.44744,A1. Menos 1 hora,11.705382,Magdalena,SANTA MARTA,2.365963,A3. Mayor que 2 y menor que 3 horas,99.34184,Mediana propiedad,11014.5285027775,Pequeña propiedad,512.0,4,8401.450055,SI,-,
595,Polygon,47,288,FUNDACION,MAGDALENA,47288,47288,Caribe,4703,NORTE,Intermedio,-,74175,-,2. PBOT,SEIS,G5_BAJO,PDET Sierra Nevada-Perijá, ZOMAC,Medio,0.311743,2024*,3.2.1,Mayor que 20 - hasta 30,Mayor que 20 - hasta 30,0,47288.0,Magdalena,FUNDACIÓN,0.0,A1. Menos 1 hora,0.0,Magdalena,SANTA MARTA,2.330714,A3. Mayor que 2 y menor que 3 horas,98.14062,Mediana propiedad,20316.43456380473,Mediana propiedad,302.0,3,26509.700713,SI,-,
576,Polygon,47,318,GUAMAL,MAGDALENA,47318,47318,Caribe,4705,SUR,Rural disperso,-,29946,-,1. EOT,SEIS,G4_MEDIO_BAJO,No PDET,NO ZOMAC,Bajo,0.589286,2024*,3.1.1,Mayor que 10 - hasta 15,Mayor que 10 - hasta 15,0,47318.0,Magdalena,EL BANCO,0.696585,A1. Menos 1 hora,37.558788,Sucre,SINCELEJO,3.718454,A4. Mayor que 3 y menor que 4 horas,187.261854,Mediana propiedad,28678.237181774137,Pequeña propiedad,2188.0,2,32280.673143,SI,-,
577,Polygon,47,460,NUEVA GRANADA,MAGDALENA,47460,47460,Caribe,4702,CENTRO,Rural,-,22104,-,1. EOT,SEIS,G3_MEDIO,No PDET,NO ZOMAC,Medio Bajo,0.197248,2024*,3.1.2,Mayor que 15 - hasta 20,Mayor que 15 - hasta 20,0,47460.0,Magdalena,PLATO,1.094586,A2. Mayor que 1 y menor que 2 horas,52.23158,Cesar,VALLEDUPAR,3.02349,A4. Mayor que 3 y menor que 4 horas,162.016775,Mediana propiedad,53889.9969719551,Mediana propiedad,956.0,2,66195.747146,SI,-,
568,Polygon,47,541,PEDRAZA,MAGDALENA,47541,47541,Caribe,4704,RIO,Rural,-,10411,-,1. EOT,SEIS,G1_ALTO,No PDET,NO ZOMAC,Medio Bajo,0.534318,2024*,3.1.1,Mayor que 10 - hasta 15,Mayor que 10 - hasta 15,0,47541.0,Magdalena,PLATO,1.324831,A2. Mayor que 1 y menor que 2 horas,70.910974,Atlántico,BARRANQUILLA,2.328593,A3. Mayor que 2 y menor que 3 horas,115.944278,Mediana propiedad,17541.690254020396,Pequeña propiedad,774.0,3,18933.645486,SI,-,
578,Polygon,47,545,PIJIÑO DEL CARMEN,MAGDALENA,47545,47545,Caribe,4705,SUR,Rural,-,13498,-,1. EOT,SEIS,G4_MEDIO_BAJO,No PDET,NO ZOMAC,Bajo,0.380376,2024*,3.1.1,Mayor que 10 - hasta 15,Mayor que 10 - hasta 15,0,47545.0,Bolívar,MAGANGUÉ,1.107495,A2. Mayor que 1 y menor que 2 horas,55.011479,Sucre,SINCELEJO,3.081676,A4. Mayor que 3 y menor que 4 horas,146.888853,Mediana propiedad,42348.83915587875,Mediana propiedad,723.0,1,26159.48451,SI,-,
579,Polygon,47,551,PIVIJAY,MAGDALENA,47551,47551,Caribe,4704,RIO,Rural,-,41612,-,2. PBOT,SEIS,G1_ALTO,No PDET,NO ZOMAC,Medio Bajo,0.523148,2024*,3.1.2,Mayor que 15 - hasta 20,Mayor que 15 - hasta 20,0,47551.0,Atlántico,SOLEDAD,2.064121,A3. Mayor que 2 y menor que 3 horas,78.723968,Atlántico,BARRANQUILLA,2.168977,A3. Mayor que 2 y menor que 3 horas,81.489654,Mediana propiedad,100434.21073705677,Mediana propiedad,1765.0,2,91972.223593,SI,-,
580,Polygon,47,555,PLATO,MAGDALENA,47555,47555,Caribe,4702,CENTRO,Intermedio,-,69707,-,2. PBOT,SEIS,G2_MEDIO_ALTO,No PDET,NO ZOMAC,Medio Bajo,0.207233,2024*,3.1.2,Mayor que 15 - hasta 20,Mayor que 15 - hasta 20,0,47555.0,Magdalena,PLATO,0.0,A1. Menos 1 hora,0.0,Sucre,SINCELEJO,2.445342,A3. Mayor que 2 y menor que 3 horas,115.985195,Mediana propiedad,87228.32038764792,Mediana propiedad,1580.0,2,76166.421775,SI,-,
581,Polygon,47,570,PUEBLOVIEJO,MAGDALENA,47570,47570,Caribe,4703,NORTE,Rural,-,33789,-,2. PBOT,SEIS,G5_BAJO,No PDET,NO ZOMAC,Medio Bajo,0.799392,2024*,3.1.1,Mayor que 10 - hasta 15,Mayor que 10 - hasta 15,0,47570.0,Magdalena,CIÉNAGA,0.123832,A1. Menos 1 hora,5.32132,Magdalena,SANTA MARTA,0.987877,A1. Menos 1 hora,38.097771,"Gran propiedad, latifundios",14998.90865955964,Mediana propiedad,112.0,3,8893.285065,SI,-,
582,Polygon,47,605,REMOLINO,MAGDALENA,47605,47605,Caribe,4704,RIO,Rural,-,12766,-,1. EOT,SEIS,G1_ALTO,No PDET,NO ZOMAC,Medio Bajo,0.598223,2024*,3.1.1,Mayor que 10 - hasta 15,Mayor que 10 - hasta 15,0,47605.0,Atlántico,SOLEDAD,0.979254,A1. Menos 1 hora,42.823254,Atlántico,BARRANQUILLA,1.084109,A2. Mayor que 1 y menor que 2 horas,45.588939,Mediana propiedad,21576.430360749393,Pequeña propiedad,533.0,3,17667.72718,SI,-,
583,Polygon,47,660,SABANAS DE SAN ANGEL,MAGDALENA,47660,47660,Caribe,4702,CENTRO,Rural disperso,-,17458,-,1. EOT,SEIS,G1_ALTO,No PDET,NO ZOMAC,Medio Bajo,0.242609,2024*,3.1.2,Mayor que 15 - hasta 20,Mayor que 15 - hasta 20,0,47660.0,Cesar,BOSCONIA,1.394262,A2. Mayor que 1 y menor que 2 horas,49.185996,Cesar,VALLEDUPAR,3.153989,A4. Mayor que 3 y menor que 4 horas,146.652814,Mediana propiedad,67044.10089619641,Mediana propiedad,1277.0,2,79580.205505,SI,-,
584,Polygon,47,675,SALAMINA,MAGDALENA,47675,47675,Caribe,4704,RIO,Rural,-,11986,-,1. EOT,SEIS,G1_ALTO,No PDET,NO ZOMAC,Bajo,0.564276,2024*,3.1.1,Mayor que 10 - hasta 15,Mayor que 10 - hasta 15,0,47675.0,Atlántico,SOLEDAD,1.537248,A2. Mayor que 1 y menor que 2 horas,73.006811,Atlántico,BARRANQUILLA,1.642104,A2. Mayor que 1 y menor que 2 horas,75.772496,Mediana propiedad,9976.962335922377,Pequeña propiedad,439.0,2,8279.031758,SI,-,
585,Polygon,47,692,SAN SEBASTIAN DE BUENAVISTA,MAGDALENA,47692,47692,Caribe,4705,SUR,Rural,-,22080,-,1. EOT,SEIS,G4_MEDIO_BAJO,No PDET,NO ZOMAC,Bajo,0.575013,2024*,3.1.1,Mayor que 10 - hasta 15,Mayor que 10 - hasta 15,0,47692.0,Magdalena,EL BANCO,1.46859,A2. Mayor que 1 y menor que 2 horas,62.452395,Sucre,SINCELEJO,3.692984,A4. Mayor que 3 y menor que 4 horas,167.820938,Mediana propiedad,22094.627607933486,Pequeña propiedad,1169.0,2,26498.931261,SI,-,
586,Polygon,47,703,SAN ZENON,MAGDALENA,47703,47703,Caribe,4705,SUR,Rural disperso,-,13286,-,1. EOT,SEIS,G5_BAJO,No PDET,NO ZOMAC,Bajo,0.710352,2024*,3.1.1,Mayor que 10 - hasta 15,Mayor que 10 - hasta 15,0,47703.0,Bolívar,MAGANGUÉ,1.059802,A2. Mayor que 1 y menor que 2 horas,48.007316,Sucre,SINCELEJO,3.033983,A4. Mayor que 3 y menor que 4 horas,139.88469,"Gran propiedad, latifundios",13168.785562173343,Pequeña propiedad,586.0,2,9257.910448,SI,-,
587,Polygon,47,707,SANTA ANA,MAGDALENA,47707,47707,Caribe,4705,SUR,Rural,-,27616,-,1. EOT,SEIS,G4_MEDIO_BAJO,No PDET,NO ZOMAC,Bajo,0.248688,2024*,3.1.1,Mayor que 10 - hasta 15,Mayor que 10 - hasta 15,0,47707.0,Bolívar,MAGANGUÉ,0.72076,A1. Menos 1 hora,37.826198,Sucre,SINCELEJO,2.694941,A3. Mayor que 2 y menor que 3 horas,129.703571,Mediana propiedad,56542.12334733796,Pequeña propiedad,994.0,2,52756.898385,SI,-,
588,Polygon,47,720,SANTA BARBARA DE PINTO,MAGDALENA,47720,47720,Caribe,4705,SUR,Rural,-,11606,-,1. EOT,SEIS,G5_BAJO,No PDET,NO ZOMAC,Bajo,0.38913,2024*,3.1.1,Mayor que 10 - hasta 15,Mayor que 10 - hasta 15,0,47720.0,Bolívar,MAGANGUÉ,1.578909,A2. Mayor que 1 y menor que 2 horas,60.578384,Sucre,SINCELEJO,3.553091,A4. Mayor que 3 y menor que 4 horas,152.455757,"Gran propiedad, latifundios",24133.28767711047,Mediana propiedad,391.0,2,26938.549457,SI,-,
589,Polygon,47,745,SITIONUEVO,MAGDALENA,47745,47745,Caribe,4704,RIO,Rural,-,30470,-,2. PBOT,SEIS,G1_ALTO,No PDET,NO ZOMAC,Medio Bajo,0.713864,2024*,3.1.1,Mayor que 10 - hasta 15,Mayor que 10 - hasta 15,0,47745.0,Atlántico,SOLEDAD,0.806663,A1. Menos 1 hora,33.056349,Atlántico,BARRANQUILLA,0.911518,A1. Menos 1 hora,35.822035,"Gran propiedad, latifundios",32940.2719909624,Pequeña propiedad,1226.0,4,20484.13222,SI,-,
590,Polygon,47,798,TENERIFE,MAGDALENA,47798,47798,Caribe,4702,CENTRO,Rural,-,14736,-,1. EOT,SEIS,G2_MEDIO_ALTO,No PDET,NO ZOMAC,Medio,0.2764,2024*,3.1.1,Mayor que 10 - hasta 15,Mayor que 10 - hasta 15,0,47798.0,Magdalena,PLATO,0.393917,A1. Menos 1 hora,18.085281,Sucre,SINCELEJO,2.594739,A3. Mayor que 2 y menor que 3 horas,127.500628,Mediana propiedad,33219.05981443378,Mediana propiedad,752.0,2,26006.55452,SI,-,
591,Polygon,47,960,ZAPAYAN,MAGDALENA,47960,47960,Caribe,4704,RIO,Rural,-,10904,-,1. EOT,SEIS,G2_MEDIO_ALTO,No PDET,NO ZOMAC,Medio Bajo,0.299708,2024*,3.1.1,Mayor que 10 - hasta 15,Mayor que 10 - hasta 15,0,47960.0,Magdalena,PLATO,2.215569,A3. Mayor que 2 y menor que 3 horas,78.636457,Atlántico,BARRANQUILLA,3.461737,A4. Mayor que 3 y menor que 4 horas,129.678088,Mediana propiedad,20987.258658414612,Mediana propiedad,393.0,2,24788.556385,SI,-,
592,Polygon,47,980,ZONA BANANERA,MAGDALENA,47980,47980,Caribe,4703,NORTE,Intermedio,-,76962,-,2. PBOT,SEIS,G5_BAJO,No PDET,NO ZOMAC,Medio,0.863232,2024*,3.2.1,Mayor que 20 - hasta 30,Mayor que 20 - hasta 30,0,47980.0,Magdalena,ARACATACA,0.589412,A1. Menos 1 hora,25.306602,Magdalena,SANTA MARTA,1.587353,A2. Mayor que 1 y menor que 2 horas,65.085491,Mediana propiedad,21906.43451397584,Pequeña propiedad,2262.0,2,15304.556563,SI,-,
905,Polygon,50,1,VILLAVICENCIO,META,50001,50001,Orinoquia,5002,CAPITAL,Ciudades y aglomeraciones,si,577875,-,3. POT,UNO,G3_MEDIO,No PDET,NO ZOMAC,Medio,0.398591,2022,4.2.1,Irradiado_Mayor que 300 - hasta 400,Mayor que 300 - hasta 400,1,50001.0,Meta,VILLAVICENCIO,0.0,A1. Menos 1 hora,0.0,Meta,VILLAVICENCIO,0.0,A1. Menos 1 hora,0.0,Mediana propiedad,3221.192293120483,Pequeña propiedad,351.0,1,2699.161756,SI,Agropecuario con influencia vial,
906,Polygon,50,6,ACACIAS,META,50006,50006,Orinoquia,5003,PIEDEMONTE,Intermedio,-,95500,-,2. PBOT,TRES,G2_MEDIO_ALTO,No PDET,NO ZOMAC,Medio Bajo,0.289524,2022,4.1.1,Irradiado_Mayor que 200 - hasta 250,Mayor que 200 - hasta 250,1,50006.0,Meta,ACACÍAS,0.0,A1. Menos 1 hora,0.0,Meta,VILLAVICENCIO,0.642874,A1. Menos 1 hora,32.170563,"Gran propiedad, latifundios",2264.245845079554,Pequeña propiedad,75.0,2,3382.726756,SI,Agropecuario y Agroindustria,
907,Polygon,50,110,BARRANCA DE UPIA,META,50110,50110,Orinoquia,5003,PIEDEMONTE,Rural disperso,-,7079,-,1. EOT,SEIS,G3_MEDIO,No PDET, ZOMAC,Medio,0.857494,2022,3.3.2,Mayor que 50 - hasta 60,Mayor que 50 - hasta 60,0,50110.0,Casanare,VILLANUEVA,0.223535,A1. Menos 1 hora,8.584062,Meta,VILLAVICENCIO,2.168145,A3. Mayor que 2 y menor que 3 horas,111.876869,Mediana propiedad,396.9157351571581,Pequeña propiedad,50.0,3,697.102518,SI,Agropecuario,
908,Polygon,50,124,CABUYARO,META,50124,50124,Orinoquia,5004,RIO META,Rural disperso,-,6554,-,1. EOT,SEIS,G5_BAJO,No PDET,NO ZOMAC,Medio,0.38209,2022,3.2.1,Mayor que 20 - hasta 30,Mayor que 20 - hasta 30,0,50124.0,Casanare,VILLANUEVA,1.58928,A2. Mayor que 1 y menor que 2 horas,51.590159,Meta,VILLAVICENCIO,2.736514,A3. Mayor que 2 y menor que 3 horas,128.641335,"Gran propiedad, latifundios",54857.22986006993,Pequeña propiedad,196.0,2,62946.199517,SI,Agropecuario,
909,Polygon,50,150,CASTILLA LA NUEVA,META,50150,50150,Orinoquia,5003,PIEDEMONTE,Rural,-,15683,-,1. EOT,CINCO,G4_MEDIO_BAJO,No PDET,NO ZOMAC,Bajo,0.361262,2022,3.2.1,Mayor que 20 - hasta 30,Mayor que 20 - hasta 30,0,50150.0,Meta,ACACÍAS,0.584571,A1. Menos 1 hora,24.975231,Meta,VILLAVICENCIO,1.227445,A2. Mayor que 1 y menor que 2 horas,57.145794,Mediana propiedad,10393.38925921642,Mediana propiedad,187.0,2,14069.503897,SI,Agropecuario (cultivos de arroz y ganaderia extensiva),
910,Polygon,50,223,SAN LUIS DE CUBARRAL,META,50223,50223,Orinoquia,5003,PIEDEMONTE,Rural disperso,-,7687,-,1. EOT,SEIS,G4_MEDIO_BAJO,No PDET, ZOMAC,Medio,0.363055,2022,3.2.2,Mayor que 30 - hasta 40,Mayor que 30 - hasta 40,0,50223.0,Meta,ACACÍAS,0.737404,A1. Menos 1 hora,27.523759,Meta,VILLAVICENCIO,1.380278,A2. Mayor que 1 y menor que 2 horas,59.694322,Mediana propiedad,9393.231109497176,Pequeña propiedad,1041.0,3,11332.670138,SI,Agropecuario y Piscicola,
911,Polygon,50,226,CUMARAL,META,50226,50226,Orinoquia,5003,PIEDEMONTE,Rural,-,24858,-,1. EOT,SEIS,G3_MEDIO,No PDET,NO ZOMAC,Medio Bajo,0.045261,2022,3.3.1,Irradiado_Mayor que 180 - hasta 200,Mayor que 180 - hasta 200,1,50226.0,Meta,VILLAVICENCIO,0.619644,A1. Menos 1 hora,28.422035,Meta,VILLAVICENCIO,0.550479,A1. Menos 1 hora,26.932085,Mediana propiedad,3620.646343640778,Pequeña propiedad,185.0,2,5663.821483,SI,"Agropecuario (ganaderia extensiva y palma de aceite), en menor proporcial parcelaciones campestres",
912,Polygon,50,245,EL CALVARIO,META,50245,50245,Orinoquia,5003,PIEDEMONTE,Rural disperso,-,1870,-,1. EOT,SEIS,G5_BAJO,No PDET, ZOMAC,Bajo,0.798601,2022,3.2.1,Mayor que 20 - hasta 30,Mayor que 20 - hasta 30,0,50245.0,Meta,VILLAVICENCIO,2.22746,A3. Mayor que 2 y menor que 3 horas,59.868333,Meta,VILLAVICENCIO,2.158294,A3. Mayor que 2 y menor que 3 horas,58.378384,Pequeña propiedad,1392.011767848932,Pequeña propiedad,308.0,4,1170.264157,SI,Agropecuario con cultivos semestrales,
913,Polygon,50,251,EL CASTILLO,META,50251,50251,Orinoquia,5001,ARIARI,Rural,-,8539,-,1. EOT,SEIS,G3_MEDIO,No PDET, ZOMAC,Medio Alto,0.57793,2022,3.2.2,Mayor que 30 - hasta 40,Mayor que 30 - hasta 40,0,50251.0,Meta,GRANADA,0.376353,A1. Menos 1 hora,14.495332,Meta,VILLAVICENCIO,1.994617,A2. Mayor que 1 y menor que 2 horas,97.174935,Mediana propiedad,4260.294108420547,Pequeña propiedad,675.0,1,8167.281919,SI,Agropecuario,
914,Polygon,50,270,EL DORADO,META,50270,50270,Orinoquia,5001,ARIARI,Rural,-,4284,-,1. EOT,SEIS,G4_MEDIO_BAJO,No PDET, ZOMAC,Medio,0.75693,2022,3.3.1,Mayor que 40 - hasta 50,Mayor que 40 - hasta 50,0,50270.0,Meta,ACACÍAS,0.965132,A1. Menos 1 hora,35.846299,Meta,VILLAVICENCIO,1.608007,A2. Mayor que 1 y menor que 2 horas,68.016861,Pequeña propiedad,2092.793802773508,Pequeña propiedad,341.0,1,3111.326107,SI,Agropecuario,
915,Polygon,50,287,FUENTE DE ORO,META,50287,50287,Orinoquia,5001,ARIARI,Rural,-,13163,-,1. EOT,SEIS,G2_MEDIO_ALTO,No PDET, ZOMAC,Medio,0.36393,2022,3.2.1,Mayor que 20 - hasta 30,Mayor que 20 - hasta 30,0,50287.0,Meta,GRANADA,0.352553,A1. Menos 1 hora,16.962237,Meta,VILLAVICENCIO,2.056754,A3. Mayor que 2 y menor que 3 horas,104.138896,Mediana propiedad,20286.76155932377,Pequeña propiedad,980.0,1,17406.434611,SI,Agropecuario,
916,Polygon,50,313,GRANADA,META,50313,50313,Orinoquia,5001,ARIARI,Intermedio,-,75007,-,2. PBOT,CINCO,C_CIUDADES,No PDET, ZOMAC,Medio,0.382818,2022,3.2.2,Mayor que 30 - hasta 40,Mayor que 30 - hasta 40,0,50313.0,Meta,GRANADA,0.0,A1. Menos 1 hora,0.0,Meta,VILLAVICENCIO,1.704201,A2. Mayor que 1 y menor que 2 horas,87.176659,Mediana propiedad,12770.54680071157,Pequeña propiedad,1814.0,2,13723.576409,SI,Agropecuario,
917,Polygon,50,318,GUAMAL,META,50318,50318,Orinoquia,5003,PIEDEMONTE,Rural,-,15361,-,1. EOT,SEIS,G5_BAJO,No PDET,NO ZOMAC,Medio Bajo,0.416536,2022,3.2.2,Mayor que 30 - hasta 40,Mayor que 30 - hasta 40,0,50318.0,Meta,ACACÍAS,0.276514,A1. Menos 1 hora,13.52132,Meta,VILLAVICENCIO,0.919388,A1. Menos 1 hora,45.691883,Mediana propiedad,2045.213247674147,Pequeña propiedad,181.0,3,1758.221284,SI,"Agropecuario, Piscícola y Porcícola",
932,Polygon,50,325,MAPIRIPAN,META,50325,50325,Orinoquia,5001,ARIARI,Rural disperso,-,7474,-,1. EOT,SEIS,G2_MEDIO_ALTO,PDET Macarena-Guaviare, ZOMAC,Alto,0.837666,2022,2.1.3,Mayor que 3 - hasta 5,Mayor que 3 - hasta 5,0,50325.0,Guaviare,SAN JOSÉ DEL GUAVIARE,3.760554,A4. Mayor que 3 y menor que 4 horas,139.357987,Guaviare,SAN JOSÉ DEL GUAVIARE,3.742588,A4. Mayor que 3 y menor que 4 horas,138.833723,"Gran propiedad, latifundios",238860.2452735625,"Gran propiedad, latifundios",305.0,3,214942.477284,SI,Ganaderia extensiva,
918,Polygon,50,330,MESETAS,META,50330,50330,Orinoquia,5001,ARIARI,Rural disperso,-,12192,-,1. EOT,SEIS,C_CIUDADES,PDET Macarena-Guaviare, ZOMAC,Alto,0.796561,2022,3.2.1,Mayor que 20 - hasta 30,Mayor que 20 - hasta 30,0,50330.0,Meta,GRANADA,1.166229,A2. Mayor que 1 y menor que 2 horas,57.477164,Meta,VILLAVICENCIO,2.784493,A3. Mayor que 2 y menor que 3 horas,140.156768,Mediana propiedad,5428.42982040732,Pequeña propiedad,555.0,3,4282.164108,SI,Agropecuario,
931,Polygon,50,350,LA MACARENA,META,50350,50350,Orinoquia,5001,ARIARI,Rural disperso,-,28920,-,1. EOT,SEIS,G1_ALTO,PDET Macarena-Guaviare, ZOMAC,Alto,0.529412,2022,2.1.3,Mayor que 3 - hasta 5,Mayor que 3 - hasta 5,0,50350.0,Caquetá,SAN VICENTE DEL CAGUÁN,3.897314,A4. Mayor que 3 y menor que 4 horas,139.837886,Guaviare,SAN JOSÉ DEL GUAVIARE,6.493431,A7. Mayor que 6 y menor que 7 horas,183.262359,Mediana propiedad,64189.54274791438,Mediana propiedad,905.0,3,136025.342047,SI,Agropecuario,
919,Polygon,50,370,LA URIBE,META,50370,50370,Orinoquia,5001,ARIARI,Rural disperso,-,9989,-,1. EOT,SEIS,G3_MEDIO,PDET Macarena-Guaviare, ZOMAC,Alto,0.678,2022,2.2.2,Mayor que 8 - hasta 10,Mayor que 8 - hasta 10,0,50370.0,Meta,GRANADA,2.271748,A3. Mayor que 2 y menor que 3 horas,106.111688,Meta,VILLAVICENCIO,3.890013,A4. Mayor que 3 y menor que 4 horas,188.791291,Mediana propiedad,24.2645448669957,Mediana propiedad,20.0,3,62405.800029,SI,Agropecuario,
920,Polygon,50,400,LEJANIAS,META,50400,50400,Orinoquia,5001,ARIARI,Rural,-,12378,-,1. EOT,SEIS,G2_MEDIO_ALTO,No PDET, ZOMAC,Medio Alto,0.529918,2022,3.2.1,Mayor que 20 - hasta 30,Mayor que 20 - hasta 30,0,50400.0,Meta,GRANADA,1.297135,A2. Mayor que 1 y menor que 2 horas,49.416147,Meta,VILLAVICENCIO,2.915399,A3. Mayor que 2 y menor que 3 horas,132.09575,Pequeña propiedad,4226.482229611022,Pequeña propiedad,931.0,3,7417.398592,SI,Agropecuario,
921,Polygon,50,450,PUERTO CONCORDIA,META,50450,50450,Orinoquia,5001,ARIARI,Rural,-,9038,-,1. EOT,SEIS,G2_MEDIO_ALTO,PDET Macarena-Guaviare, ZOMAC,Medio Alto,0.846285,2022,2.2.1,Mayor que 5 - hasta 8,Mayor que 5 - hasta 8,0,50450.0,Guaviare,SAN JOSÉ DEL GUAVIARE,0.609409,A1. Menos 1 hora,24.337973,Guaviare,SAN JOSÉ DEL GUAVIARE,0.591443,A1. Menos 1 hora,23.813708,"Gran propiedad, latifundios",51295.08863337438,Mediana propiedad,395.0,2,44773.091693,SI,Agropecuario,
933,Polygon,50,568,PUERTO GAITAN,META,50568,50568,Orinoquia,5004,RIO META,Rural disperso,-,45511,-,2. PBOT,CUATRO,G2_MEDIO_ALTO,No PDET, ZOMAC,Medio Alto,0.486184,2022,3.1.1,Mayor que 10 - hasta 15,Mayor que 10 - hasta 15,0,50568.0,Meta,VILLAVICENCIO,3.954482,A4. Mayor que 3 y menor que 4 horas,200.033932,Meta,VILLAVICENCIO,3.929289,A4. Mayor que 3 y menor que 4 horas,200.899617,"Gran propiedad, latifundios",25101.4886373433,Pequeña propiedad,234.0,4,22802.510537,SI,Agropecuario,
922,Polygon,50,573,PUERTO LOPEZ,META,50573,50573,Orinoquia,5004,RIO META,Rural disperso,-,33079,-,2. PBOT,CUATRO,G2_MEDIO_ALTO,No PDET,NO ZOMAC,Medio,0.407229,2022,3.2.2,Mayor que 30 - hasta 40,Mayor que 30 - hasta 40,0,50573.0,Meta,VILLAVICENCIO,1.761702,A2. Mayor que 1 y menor que 2 horas,86.973716,Meta,VILLAVICENCIO,1.73651,A2. Mayor que 1 y menor que 2 horas,87.839401,"Gran propiedad, latifundios",32835.25533761423,Pequeña propiedad,1135.0,2,44977.591918,SI,Agropecuario,
923,Polygon,50,577,PUERTO LLERAS,META,50577,50577,Orinoquia,5001,ARIARI,Rural disperso,-,11300,-,1. EOT,SEIS,G2_MEDIO_ALTO,PDET Macarena-Guaviare, ZOMAC,Medio Alto,0.489566,2022,2.2.2,Mayor que 8 - hasta 10,Mayor que 8 - hasta 10,0,50577.0,Meta,GRANADA,1.112959,A2. Mayor que 1 y menor que 2 horas,58.241125,Meta,VILLAVICENCIO,2.817159,A3. Mayor que 2 y menor que 3 horas,145.417785,Mediana propiedad,29388.83396024942,Mediana propiedad,515.0,2,23647.102923,SI,Agropecuario,
924,Polygon,50,590,PUERTO RICO,META,50590,50590,Orinoquia,5001,ARIARI,Rural disperso,-,13663,-,1. EOT,SEIS,G1_ALTO,PDET Macarena-Guaviare, ZOMAC,Alto,0.747224,2022,2.2.1,Mayor que 5 - hasta 8,Mayor que 5 - hasta 8,0,50590.0,Meta,GRANADA,2.576132,A3. Mayor que 2 y menor que 3 horas,124.787633,Guaviare,SAN JOSÉ DEL GUAVIARE,2.660949,A3. Mayor que 2 y menor que 3 horas,123.236667,"Gran propiedad, latifundios",51476.06471995718,Mediana propiedad,467.0,2,49473.762275,SI,Agropecuario,
925,Polygon,50,606,RESTREPO,META,50606,50606,Orinoquia,5003,PIEDEMONTE,Rural,-,19890,-,1. EOT,SEIS,G4_MEDIO_BAJO,No PDET,NO ZOMAC,Medio Bajo,0.29451,2022,3.3.1,Irradiado_Mayor que 300 - hasta 400,Mayor que 300 - hasta 400,1,50606.0,Meta,VILLAVICENCIO,0.44329,A1. Menos 1 hora,19.452186,Meta,VILLAVICENCIO,0.374125,A1. Menos 1 hora,17.962237,Mediana propiedad,1909.428264994004,Pequeña propiedad,241.0,4,2817.167982,SI,Ganaderia en pastos mejorados,
926,Polygon,50,680,SAN CARLOS GUAROA,META,50680,50680,Orinoquia,5003,PIEDEMONTE,Rural,-,13433,-,1. EOT,SEIS,G1_ALTO,No PDET,NO ZOMAC,Medio Bajo,0.196141,2022,3.2.2,Mayor que 30 - hasta 40,Mayor que 30 - hasta 40,0,50680.0,Meta,ACACÍAS,2.066415,A3. Mayor que 2 y menor que 3 horas,76.131075,Meta,VILLAVICENCIO,2.265172,A3. Mayor que 2 y menor que 3 horas,89.967828,"Gran propiedad, latifundios",921.4271529184831,Pequeña propiedad,174.0,2,1034.122424,SI,Agropecuario,
927,Polygon,50,683,SAN JUAN DE ARAMA,META,50683,50683,Orinoquia,5001,ARIARI,Rural disperso,-,9862,-,1. EOT,SEIS,G2_MEDIO_ALTO,No PDET, ZOMAC,Alto,0.491713,2022,3.2.1,Mayor que 20 - hasta 30,Mayor que 20 - hasta 30,0,50683.0,Meta,GRANADA,0.773965,A1. Menos 1 hora,37.253405,Meta,VILLAVICENCIO,2.392229,A3. Mayor que 2 y menor que 3 horas,119.933009,Mediana propiedad,1789.005947530096,Pequeña propiedad,202.0,3,1763.667544,SI,Agropecuario,
928,Polygon,50,686,SAN JUANITO,META,50686,50686,Orinoquia,5003,PIEDEMONTE,Rural,-,1385,-,1. EOT,SEIS,G5_BAJO,No PDET, ZOMAC,Medio Bajo,0.727273,2022,3.2.2,Mayor que 30 - hasta 40,Mayor que 30 - hasta 40,0,50686.0,Meta,VILLAVICENCIO,2.791995,A3. Mayor que 2 y menor que 3 horas,76.250671,Meta,VILLAVICENCIO,2.72283,A3. Mayor que 2 y menor que 3 horas,74.760721,Pequeña propiedad,774.7233269297003,Pequeña propiedad,239.0,3,949.516574,SI,Agropecuario,
929,Polygon,50,689,SAN MARTIN,META,50689,50689,Orinoquia,5003,PIEDEMONTE,Rural disperso,-,29399,-,1. EOT,SEIS,G2_MEDIO_ALTO,No PDET, ZOMAC,Medio,0.318932,2022,3.2.1,Mayor que 20 - hasta 30,Mayor que 20 - hasta 30,0,50689.0,Meta,GRANADA,0.43843,A1. Menos 1 hora,19.171068,Meta,VILLAVICENCIO,1.425377,A2. Mayor que 1 y menor que 2 horas,69.088434,Mediana propiedad,13986.81150379302,Pequeña propiedad,350.0,2,22989.130926,SI,Agropecuario,
930,Polygon,50,711,VISTA HERMOSA,META,50711,50711,Orinoquia,5001,ARIARI,Rural disperso,-,19112,-,1. EOT,SEIS,C_CIUDADES,PDET Macarena-Guaviare, ZOMAC,Alto,0.725778,2022,3.1.1,Mayor que 10 - hasta 15,Mayor que 10 - hasta 15,0,50711.0,Meta,GRANADA,1.713039,A2. Mayor que 1 y menor que 2 horas,70.48671,Meta,VILLAVICENCIO,3.331302,A4. Mayor que 3 y menor que 4 horas,153.166313,Mediana propiedad,12918.81410609323,Mediana propiedad,303.0,3,9127.633646,SI,Agropecuario,
126,Polygon,52,1,PASTO,NARIÑO,52001,52001,Andina,5201,CENTRO,Ciudades y aglomeraciones,si,410835,-,3. POT,UNO,G3_MEDIO,No PDET,NO ZOMAC,Medio Bajo,0.33877,-,-,Irradiado_Mayor que 120 - hasta 140,Mayor que 120 - hasta 140,1,52001.0,Nariño,SAN JUAN DE PASTO,0.0,A1. Menos 1 hora,0.0,Nariño,SAN JUAN DE PASTO,0.0,A1. Menos 1 hora,0.0,Pequeña propiedad,23371.452526770026,Pequeña propiedad,15489.0,4,14448.970295,SI,-,
127,Polygon,52,19,ALBAN,NARIÑO,52019,52019,Andina,5204,NORTE,Intermedio,-,9993,-,1. EOT,SEIS,G2_MEDIO_ALTO,No PDET,NO ZOMAC,Medio Bajo,0.460492,-,-,Irradiado_Mayor que 20 - hasta 30,Mayor que 20 - hasta 30,1,52019.0,Nariño,SAN JUAN DE PASTO,1.671634,A2. Mayor que 1 y menor que 2 horas,51.367114,Nariño,SAN JUAN DE PASTO,1.694334,A2. Mayor que 1 y menor que 2 horas,51.908535,Pequeña propiedad,3426.568219198396,Pequeña propiedad,2321.0,4,3557.815868,SI,-,
128,Polygon,52,22,ALDANA,NARIÑO,52022,52022,Andina,5205,SUR,Rural,-,7734,-,1. EOT,SEIS,G5_BAJO,No PDET,NO ZOMAC,Bajo,0.704986,-,-,Irradiado_Mayor que 15 - hasta 20,Mayor que 15 - hasta 20,1,52022.0,Nariño,IPIALES,0.270676,A1. Menos 1 hora,11.374012,Nariño,SAN JUAN DE PASTO,2.558609,A3. Mayor que 2 y menor que 3 horas,97.840115,Pequeña propiedad,3105.2279161163965,Pequeña propiedad,2122.0,3,2983.934704,SI,-,
130,Polygon,52,36,ANCUYA,NARIÑO,52036,52036,Andina,5202,CENTRO OCCIDENTE,Rural,-,9056,-,1. EOT,SEIS,G4_MEDIO_BAJO,No PDET,NO ZOMAC,Medio,0.850353,-,-,Irradiado_Mayor que 15 - hasta 20,Mayor que 15 - hasta 20,1,52036.0,Nariño,SAN JUAN DE PASTO,1.510411,A2. Mayor que 1 y menor que 2 horas,42.141631,Nariño,SAN JUAN DE PASTO,1.533111,A2. Mayor que 1 y menor que 2 horas,42.683052,Pequeña propiedad,6488.4443208784605,Pequeña propiedad,5178.0,4,5538.074567,SI,-,
131,Polygon,52,51,ARBOLEDA,NARIÑO,52051,52051,Andina,5204,NORTE,Intermedio,-,9045,-,1. EOT,SEIS,G3_MEDIO,No PDET,NO ZOMAC,Bajo,0.721975,-,-,Irradiado_Mayor que 20 - hasta 30,Mayor que 20 - hasta 30,1,52051.0,Nariño,SAN JUAN DE PASTO,1.761842,A2. Mayor que 1 y menor que 2 horas,56.432799,Nariño,SAN JUAN DE PASTO,1.784542,A2. Mayor que 1 y menor que 2 horas,56.974221,Pequeña propiedad,29.854837129915815,Pequeña propiedad,10.0,4,47.738896,SI,-,
166,Polygon,52,79,BARBACOAS,NARIÑO,52079,52079,Andina,5203,COSTA,Rural,-,58292,-,2. PBOT,SEIS,G4_MEDIO_BAJO,PDET Pacífico y frontera Nariñense, ZOMAC,Alto,0.742923,-,-,Irradiado_Mayor que 10 - hasta 15,Mayor que 10 - hasta 15,1,52079.0,Nariño,"SAN ANDRÉS DE TUMACO, DISTRITO ESPECIAL, INDUSTRIAL, PORTUARIO, BIODIVERSO Y ECOTURÍSTICO",4.077514,A5. Mayor que 4 y menor que 5 horas,167.672915,Nariño,SAN JUAN DE PASTO,7.126499,A8. Mayor que 8 horas,197.073124,,,,,4,1045.579244,SI,-,
132,Polygon,52,83,BELEN,NARIÑO,52083,52083,Andina,5204,NORTE,Intermedio,-,6621,-,1. EOT,SEIS,G5_BAJO,No PDET,NO ZOMAC,Bajo,0.70934,-,-,Irradiado_Mayor que 20 - hasta 30,Mayor que 20 - hasta 30,1,52083.0,Nariño,SAN JUAN DE PASTO,2.831314,A3. Mayor que 2 y menor que 3 horas,73.902143,Nariño,SAN JUAN DE PASTO,2.854014,A3. Mayor que 2 y menor que 3 horas,74.443564,Pequeña propiedad,2694.849106315227,Pequeña propiedad,907.0,4,4129.440329,SI,-,
133,Polygon,52,110,BUESACO,NARIÑO,52110,52110,Andina,5204,NORTE,Rural disperso,-,24905,-,1. EOT,SEIS,G2_MEDIO_ALTO,No PDET,NO ZOMAC,Bajo,0.63533,-,-,Irradiado_Mayor que 15 - hasta 20,Mayor que 15 - hasta 20,1,52110.0,Nariño,SAN JUAN DE PASTO,1.078009,A2. Mayor que 1 y menor que 2 horas,32.650462,Nariño,SAN JUAN DE PASTO,1.100709,A2. Mayor que 1 y menor que 2 horas,33.191883,Pequeña propiedad,22025.32342079638,Pequeña propiedad,7124.0,4,35780.648203,SI,-,
134,Polygon,52,203,COLON,NARIÑO,52203,52203,Andina,5204,NORTE,Intermedio,-,8829,-,1. EOT,SEIS,G5_BAJO,No PDET,NO ZOMAC,Medio Bajo,0.629419,-,-,Irradiado_Mayor que 20 - hasta 30,Mayor que 20 - hasta 30,1,52203.0,Nariño,SAN JUAN DE PASTO,3.230994,A4. Mayor que 3 y menor que 4 horas,92.718795,Nariño,SAN JUAN DE PASTO,3.253693,A4. Mayor que 3 y menor que 4 horas,93.260216,Pequeña propiedad,5991.216865169903,Pequeña propiedad,3070.0,4,3824.702312,SI,-,
123,Polygon,52,207,CONSACA,NARIÑO,52207,52207,Andina,5201,CENTRO,Rural,-,14400,-,1. EOT,SEIS,G5_BAJO,No PDET,NO ZOMAC,Medio Bajo,0.549386,-,-,Irradiado_Mayor que 20 - hasta 30,Mayor que 20 - hasta 30,1,52207.0,Nariño,SAN JUAN DE PASTO,1.341418,A2. Mayor que 1 y menor que 2 horas,48.049957,Nariño,SAN JUAN DE PASTO,1.294092,A2. Mayor que 1 y menor que 2 horas,45.22153,Pequeña propiedad,5773.548654346351,Pequeña propiedad,4107.0,4,3821.458642,SI,-,
124,Polygon,52,210,CONTADERO,NARIÑO,52210,52210,Andina,5205,SUR,Intermedio,-,7578,-,1. EOT,SEIS,G3_MEDIO,No PDET,NO ZOMAC,Bajo,0.771597,2017,4.1.1,Mayor que 60 - hasta 70,Mayor que 60 - hasta 70,0,52210.0,Nariño,IPIALES,0.419898,A1. Menos 1 hora,18.475231,Nariño,SAN JUAN DE PASTO,2.20622,A3. Mayor que 2 y menor que 3 horas,65.600923,Pequeña propiedad,992.8284818278629,Pequeña propiedad,1170.0,2,432.579794,SI,-,
125,Polygon,52,215,CORDOBA,NARIÑO,52215,52215,Andina,5205,SUR,Rural disperso,-,16223,-,1. EOT,SEIS,G5_BAJO,No PDET,NO ZOMAC,Medio,0.741809,2017,4.2.1,Mayor que 80 - hasta 100,Mayor que 80 - hasta 100,0,52215.0,Nariño,IPIALES,0.724339,A1. Menos 1 hora,26.769343,Nariño,SAN JUAN DE PASTO,2.420473,A3. Mayor que 2 y menor que 3 horas,67.710974,Pequeña propiedad,1.151886811163379,Pequeña propiedad,23.0,4,1.880673,SI,-,
129,Polygon,52,224,CUASPUD,NARIÑO,52224,52224,Andina,5205,SUR,Intermedio,-,9618,-,1. EOT,SEIS,G4_MEDIO_BAJO,No PDET,NO ZOMAC,Bajo,0.718578,-,-,Irradiado_Mayor que 20 - hasta 30,Mayor que 20 - hasta 30,1,52224.0,Nariño,IPIALES,0.32079,A1. Menos 1 hora,11.556854,Nariño,SAN JUAN DE PASTO,2.758882,A3. Mayor que 2 y menor que 3 horas,104.532504,Pequeña propiedad,4240.312032829518,Pequeña propiedad,2389.0,2,1984.726436,SI,-,
159,Polygon,52,227,CUMBAL,NARIÑO,52227,52227,Andina,5205,SUR,Rural disperso,-,38599,-,2. PBOT,SEIS,G4_MEDIO_BAJO,No PDET,NO ZOMAC,Medio,0.828279,-,-,Irradiado_Mayor que 20 - hasta 30,Mayor que 20 - hasta 30,1,52227.0,Nariño,IPIALES,0.65199,A1. Menos 1 hora,21.972287,Nariño,SAN JUAN DE PASTO,2.496608,A3. Mayor que 2 y menor que 3 horas,94.917071,Pequeña propiedad,9717.565937323461,Pequeña propiedad,6225.0,2,5374.197978,SI,-,
160,Polygon,52,233,CUMBITARA,NARIÑO,52233,52233,Andina,5204,NORTE,Rural disperso,-,6152,-,1. EOT,SEIS,G4_MEDIO_BAJO,PDET Alto Patía-Norte del Cauca, ZOMAC,Alto,0.818469,-,-,Irradiado_Mayor que 10 - hasta 15,Mayor que 10 - hasta 15,1,52233.0,Nariño,SAN JUAN DE PASTO,4.348289,A5. Mayor que 4 y menor que 5 horas,97.717071,Nariño,SAN JUAN DE PASTO,4.370989,A5. Mayor que 4 y menor que 5 horas,98.258492,,,,,4,36.316246,SI,-,
140,Polygon,52,240,CHACHAGUI,NARIÑO,52240,52240,Andina,5201,CENTRO,Intermedio,-,15860,-,1. EOT,SEIS,G5_BAJO,No PDET,NO ZOMAC,Bajo,0.132911,-,-,Irradiado_Mayor que 50 - hasta 60,Mayor que 50 - hasta 60,1,52240.0,Nariño,SAN JUAN DE PASTO,1.002701,A2. Mayor que 1 y menor que 2 horas,23.113708,Nariño,SAN JUAN DE PASTO,1.025401,A2. Mayor que 1 y menor que 2 horas,23.65513,Pequeña propiedad,6864.342491684441,Pequeña propiedad,5237.0,4,8667.762643,SI,-,
167,Polygon,52,250,EL CHARCO,NARIÑO,52250,52250,Andina,5203,COSTA,Rural disperso,-,23099,-,1. EOT,SEIS,G2_MEDIO_ALTO,PDET Pacífico y frontera Nariñense, ZOMAC,Alto,0.959473,-,-,Irradiado_Mayor que 10 - hasta 15,Mayor que 10 - hasta 15,1,nan,,,0.0, ,0.0,,,0.0, ,0.0,,,,,3,249.903967,SI,-,
141,Polygon,52,254,EL PEÑOL,NARIÑO,52254,52254,Andina,5201,CENTRO,Rural,-,7734,-,1. EOT,SEIS,G4_MEDIO_BAJO,No PDET, ZOMAC,Medio Bajo,0.546023,-,-,Irradiado_Mayor que 15 - hasta 20,Mayor que 15 - hasta 20,1,52254.0,Nariño,SAN JUAN DE PASTO,1.481091,A2. Mayor que 1 y menor que 2 horas,44.635743,Nariño,SAN JUAN DE PASTO,1.503791,A2. Mayor que 1 y menor que 2 horas,45.177164,Mediana propiedad,4515.707902980222,Pequeña propiedad,2884.0,4,8732.384182,SI,-,
161,Polygon,52,256,EL ROSARIO,NARIÑO,52256,52256,Andina,5204,NORTE,Rural,-,12843,-,1. EOT,SEIS,G4_MEDIO_BAJO,PDET Alto Patía-Norte del Cauca, ZOMAC,Medio Alto,0.703201,-,-,Irradiado_Mayor que 15 - hasta 20,Mayor que 15 - hasta 20,1,52256.0,Nariño,SAN JUAN DE PASTO,2.725125,A3. Mayor que 2 y menor que 3 horas,89.564885,Nariño,SAN JUAN DE PASTO,2.747825,A3. Mayor que 2 y menor que 3 horas,90.106306,,,,,4,12541.434328,SI,-,
142,Polygon,52,258,EL TABLON DE GOMEZ,NARIÑO,52258,52258,Andina,5204,NORTE,Rural disperso,-,15009,-,1. EOT,SEIS,G3_MEDIO,No PDET,NO ZOMAC,Medio,0.739714,-,-,Irradiado_Mayor que 15 - hasta 20,Mayor que 15 - hasta 20,1,52258.0,Nariño,SAN JUAN DE PASTO,1.597806,A2. Mayor que 1 y menor que 2 horas,47.825693,Nariño,SAN JUAN DE PASTO,1.620506,A2. Mayor que 1 y menor que 2 horas,48.367114,Pequeña propiedad,6956.484965553899,Pequeña propiedad,2612.0,4,11176.936417,SI,-,
149,Polygon,52,260,EL TAMBO,NARIÑO,52260,52260,Andina,5201,CENTRO,Rural,-,14811,-,1. EOT,SEIS,G5_BAJO,No PDET,NO ZOMAC,Medio,0.768469,-,-,Irradiado_Mayor que 20 - hasta 30,Mayor que 20 - hasta 30,1,52260.0,Nariño,SAN JUAN DE PASTO,1.154131,A2. Mayor que 1 y menor que 2 horas,35.351681,Nariño,SAN JUAN DE PASTO,1.176831,A2. Mayor que 1 y menor que 2 horas,35.893102,Pequeña propiedad,13257.72744794534,Pequeña propiedad,6040.0,4,20699.413932,SI,-,
150,Polygon,52,287,FUNES,NARIÑO,52287,52287,Andina,5205,SUR,Rural,-,7486,-,1. EOT,SEIS,G3_MEDIO,No PDET,NO ZOMAC,Bajo,0.609344,2017,4.1.1,Mayor que 60 - hasta 70,Mayor que 60 - hasta 70,0,52287.0,Nariño,IPIALES,1.312448,A2. Mayor que 1 y menor que 2 horas,39.964675,Nariño,SAN JUAN DE PASTO,1.517175,A2. Mayor que 1 y menor que 2 horas,44.955844,Pequeña propiedad,378.1520545443157,Pequeña propiedad,445.0,2,531.770263,SI,-,
151,Polygon,52,317,GUACHUCAL,NARIÑO,52317,52317,Andina,5205,SUR,Rural,-,20338,-,1. EOT,SEIS,G5_BAJO,No PDET,NO ZOMAC,Medio Bajo,0.731165,-,-,Irradiado_Mayor que 15 - hasta 20,Mayor que 15 - hasta 20,1,52317.0,Nariño,IPIALES,0.581006,A1. Menos 1 hora,23.323759,Nariño,SAN JUAN DE PASTO,2.23753,A3. Mayor que 2 y menor que 3 horas,85.607525,Pequeña propiedad,7860.788770903355,Pequeña propiedad,5704.0,2,6038.469752,SI,-,
153,Polygon,52,320,GUAITARILLA,NARIÑO,52320,52320,Andina,5202,CENTRO OCCIDENTE,Intermedio,-,11921,-,1. EOT,SEIS,G4_MEDIO_BAJO,No PDET,NO ZOMAC,Bajo,0.808601,-,-,Irradiado_Mayor que 20 - hasta 30,Mayor que 20 - hasta 30,1,52320.0,Nariño,IPIALES,1.442547,A2. Mayor que 1 y menor que 2 horas,57.961227,Nariño,SAN JUAN DE PASTO,1.643977,A2. Mayor que 1 y menor que 2 horas,56.578384,Pequeña propiedad,10395.712801462267,Pequeña propiedad,6775.0,4,6104.526949,SI,-,
155,Polygon,52,323,GUALMATAN,NARIÑO,52323,52323,Andina,5205,SUR,Intermedio,-,7352,-,1. EOT,SEIS,C_CIUDADES,No PDET,NO ZOMAC,Bajo,0.693319,-,-,Irradiado_Mayor que 30 - hasta 40,Mayor que 30 - hasta 40,1,52323.0,Nariño,IPIALES,0.549041,A1. Menos 1 hora,21.889444,Nariño,SAN JUAN DE PASTO,2.129123,A3. Mayor que 2 y menor que 3 horas,65.649452,Pequeña propiedad,2146.8386963540424,Pequeña propiedad,2090.0,4,949.269746,SI,-,
156,Polygon,52,352,ILES,NARIÑO,52352,52352,Andina,5205,SUR,Intermedio,-,7954,-,1. EOT,SEIS,G3_MEDIO,No PDET,NO ZOMAC,Bajo,0.656406,2017,4.1.1,Mayor que 60 - hasta 70,Mayor que 60 - hasta 70,0,52352.0,Nariño,IPIALES,0.836507,A1. Menos 1 hora,28.673506,Nariño,SAN JUAN DE PASTO,1.795874,A2. Mayor que 1 y menor que 2 horas,55.119805,Pequeña propiedad,2.131122017204461,Pequeña propiedad,9.0,3,2.131121,SI,-,
157,Polygon,52,354,IMUES,NARIÑO,52354,52354,Andina,5205,SUR,Rural,-,7937,-,1. EOT,SEIS,G4_MEDIO_BAJO,No PDET,NO ZOMAC,Bajo,0.661184,2017,4.1.1,Mayor que 60 - hasta 70,Mayor que 60 - hasta 70,0,52354.0,Nariño,SAN JUAN DE PASTO,1.420837,A2. Mayor que 1 y menor que 2 horas,45.328636,Nariño,SAN JUAN DE PASTO,1.339983,A2. Mayor que 1 y menor que 2 horas,44.597265,Pequeña propiedad,410.9377068014459,Pequeña propiedad,168.0,2,459.840431,SI,-,
158,Polygon,52,356,IPIALES,NARIÑO,52356,52356,Andina,5205,SUR,Ciudades y aglomeraciones,-,120842,-,3. POT,TRES,G3_MEDIO,No PDET, ZOMAC,Medio,0.708697,2017,4.2.1,Mayor que 80 - hasta 100,Mayor que 80 - hasta 100,0,52356.0,Nariño,IPIALES,0.0,A1. Menos 1 hora,0.0,Nariño,SAN JUAN DE PASTO,2.609171,A3. Mayor que 2 y menor que 3 horas,83.593312,Pequeña propiedad,731.9466569017083,Pequeña propiedad,1004.0,2,384.369459,SI,-,
147,Polygon,52,378,LA CRUZ,NARIÑO,52378,52378,Andina,5204,NORTE,Intermedio,-,19421,-,1. EOT,SEIS,G5_BAJO,No PDET,NO ZOMAC,Medio Bajo,0.550422,-,-,Irradiado_Mayor que 20 - hasta 30,Mayor que 20 - hasta 30,1,52378.0,Nariño,SAN JUAN DE PASTO,2.875248,A3. Mayor que 2 y menor que 3 horas,77.257778,Nariño,SAN JUAN DE PASTO,2.897948,A3. Mayor que 2 y menor que 3 horas,77.799199,Pequeña propiedad,10187.957955364975,Pequeña propiedad,4035.0,4,11408.559522,SI,-,
148,Polygon,52,381,LA FLORIDA,NARIÑO,52381,52381,Andina,5201,CENTRO,Rural,-,10465,-,1. EOT,SEIS,G4_MEDIO_BAJO,No PDET,NO ZOMAC,Medio Bajo,0.728202,-,-,Irradiado_Mayor que 30 - hasta 40,Mayor que 30 - hasta 40,1,52381.0,Nariño,SAN JUAN DE PASTO,0.648431,A1. Menos 1 hora,23.035029,Nariño,SAN JUAN DE PASTO,0.671131,A1. Menos 1 hora,23.57645,Pequeña propiedad,11282.929480745051,Pequeña propiedad,6325.0,4,7813.123358,SI,-,
162,Polygon,52,385,LA LLANADA,NARIÑO,52385,52385,Andina,5202,CENTRO OCCIDENTE,Rural,-,6636,-,1. EOT,SEIS,G4_MEDIO_BAJO,No PDET, ZOMAC,Medio Alto,0.829805,-,-,Irradiado_Mayor que 10 - hasta 15,Mayor que 10 - hasta 15,1,52385.0,Nariño,SAN JUAN DE PASTO,2.677149,A3. Mayor que 2 y menor que 3 horas,71.484986,Nariño,SAN JUAN DE PASTO,2.699849,A3. Mayor que 2 y menor que 3 horas,72.026407,,,,,4,3216.408799,SI,-,
168,Polygon,52,390,LA TOLA,NARIÑO,52390,52390,Andina,5203,COSTA,Rural,-,7661,-,1. EOT,SEIS,G4_MEDIO_BAJO,PDET Pacífico y frontera Nariñense, ZOMAC,Medio Alto,0.0,-,-,Irradiado_Mayor que 10 - hasta 15,Mayor que 10 - hasta 15,1,nan,,,0.0, ,0.0,,,0.0, ,0.0,,,,,3,188.420771,SI,-,
152,Polygon,52,399,LA UNION,NARIÑO,52399,52399,Andina,5204,NORTE,Intermedio,-,33262,-,2. PBOT,SEIS,G4_MEDIO_BAJO,No PDET,NO ZOMAC,Medio Bajo,0.656685,-,-,Irradiado_Mayor que 20 - hasta 30,Mayor que 20 - hasta 30,1,52399.0,Nariño,SAN JUAN DE PASTO,2.296959,A3. Mayor que 2 y menor que 3 horas,70.918081,Nariño,SAN JUAN DE PASTO,2.319659,A3. Mayor que 2 y menor que 3 horas,71.459502,Pequeña propiedad,9035.124638983485,Pequeña propiedad,4770.0,4,9967.30289,SI,-,
154,Polygon,52,405,LEIVA,NARIÑO,52405,52405,Andina,5204,NORTE,Rural,-,10144,-,1. EOT,SEIS,G3_MEDIO,PDET Alto Patía-Norte del Cauca, ZOMAC,Medio Alto,0.868114,-,-,Irradiado_Mayor que 10 - hasta 15,Mayor que 10 - hasta 15,1,52405.0,Nariño,SAN JUAN DE PASTO,3.719939,A4. Mayor que 3 y menor que 4 horas,120.835447,Nariño,SAN JUAN DE PASTO,3.742639,A4. Mayor que 3 y menor que 4 horas,121.376869,,,,,4,16706.94635,SI,-,
144,Polygon,52,411,LINARES,NARIÑO,52411,52411,Andina,5202,CENTRO OCCIDENTE,Rural,-,10510,-,1. EOT,SEIS,G3_MEDIO,No PDET, ZOMAC,Medio Alto,0.710877,-,-,Irradiado_Mayor que 20 - hasta 30,Mayor que 20 - hasta 30,1,52411.0,Nariño,SAN JUAN DE PASTO,1.991436,A2. Mayor que 1 y menor que 2 horas,60.545289,Nariño,SAN JUAN DE PASTO,2.014136,A3. Mayor que 2 y menor que 3 horas,61.08671,Pequeña propiedad,10034.894217792915,Pequeña propiedad,4884.0,4,10903.901026,SI,-,
163,Polygon,52,418,LOS ANDES,NARIÑO,52418,52418,Andina,5202,CENTRO OCCIDENTE,Rural,-,9766,-,1. EOT,SEIS,G2_MEDIO_ALTO,PDET Alto Patía-Norte del Cauca, ZOMAC,Medio Alto,0.776617,-,-,Irradiado_Mayor que 10 - hasta 15,Mayor que 10 - hasta 15,1,52418.0,Nariño,SAN JUAN DE PASTO,2.166374,A3. Mayor que 2 y menor que 3 horas,62.335238,Nariño,SAN JUAN DE PASTO,2.189074,A3. Mayor que 2 y menor que 3 horas,62.876659,,,,,4,17268.287772,SI,-,
169,Polygon,52,427,MAGUI,NARIÑO,52427,52427,Andina,5203,COSTA,Rural disperso,-,25981,-,1. EOT,SEIS,G4_MEDIO_BAJO,PDET Pacífico y frontera Nariñense, ZOMAC,Alto,0.932515,-,-,Irradiado_Mayor que 10 - hasta 15,Mayor que 10 - hasta 15,1,52427.0,Nariño,"SAN ANDRÉS DE TUMACO, DISTRITO ESPECIAL, INDUSTRIAL, PORTUARIO, BIODIVERSO Y ECOTURÍSTICO",4.470068,A5. Mayor que 4 y menor que 5 horas,181.443983,Nariño,SAN JUAN DE PASTO,7.519052,A8. Mayor que 8 horas,210.844192,,,,,4,21.025559,SI,-,
146,Polygon,52,435,MALLAMA,NARIÑO,52435,52435,Andina,5202,CENTRO OCCIDENTE,Rural disperso,-,9396,-,1. EOT,SEIS,G4_MEDIO_BAJO,No PDET, ZOMAC,Medio Alto,0.78079,-,-,Irradiado_Mayor que 30 - hasta 40,Mayor que 30 - hasta 40,1,52435.0,Nariño,IPIALES,2.152451,A3. Mayor que 2 y menor que 3 horas,58.232799,Nariño,SAN JUAN DE PASTO,3.368551,A4. Mayor que 3 y menor que 4 horas,100.437172,,,,,3,591.407891,SI,-,
170,Polygon,52,473,MOSQUERA,NARIÑO,52473,52473,Andina,5203,COSTA,Rural,-,12547,-,1. EOT,SEIS,G4_MEDIO_BAJO,PDET Pacífico y frontera Nariñense, ZOMAC,Medio Alto,0.935915,-,-,Irradiado_Mayor que 10 - hasta 15,Mayor que 10 - hasta 15,1,nan,,,0.0, ,0.0,,,0.0, ,0.0,,,,,4,0.001865,SI,-,
135,Polygon,52,480,NARINO,NARIÑO,52480,52480,Andina,5201,CENTRO,Ciudades y aglomeraciones,-,4541,-,1. EOT,SEIS,G4_MEDIO_BAJO,No PDET,NO ZOMAC,Medio,0.264583,-,-,Irradiado_Mayor que 40 - hasta 50,Mayor que 40 - hasta 50,1,52480.0,Nariño,SAN JUAN DE PASTO,0.507609,A1. Menos 1 hora,15.582338,Nariño,SAN JUAN DE PASTO,0.530309,A1. Menos 1 hora,16.123759,Pequeña propiedad,1971.1046195558242,Pequeña propiedad,847.0,4,681.513334,SI,-,
171,Polygon,52,490,OLAYA HERRERA,NARIÑO,52490,52490,Andina,5203,COSTA,Rural,-,26280,-,1. EOT,SEIS,G2_MEDIO_ALTO,PDET Pacífico y frontera Nariñense, ZOMAC,Alto,0.665714,-,-,Irradiado_Mayor que 10 - hasta 15,Mayor que 10 - hasta 15,1,nan,,,0.0, ,0.0,,,0.0, ,0.0,,,,,3,955.752518,SI,-,
136,Polygon,52,506,OSPINA,NARIÑO,52506,52506,Andina,5202,CENTRO OCCIDENTE,Intermedio,-,7393,-,1. EOT,SEIS,G3_MEDIO,No PDET,NO ZOMAC,Bajo,0.761211,2017,4.1.1,Mayor que 60 - hasta 70,Mayor que 60 - hasta 70,0,52506.0,Nariño,IPIALES,1.355527,A2. Mayor que 1 y menor que 2 horas,55.174221,Nariño,SAN JUAN DE PASTO,1.909534,A2. Mayor que 1 y menor que 2 horas,62.506811,Pequeña propiedad,1308.532224736191,Pequeña propiedad,998.0,4,583.738376,SI,-,
172,Polygon,52,520,FRANCISCO PIZARRO,NARIÑO,52520,52520,Andina,5203,COSTA,Rural,-,14861,-,1. EOT,SEIS,G2_MEDIO_ALTO,PDET Pacífico y frontera Nariñense, ZOMAC,Medio Alto,0.986207,-,-,Irradiado_Mayor que 10 - hasta 15,Mayor que 10 - hasta 15,1,nan,,,0.0, ,0.0,,,0.0, ,0.0,,,,,3,12.986231,SI,-,
164,Polygon,52,540,POLICARPA,NARIÑO,52540,52540,Andina,5204,NORTE,Rural disperso,-,10314,-,1. EOT,SEIS,G1_ALTO,PDET Alto Patía-Norte del Cauca, ZOMAC,Alto,0.685817,-,-,Irradiado_Mayor que 15 - hasta 20,Mayor que 15 - hasta 20,1,52540.0,Nariño,SAN JUAN DE PASTO,2.909346,A3. Mayor que 2 y menor que 3 horas,72.384986,Nariño,SAN JUAN DE PASTO,2.932046,A3. Mayor que 2 y menor que 3 horas,72.926407,,,,,4,7596.53306,SI,-,
115,Polygon,52,560,POTOSI,NARIÑO,52560,52560,Andina,5205,SUR,Rural disperso,-,10719,-,1. EOT,SEIS,G5_BAJO,No PDET,NO ZOMAC,Medio Bajo,0.774187,2017,3.3.2,Mayor que 50 - hasta 60,Mayor que 50 - hasta 60,0,52560.0,Nariño,IPIALES,0.32376,A1. Menos 1 hora,12.129646,Nariño,SAN JUAN DE PASTO,2.687932,A3. Mayor que 2 y menor que 3 horas,87.88448,Pequeña propiedad,21.97211130006659,Pequeña propiedad,165.0,4,17.335311,SI,-,
117,Polygon,52,565,PROVIDENCIA,NARIÑO,52565,52565,Andina,5202,CENTRO OCCIDENTE,Intermedio,-,5796,-,1. EOT,SEIS,G3_MEDIO,No PDET,NO ZOMAC,Medio Bajo,0.731822,-,-,Irradiado_Mayor que 20 - hasta 30,Mayor que 20 - hasta 30,1,52565.0,Nariño,IPIALES,2.02961,A3. Mayor que 2 y menor que 3 horas,67.99676,Nariño,SAN JUAN DE PASTO,2.342169,A3. Mayor que 2 y menor que 3 horas,75.260721,Pequeña propiedad,3890.668599154072,Pequeña propiedad,1884.0,4,3338.336976,SI,-,
119,Polygon,52,573,PUERRES,NARIÑO,52573,52573,Andina,5205,SUR,Rural,-,8854,-,1. EOT,SEIS,G5_BAJO,No PDET, ZOMAC,Medio Bajo,0.753057,2017,3.3.2,Mayor que 50 - hasta 60,Mayor que 50 - hasta 60,0,52573.0,Nariño,IPIALES,0.474026,A1. Menos 1 hora,21.323759,Nariño,SAN JUAN DE PASTO,2.170161,A3. Mayor que 2 y menor que 3 horas,62.26539,Pequeña propiedad,1566.530152239162,Pequeña propiedad,1677.0,1,809.790295,SI,-,
121,Polygon,52,585,PUPIALES,NARIÑO,52585,52585,Andina,5205,SUR,Intermedio,-,18164,-,1. EOT,SEIS,G1_ALTO,No PDET,NO ZOMAC,Bajo,0.607354,-,-,Irradiado_Mayor que 20 - hasta 30,Mayor que 20 - hasta 30,1,52585.0,Nariño,IPIALES,0.21324,A1. Menos 1 hora,6.452691,Nariño,SAN JUAN DE PASTO,2.545414,A3. Mayor que 2 y menor que 3 horas,79.84184,Pequeña propiedad,40.68973302962742,Pequeña propiedad,22.0,3,28.487793,SI,-,
165,Polygon,52,612,RICAURTE,NARIÑO,52612,52612,Andina,5202,CENTRO OCCIDENTE,Rural disperso,-,20581,-,1. EOT,SEIS,G4_MEDIO_BAJO,PDET Pacífico y frontera Nariñense, ZOMAC,Alto,0.743955,-,-,Irradiado_Mayor que 10 - hasta 15,Mayor que 10 - hasta 15,1,52612.0,Nariño,IPIALES,2.964866,A3. Mayor que 2 y menor que 3 horas,79.602143,Nariño,SAN JUAN DE PASTO,4.180965,A5. Mayor que 4 y menor que 5 horas,121.806515,,,,,4,292.829646,SI,-,
173,Polygon,52,621,ROBERTO PAYAN,NARIÑO,52621,52621,Andina,5203,COSTA,Rural disperso,-,13249,-,1. EOT,SEIS,G1_ALTO,PDET Pacífico y frontera Nariñense, ZOMAC,Alto,0.883935,-,-,Irradiado_Mayor que 10 - hasta 15,Mayor que 10 - hasta 15,1,52621.0,Nariño,"SAN ANDRÉS DE TUMACO, DISTRITO ESPECIAL, INDUSTRIAL, PORTUARIO, BIODIVERSO Y ECOTURÍSTICO",6.989881, ,185.235151,Nariño,SAN JUAN DE PASTO,10.038865,A8. Mayor que 8 horas,214.635361,,,,,4,281.207028,SI,-,
122,Polygon,52,678,SAMANIEGO,NARIÑO,52678,52678,Andina,5202,CENTRO OCCIDENTE,Intermedio,-,29936,-,1. EOT,SEIS,G3_MEDIO,No PDET, ZOMAC,Alto,0.807272,-,-,Irradiado_Mayor que 10 - hasta 15,Mayor que 10 - hasta 15,1,52678.0,Nariño,SAN JUAN DE PASTO,2.155092,A3. Mayor que 2 y menor que 3 horas,56.716861,Nariño,SAN JUAN DE PASTO,2.177792,A3. Mayor que 2 y menor que 3 horas,57.258283,,,,,4,14732.846937,SI,-,
112,Polygon,52,683,SANDONA,NARIÑO,52683,52683,Andina,5201,CENTRO,Intermedio,-,21244,-,1. EOT,SEIS,G5_BAJO,No PDET,NO ZOMAC,Medio Bajo,0.643408,-,-,Irradiado_Mayor que 40 - hasta 50,Mayor que 40 - hasta 50,1,52683.0,Nariño,SAN JUAN DE PASTO,1.004404,A2. Mayor que 1 y menor que 2 horas,35.023254,Nariño,SAN JUAN DE PASTO,1.027104,A2. Mayor que 1 y menor que 2 horas,35.564675,Pequeña propiedad,8466.186049489284,Pequeña propiedad,6238.0,4,4739.215921,SI,-,
113,Polygon,52,685,SAN BERNARDO,NARIÑO,52685,52685,Andina,5204,NORTE,Intermedio,-,9584,-,1. EOT,SEIS,G3_MEDIO,No PDET,NO ZOMAC,Bajo,0.851031,-,-,Irradiado_Mayor que 20 - hasta 30,Mayor que 20 - hasta 30,1,52685.0,Nariño,SAN JUAN DE PASTO,2.054045,A3. Mayor que 2 y menor que 3 horas,57.568333,Nariño,SAN JUAN DE PASTO,2.076745,A3. Mayor que 2 y menor que 3 horas,58.109755,Pequeña propiedad,4402.321819809083,Pequeña propiedad,2059.0,4,5550.379053,SI,-,
114,Polygon,52,687,SAN LORENZO,NARIÑO,52687,52687,Andina,5204,NORTE,Rural,-,19280,-,1. EOT,SEIS,G4_MEDIO_BAJO,No PDET,NO ZOMAC,Medio Bajo,0.77866,-,-,Irradiado_Mayor que 15 - hasta 20,Mayor que 15 - hasta 20,1,52687.0,Nariño,SAN JUAN DE PASTO,1.676199,A2. Mayor que 1 y menor que 2 horas,48.685996,Nariño,SAN JUAN DE PASTO,1.698899,A2. Mayor que 1 y menor que 2 horas,49.227417,Pequeña propiedad,16980.484070351824,Pequeña propiedad,6021.0,4,17916.573913,SI,-,
116,Polygon,52,693,SAN PABLO,NARIÑO,52693,52693,Andina,5204,NORTE,Intermedio,-,15838,-,1. EOT,SEIS,G4_MEDIO_BAJO,No PDET,NO ZOMAC,Medio Bajo,0.781408,-,-,Irradiado_Mayor que 20 - hasta 30,Mayor que 20 - hasta 30,1,52693.0,Nariño,SAN JUAN DE PASTO,3.14201,A4. Mayor que 3 y menor que 4 horas,98.425902,Nariño,SAN JUAN DE PASTO,3.164709,A4. Mayor que 3 y menor que 4 horas,98.967323,Pequeña propiedad,8228.768813729412,Pequeña propiedad,3828.0,4,7106.355712,SI,-,
118,Polygon,52,694,SAN PEDRO DE CARTAGO,NARIÑO,52694,52694,Andina,5204,NORTE,Intermedio,-,7100,-,1. EOT,SEIS,G4_MEDIO_BAJO,No PDET,NO ZOMAC,Bajo,0.827649,-,-,Irradiado_Mayor que 15 - hasta 20,Mayor que 15 - hasta 20,1,52694.0,Nariño,SAN JUAN DE PASTO,2.093476,A3. Mayor que 2 y menor que 3 horas,64.223968,Nariño,SAN JUAN DE PASTO,2.116176,A3. Mayor que 2 y menor que 3 horas,64.76539,Pequeña propiedad,4548.470528581924,Pequeña propiedad,1759.0,4,3598.89362,SI,-,
174,Polygon,52,696,SANTA BARBARA,NARIÑO,52696,52696,Andina,5203,COSTA,Rural disperso,-,14060,-,1. EOT,SEIS,G3_MEDIO,PDET Pacífico y frontera Nariñense, ZOMAC,Alto,0.986301,-,-,Irradiado_Mayor que 10 - hasta 15,Mayor que 10 - hasta 15,1,nan,,,0.0, ,0.0,,,0.0, ,0.0,,,,,3,2161.537326,SI,-,
120,Polygon,52,699,SANTACRUZ,NARIÑO,52699,52699,Andina,5202,CENTRO OCCIDENTE,Rural,-,11297,-,1. EOT,SEIS,G2_MEDIO_ALTO,No PDET,NO ZOMAC,Medio Alto,0.88567,-,-,Irradiado_Mayor que 20 - hasta 30,Mayor que 20 - hasta 30,1,52699.0,Nariño,IPIALES,2.161884,A3. Mayor que 2 y menor que 3 horas,65.972496,Nariño,SAN JUAN DE PASTO,2.870867,A3. Mayor que 2 y menor que 3 horas,83.95189,,,,,4,7266.689999,SI,-,
137,Polygon,52,720,SAPUYES,NARIÑO,52720,52720,Andina,5202,CENTRO OCCIDENTE,Rural disperso,-,7633,-,1. EOT,SEIS,G3_MEDIO,No PDET,NO ZOMAC,Bajo,0.722041,2017,4.2.1,Mayor que 80 - hasta 100,Mayor que 80 - hasta 100,0,52720.0,Nariño,IPIALES,1.100707,A2. Mayor que 1 y menor que 2 horas,45.275945,Nariño,SAN JUAN DE PASTO,1.86849,A2. Mayor que 1 y menor que 2 horas,66.366609,Mediana propiedad,2250.593033472143,Pequeña propiedad,569.0,2,4184.919635,SI,-,
138,Polygon,52,786,TAMINANGO,NARIÑO,52786,52786,Andina,5204,NORTE,Rural,-,18511,-,1. EOT,SEIS,G4_MEDIO_BAJO,No PDET,NO ZOMAC,Medio Bajo,0.797111,-,-,Irradiado_Mayor que 20 - hasta 30,Mayor que 20 - hasta 30,1,52786.0,Nariño,SAN JUAN DE PASTO,2.18003,A3. Mayor que 2 y menor que 3 horas,69.86539,Nariño,SAN JUAN DE PASTO,2.20273,A3. Mayor que 2 y menor que 3 horas,70.406811,Pequeña propiedad,13514.904749499115,Pequeña propiedad,7331.0,4,17515.541933,SI,-,
139,Polygon,52,788,TANGUA,NARIÑO,52788,52788,Andina,5201,CENTRO,Rural disperso,-,14058,-,1. EOT,SEIS,G5_BAJO,No PDET,NO ZOMAC,Medio Bajo,0.479013,2017,4.2.1,Mayor que 80 - hasta 100,Mayor que 80 - hasta 100,0,52788.0,Nariño,SAN JUAN DE PASTO,0.885589,A1. Menos 1 hora,24.173506,Nariño,SAN JUAN DE PASTO,0.804734,A1. Menos 1 hora,23.442136,Pequeña propiedad,398.14361257381,Pequeña propiedad,202.0,2,520.447231,SI,-,
434,Polygon,52,835,TUMACO,NARIÑO,52835,52835,Andina,5203,COSTA,Ciudades y aglomeraciones,-,265599,-,3. POT,CUATRO,G4_MEDIO_BAJO,PDET Pacífico y frontera Nariñense, ZOMAC,Alto,0.721735,-,-,Irradiado_Mayor que 30 - hasta 40,Mayor que 30 - hasta 40,1,52835.0,Nariño,"SAN ANDRÉS DE TUMACO, DISTRITO ESPECIAL, INDUSTRIAL, PORTUARIO, BIODIVERSO Y ECOTURÍSTICO",0.0,A1. Menos 1 hora,0.0,Nariño,SAN JUAN DE PASTO,7.714719,A8. Mayor que 8 horas,269.422576,"Gran propiedad, latifundios",28468.554539784465,Pequeña propiedad,4376.0,4,28620.835382,SI,-,
143,Polygon,52,838,TUQUERRES,NARIÑO,52838,52838,Andina,5202,CENTRO OCCIDENTE,Intermedio,-,46419,-,2. PBOT,SEIS,G4_MEDIO_BAJO,No PDET,NO ZOMAC,Medio,0.715085,2017,4.2.1,Mayor que 80 - hasta 100,Mayor que 80 - hasta 100,0,52838.0,Nariño,IPIALES,1.076388,A2. Mayor que 1 y menor que 2 horas,46.783052,Nariño,SAN JUAN DE PASTO,1.723945,A2. Mayor que 1 y menor que 2 horas,62.148232,Pequeña propiedad,0.4735303231560237,Pequeña propiedad,11.0,1,0.49696,SI,-,
145,Polygon,52,885,YACUANQUER,NARIÑO,52885,52885,Andina,5201,CENTRO,Rural,-,11404,-,1. EOT,SEIS,G5_BAJO,No PDET,NO ZOMAC,Bajo,0.629463,-,-,Irradiado_Mayor que 30 - hasta 40,Mayor que 30 - hasta 40,1,52885.0,Nariño,SAN JUAN DE PASTO,0.857691,A1. Menos 1 hora,24.290664,Nariño,SAN JUAN DE PASTO,0.776837,A1. Menos 1 hora,23.559293,Pequeña propiedad,7143.060179830334,Pequeña propiedad,4288.0,4,3978.705868,SI,-,
864,Polygon,54,1,CUCUTA,NORTE DE SANTANDER,54001,54001,Andina,5404,ORIENTAL,Ciudades y aglomeraciones,si,806378,-,3. POT,UNO,G1_ALTO,No PDET,NO ZOMAC,Medio,0.666994,-,-,Irradiado_Mayor que 120 - hasta 140,Mayor que 120 - hasta 140,1,54001.0,Norte de Santander,SAN JOSÉ DE CÚCUTA,0.0,A1. Menos 1 hora,0.0,Norte de Santander,SAN JOSÉ DE CÚCUTA,0.0,A1. Menos 1 hora,0.0,Mediana propiedad,59494.91746809709,Pequeña propiedad,2708.0,1,22237.404484,SI,-,
865,Polygon,54,3,ABREGO,NORTE DE SANTANDER,54003,54003,Andina,5403,OCCIDENTE,Rural,-,35613,-,2. PBOT,SEIS,G1_ALTO,No PDET,NO ZOMAC,Medio Alto,0.533518,-,-,Irradiado_Mayor que 15 - hasta 20,Mayor que 15 - hasta 20,1,54003.0,Norte de Santander,OCAÑA,0.790943,A1. Menos 1 hora,28.284776,Norte de Santander,SAN JOSÉ DE CÚCUTA,5.120507,A6. Mayor que 5 y menor que 6 horas,140.766313,Mediana propiedad,70577.70929180125,Pequeña propiedad,2513.0,4,91837.228732,SI,-,
866,Polygon,54,51,ARBOLEDAS,NORTE DE SANTANDER,54051,54051,Andina,5401,CENTRO,Rural disperso,-,10914,-,1. EOT,SEIS,G5_BAJO,No PDET,NO ZOMAC,Bajo,0.719817,-,-,Irradiado_Mayor que 15 - hasta 20,Mayor que 15 - hasta 20,1,54051.0,Norte de Santander,LOS PATIOS,2.547716,A3. Mayor que 2 y menor que 3 horas,57.085491,Norte de Santander,SAN JOSÉ DE CÚCUTA,2.923078,A3. Mayor que 2 y menor que 3 horas,67.190873,Pequeña propiedad,10907.433967757086,Pequeña propiedad,2338.0,4,16639.288817,SI,-,
867,Polygon,54,99,BOCHALEMA,NORTE DE SANTANDER,54099,54099,Andina,5406,SUR ORIENTE,Rural,-,9309,-,1. EOT,SEIS,G4_MEDIO_BAJO,No PDET,NO ZOMAC,Bajo,0.575484,-,-,Irradiado_Mayor que 20 - hasta 30,Mayor que 20 - hasta 30,1,54099.0,Norte de Santander,LOS PATIOS,0.971142,A1. Menos 1 hora,34.901934,Norte de Santander,SAN JOSÉ DE CÚCUTA,1.346504,A2. Mayor que 1 y menor que 2 horas,45.007316,Mediana propiedad,10039.249367170629,Pequeña propiedad,931.0,4,9782.00556,SI,-,
868,Polygon,54,109,BUCARASICA,NORTE DE SANTANDER,54109,54109,Andina,5402,NORTE,Rural disperso,-,7209,-,1. EOT,SEIS,G3_MEDIO,No PDET, ZOMAC,Medio,0.565217,-,-,Irradiado_Mayor que 15 - hasta 20,Mayor que 15 - hasta 20,1,54109.0,Norte de Santander,SAN JOSÉ DE CÚCUTA,2.573472,A3. Mayor que 2 y menor que 3 horas,83.953615,Norte de Santander,SAN JOSÉ DE CÚCUTA,2.496676,A3. Mayor que 2 y menor que 3 horas,83.595036,Mediana propiedad,18973.676398043655,Pequeña propiedad,740.0,4,22654.983802,SI,-,
869,Polygon,54,125,CACOTA,NORTE DE SANTANDER,54125,54125,Andina,5405,SUR OCCIDENTE,Rural disperso,-,3153,-,1. EOT,SEIS,G1_ALTO,No PDET,NO ZOMAC,Bajo,0.56354,-,-,Irradiado_Mayor que 40 - hasta 50,Mayor que 40 - hasta 50,1,54125.0,Norte de Santander,PAMPLONA,0.579999,A1. Menos 1 hora,17.561017,Norte de Santander,SAN JOSÉ DE CÚCUTA,2.665729,A3. Mayor que 2 y menor que 3 horas,89.287929,Pequeña propiedad,4850.072576431704,Pequeña propiedad,1257.0,4,6380.77819,SI,-,
870,Polygon,54,128,CACHIRA,NORTE DE SANTANDER,54128,54128,Andina,5403,OCCIDENTE,Rural disperso,-,12361,-,1. EOT,SEIS,G1_ALTO,No PDET,NO ZOMAC,Medio Bajo,0.578888,-,-,Irradiado_Mayor que 15 - hasta 20,Mayor que 15 - hasta 20,1,54128.0,Santander,SABANA DE TORRES,3.212628,A4. Mayor que 3 y menor que 4 horas,86.306306,Santander,BUCARAMANGA,3.598023,A4. Mayor que 3 y menor que 4 horas,102.686205,Mediana propiedad,33395.0091738343,Pequeña propiedad,1663.0,4,40470.264303,SI,-,
871,Polygon,54,172,CHINACOTA,NORTE DE SANTANDER,54172,54172,Andina,5406,SUR ORIENTE,Intermedio,-,19703,-,1. EOT,SEIS,G2_MEDIO_ALTO,No PDET,NO ZOMAC,Medio,0.360184,-,-,Irradiado_Mayor que 40 - hasta 50,Mayor que 40 - hasta 50,1,54172.0,Norte de Santander,LOS PATIOS,1.17813,A2. Mayor que 1 y menor que 2 horas,37.660512,Norte de Santander,SAN JOSÉ DE CÚCUTA,1.553492,A2. Mayor que 1 y menor que 2 horas,47.765895,Mediana propiedad,7867.859660169279,Pequeña propiedad,2284.0,4,10023.596594,SI,-,
897,Polygon,54,174,CHITAGA,NORTE DE SANTANDER,54174,54174,Andina,5405,SUR OCCIDENTE,Rural disperso,-,13204,-,1. EOT,SEIS,G1_ALTO,No PDET,NO ZOMAC,Medio Bajo,0.47951,-,-,Irradiado_Mayor que 15 - hasta 20,Mayor que 15 - hasta 20,1,54174.0,Norte de Santander,PAMPLONA,0.86444,A1. Menos 1 hora,39.447518,Norte de Santander,SAN JOSÉ DE CÚCUTA,2.95017,A3. Mayor que 2 y menor que 3 horas,111.17443,Mediana propiedad,17223.911912431697,Pequeña propiedad,2446.0,4,31329.469346,SI,-,
898,Polygon,54,206,CONVENCION,NORTE DE SANTANDER,54206,54206,Andina,5403,OCCIDENTE,Rural,-,20994,-,1. EOT,SEIS,G2_MEDIO_ALTO,PDET Catatumbo, ZOMAC,Alto,0.608028,-,-,Irradiado_Mayor que 10 - hasta 15,Mayor que 10 - hasta 15,1,54206.0,Norte de Santander,OCAÑA,1.231068,A2. Mayor que 1 y menor que 2 horas,29.8664,Santander,BUCARAMANGA,6.387274,A7. Mayor que 6 y menor que 7 horas,226.151299,Mediana propiedad,15265.631481415063,Pequeña propiedad,1772.0,4,22159.945877,SI,-,
872,Polygon,54,223,CUCUTILLA,NORTE DE SANTANDER,54223,54223,Andina,5401,CENTRO,Rural disperso,-,9230,-,1. EOT,SEIS,G2_MEDIO_ALTO,No PDET,NO ZOMAC,Medio Bajo,0.782068,-,-,Irradiado_Mayor que 20 - hasta 30,Mayor que 20 - hasta 30,1,54223.0,Norte de Santander,PAMPLONA,1.990872,A2. Mayor que 1 y menor que 2 horas,33.546299,Norte de Santander,SAN JOSÉ DE CÚCUTA,3.02945,A4. Mayor que 3 y menor que 4 horas,70.910974,Pequeña propiedad,11631.29221200975,Pequeña propiedad,2569.0,4,18342.828324,SI,-,
873,Polygon,54,239,DURANIA,NORTE DE SANTANDER,54239,54239,Andina,5406,SUR ORIENTE,Rural,-,5139,-,1. EOT,SEIS,G5_BAJO,No PDET,NO ZOMAC,Medio Bajo,0.607306,-,-,Irradiado_Mayor que 20 - hasta 30,Mayor que 20 - hasta 30,1,54239.0,Norte de Santander,LOS PATIOS,1.308144,A2. Mayor que 1 y menor que 2 horas,31.826198,Norte de Santander,SAN JOSÉ DE CÚCUTA,1.683507,A2. Mayor que 1 y menor que 2 horas,41.93158,Mediana propiedad,9387.294779680175,Pequeña propiedad,657.0,4,16627.802082,SI,-,
899,Polygon,54,245,EL CARMEN,NORTE DE SANTANDER,54245,54245,Andina,5403,OCCIDENTE,Rural disperso,-,14971,-,1. EOT,SEIS,G1_ALTO,PDET Catatumbo, ZOMAC,Alto,0.675278,-,-,Irradiado_Mayor que 10 - hasta 15,Mayor que 10 - hasta 15,1,54245.0,Cesar,AGUACHICA,2.22626,A3. Mayor que 2 y menor que 3 horas,65.871782,Santander,BUCARAMANGA,6.244053,A7. Mayor que 6 y menor que 7 horas,234.268961,Mediana propiedad,36472.39842564789,Pequeña propiedad,1008.0,4,44051.403216,SI,-,
903,Polygon,54,250,EL TARRA,NORTE DE SANTANDER,54250,54250,Andina,5402,NORTE,Rural,-,23344,-,1. EOT,SEIS,G4_MEDIO_BAJO,PDET Catatumbo, ZOMAC,Alto,0.747988,-,-,Irradiado_Mayor que 10 - hasta 15,Mayor que 10 - hasta 15,1,54250.0,Norte de Santander,OCAÑA,3.638317,A4. Mayor que 3 y menor que 4 horas,73.356558,Norte de Santander,SAN JOSÉ DE CÚCUTA,6.082099,A7. Mayor que 6 y menor que 7 horas,160.588853,Mediana propiedad,37501.88834013304,Mediana propiedad,703.0,3,35860.961345,SI,-,
874,Polygon,54,261,EL ZULIA,NORTE DE SANTANDER,54261,54261,Andina,5404,ORIENTAL,Rural,-,30568,-,2. PBOT,SEIS,G3_MEDIO,No PDET, ZOMAC,Medio,0.408175,-,-,Irradiado_Mayor que 20 - hasta 30,Mayor que 20 - hasta 30,1,54261.0,Norte de Santander,SAN JOSÉ DE CÚCUTA,0.526813,A1. Menos 1 hora,13.288225,Norte de Santander,SAN JOSÉ DE CÚCUTA,0.450018,A1. Menos 1 hora,12.929646,Mediana propiedad,23388.845312703477,Pequeña propiedad,1733.0,4,25819.114428,SI,-,
875,Polygon,54,313,GRAMALOTE,NORTE DE SANTANDER,54313,54313,Andina,5401,CENTRO,Rural,-,8291,-,1. EOT,SEIS,G2_MEDIO_ALTO,No PDET,NO ZOMAC,Bajo,0.64281,-,-,Irradiado_Mayor que 20 - hasta 30,Mayor que 20 - hasta 30,1,54313.0,Norte de Santander,SAN JOSÉ DE CÚCUTA,2.087248,A3. Mayor que 2 y menor que 3 horas,46.873001,Norte de Santander,SAN JOSÉ DE CÚCUTA,2.010452,A3. Mayor que 2 y menor que 3 horas,46.514423,Mediana propiedad,7125.058350704884,Pequeña propiedad,1299.0,4,6598.704172,SI,-,
876,Polygon,54,344,HACARI,NORTE DE SANTANDER,54344,54344,Andina,5403,OCCIDENTE,Rural disperso,-,11452,-,1. EOT,SEIS,G4_MEDIO_BAJO,PDET Catatumbo, ZOMAC,Alto,0.71539,-,-,Irradiado_Mayor que 15 - hasta 20,Mayor que 15 - hasta 20,1,54344.0,Norte de Santander,OCAÑA,2.011824,A3. Mayor que 2 y menor que 3 horas,47.984271,Norte de Santander,SAN JOSÉ DE CÚCUTA,6.961692,A7. Mayor que 6 y menor que 7 horas,184.919213,,,,,4,35145.651727,SI,-,
877,Polygon,54,347,HERRAN,NORTE DE SANTANDER,54347,54347,Andina,5406,SUR ORIENTE,Rural disperso,-,7790,-,1. EOT,SEIS,G4_MEDIO_BAJO,No PDET,NO ZOMAC,Bajo,0.521179,-,-,Irradiado_Mayor que 15 - hasta 20,Mayor que 15 - hasta 20,1,54347.0,Norte de Santander,LOS PATIOS,2.53974,A3. Mayor que 2 y menor que 3 horas,47.185996,Norte de Santander,SAN JOSÉ DE CÚCUTA,2.915102,A3. Mayor que 2 y menor que 3 horas,57.291378,Pequeña propiedad,3641.976579464109,Pequeña propiedad,924.0,4,3893.951224,SI,-,
878,Polygon,54,377,LABATECA,NORTE DE SANTANDER,54377,54377,Andina,5406,SUR ORIENTE,Rural disperso,-,7123,-,1. EOT,SEIS,G3_MEDIO,No PDET,NO ZOMAC,Medio Bajo,0.602723,-,-,Irradiado_Mayor que 20 - hasta 30,Mayor que 20 - hasta 30,1,54377.0,Norte de Santander,PAMPLONA,1.461722,A2. Mayor que 1 y menor que 2 horas,32.697771,Norte de Santander,SAN JOSÉ DE CÚCUTA,3.547452,A4. Mayor que 3 y menor que 4 horas,104.424682,Pequeña propiedad,8786.45740271324,Pequeña propiedad,2079.0,4,13933.000633,SI,-,
879,Polygon,54,385,LA ESPERANZA,NORTE DE SANTANDER,54385,54385,Andina,5403,OCCIDENTE,Rural disperso,-,13048,-,1. EOT,SEIS,G2_MEDIO_ALTO,No PDET,NO ZOMAC,Medio Bajo,0.526165,-,-,Irradiado_Mayor que 15 - hasta 20,Mayor que 15 - hasta 20,1,54385.0,Santander,SABANA DE TORRES,1.544283,A2. Mayor que 1 y menor que 2 horas,80.976659,Santander,BUCARAMANGA,2.458087,A3. Mayor que 2 y menor que 3 horas,79.99676,Mediana propiedad,45847.95084156825,Pequeña propiedad,1345.0,2,25955.590639,SI,-,
880,Polygon,54,398,LA PLAYA,NORTE DE SANTANDER,54398,54398,Andina,5403,OCCIDENTE,Rural disperso,-,8675,-,1. EOT,SEIS,G1_ALTO,No PDET, ZOMAC,Medio Alto,0.581552,-,-,Irradiado_Mayor que 15 - hasta 20,Mayor que 15 - hasta 20,1,54398.0,Norte de Santander,OCAÑA,0.84421,A1. Menos 1 hora,26.197771,Norte de Santander,SAN JOSÉ DE CÚCUTA,5.794077,A6. Mayor que 5 y menor que 6 horas,163.132713,Mediana propiedad,14817.707396245001,Pequeña propiedad,1164.0,4,17569.806321,SI,-,
881,Polygon,54,405,LOS PATIOS,NORTE DE SANTANDER,54405,54405,Andina,5404,ORIENTAL,Ciudades y aglomeraciones,-,102949,-,3. POT,CUATRO,G3_MEDIO,No PDET,NO ZOMAC,Bajo,0.533454,-,-,Irradiado_Mayor que 80 - hasta 100,Mayor que 80 - hasta 100,1,54405.0,Norte de Santander,LOS PATIOS,0.0,A1. Menos 1 hora,0.0,Norte de Santander,SAN JOSÉ DE CÚCUTA,0.488721,A1. Menos 1 hora,10.588225,Mediana propiedad,5970.771345276623,Pequeña propiedad,1003.0,4,6061.086364,SI,-,
882,Polygon,54,418,LOURDES,NORTE DE SANTANDER,54418,54418,Andina,5401,CENTRO,Rural,-,4499,-,1. EOT,SEIS,G4_MEDIO_BAJO,No PDET,NO ZOMAC,Bajo,0.496671,-,-,Irradiado_Mayor que 20 - hasta 30,Mayor que 20 - hasta 30,1,54418.0,Norte de Santander,SAN JOSÉ DE CÚCUTA,2.726433,A3. Mayor que 2 y menor que 3 horas,56.581328,Norte de Santander,SAN JOSÉ DE CÚCUTA,2.649637,A3. Mayor que 2 y menor que 3 horas,56.222749,Mediana propiedad,5051.721677021178,Pequeña propiedad,560.0,3,5513.836757,SI,-,
883,Polygon,54,480,MUTISCUA,NORTE DE SANTANDER,54480,54480,Andina,5405,SUR OCCIDENTE,Rural disperso,-,4805,-,1. EOT,SEIS,G3_MEDIO,No PDET,NO ZOMAC,Bajo,0.521022,-,-,Irradiado_Mayor que 30 - hasta 40,Mayor que 30 - hasta 40,1,54480.0,Norte de Santander,PAMPLONA,0.842689,A1. Menos 1 hora,22.869343,Norte de Santander,SAN JOSÉ DE CÚCUTA,2.96435,A3. Mayor que 2 y menor que 3 horas,96.303362,Pequeña propiedad,4757.560458857946,Pequeña propiedad,1399.0,4,4505.859588,SI,-,
884,Polygon,54,498,OCAÑA,NORTE DE SANTANDER,54498,54498,Andina,5403,OCCIDENTE,Ciudades y aglomeraciones,-,134379,-,3. POT,CUATRO,G1_ALTO,No PDET,NO ZOMAC,Medio,0.592047,-,-,Irradiado_Mayor que 50 - hasta 60,Mayor que 50 - hasta 60,1,54498.0,Norte de Santander,OCAÑA,0.0,A1. Menos 1 hora,0.0,Santander,BUCARAMANGA,5.502105,A6. Mayor que 5 y menor que 6 horas,207.224596,Mediana propiedad,32805.25407730591,Pequeña propiedad,3471.0,4,39643.875546,SI,-,
885,Polygon,54,518,PAMPLONA,NORTE DE SANTANDER,54518,54518,Andina,5405,SUR OCCIDENTE,Ciudades y aglomeraciones,-,56451,-,2. PBOT,SEIS,G5_BAJO,No PDET,NO ZOMAC,Bajo,0.571645,-,-,Irradiado_Mayor que 60 - hasta 70,Mayor que 60 - hasta 70,1,54518.0,Norte de Santander,PAMPLONA,0.0,A1. Menos 1 hora,0.0,Norte de Santander,SAN JOSÉ DE CÚCUTA,2.155696,A3. Mayor que 2 y menor que 3 horas,74.516861,Mediana propiedad,11641.135037791364,Pequeña propiedad,1881.0,4,17095.67795,SI,-,
886,Polygon,54,520,PAMPLONITA,NORTE DE SANTANDER,54520,54520,Andina,5405,SUR OCCIDENTE,Rural disperso,-,6186,-,1. EOT,SEIS,G4_MEDIO_BAJO,No PDET,NO ZOMAC,Bajo,0.507035,-,-,Irradiado_Mayor que 20 - hasta 30,Mayor que 20 - hasta 30,1,54520.0,Norte de Santander,PAMPLONA,0.429016,A1. Menos 1 hora,11.149747,Norte de Santander,SAN JOSÉ DE CÚCUTA,1.820376,A2. Mayor que 1 y menor que 2 horas,64.649957,Mediana propiedad,7866.015916921757,Pequeña propiedad,1474.0,4,8216.602263,SI,-,
887,Polygon,54,553,PUERTO SANTANDER,NORTE DE SANTANDER,54553,54553,Andina,5404,ORIENTAL,Intermedio,-,9817,-,1. EOT,SEIS,G3_MEDIO,No PDET,NO ZOMAC,Medio,0.469846,-,-,Irradiado_Mayor que 20 - hasta 30,Mayor que 20 - hasta 30,1,54553.0,Norte de Santander,VILLA DEL ROSARIO,1.461226,A2. Mayor que 1 y menor que 2 horas,68.874221,Norte de Santander,SAN JOSÉ DE CÚCUTA,1.861801,A2. Mayor que 1 y menor que 2 horas,59.855844,Mediana propiedad,3634.401789514176,Mediana propiedad,83.0,1,2825.374817,SI,-,
888,Polygon,54,599,RAGONVALIA,NORTE DE SANTANDER,54599,54599,Andina,5406,SUR ORIENTE,Intermedio,-,6704,-,1. EOT,SEIS,G3_MEDIO,No PDET,NO ZOMAC,Bajo,0.45301,-,-,Irradiado_Mayor que 20 - hasta 30,Mayor que 20 - hasta 30,1,54599.0,Norte de Santander,LOS PATIOS,2.213503,A3. Mayor que 2 y menor que 3 horas,37.943355,Norte de Santander,SAN JOSÉ DE CÚCUTA,2.588865,A3. Mayor que 2 y menor que 3 horas,48.048737,Pequeña propiedad,4875.599627672423,Pequeña propiedad,1003.0,4,5949.591701,SI,-,
889,Polygon,54,660,SALAZAR,NORTE DE SANTANDER,54660,54660,Andina,5401,CENTRO,Rural,-,11574,-,1. EOT,SEIS,G2_MEDIO_ALTO,No PDET,NO ZOMAC,Medio Bajo,0.315266,-,-,Irradiado_Mayor que 20 - hasta 30,Mayor que 20 - hasta 30,1,54660.0,Norte de Santander,SAN JOSÉ DE CÚCUTA,1.980961,A2. Mayor que 1 y menor que 2 horas,48.470058,Norte de Santander,SAN JOSÉ DE CÚCUTA,1.904165,A2. Mayor que 1 y menor que 2 horas,48.111479,Mediana propiedad,17001.812604050527,Pequeña propiedad,1491.0,4,20432.380293,SI,-,
890,Polygon,54,670,SAN CALIXTO,NORTE DE SANTANDER,54670,54670,Andina,5403,OCCIDENTE,Rural disperso,-,14351,-,1. EOT,SEIS,G1_ALTO,PDET Catatumbo, ZOMAC,Alto,0.864059,-,-,Irradiado_Mayor que 10 - hasta 15,Mayor que 10 - hasta 15,1,54670.0,Norte de Santander,OCAÑA,2.273376,A3. Mayor que 2 y menor que 3 horas,46.93158,Santander,BUCARAMANGA,7.429582,A8. Mayor que 8 horas,243.216479,Mediana propiedad,18752.034662668968,Pequeña propiedad,1224.0,4,26257.764168,SI,-,
891,Polygon,54,673,SAN CAYETANO,NORTE DE SANTANDER,54673,54673,Andina,5404,ORIENTAL,Rural,-,8049,-,1. EOT,SEIS,G3_MEDIO,No PDET,NO ZOMAC,Medio,0.743646,-,-,Irradiado_Mayor que 100 - hasta 120,Mayor que 100 - hasta 120,1,54673.0,Norte de Santander,SAN JOSÉ DE CÚCUTA,0.952579,A1. Menos 1 hora,20.948023,Norte de Santander,SAN JOSÉ DE CÚCUTA,0.875783,A1. Menos 1 hora,20.589444,Mediana propiedad,7308.306099182452,Pequeña propiedad,394.0,4,6682.329528,SI,-,
892,Polygon,54,680,SANTIAGO,NORTE DE SANTANDER,54680,54680,Andina,5401,CENTRO,Rural,-,3839,-,1. EOT,SEIS,G3_MEDIO,No PDET, ZOMAC,Medio Bajo,0.429139,-,-,Irradiado_Mayor que 20 - hasta 30,Mayor que 20 - hasta 30,1,54680.0,Norte de Santander,SAN JOSÉ DE CÚCUTA,1.169778,A2. Mayor que 1 y menor que 2 horas,30.580613,Norte de Santander,SAN JOSÉ DE CÚCUTA,1.092982,A2. Mayor que 1 y menor que 2 horas,30.222035,Mediana propiedad,9235.758437261722,Pequeña propiedad,273.0,4,14256.695454,SI,-,
893,Polygon,54,720,SARDINATA,NORTE DE SANTANDER,54720,54720,Andina,5402,NORTE,Rural,-,28749,-,1. EOT,SEIS,G3_MEDIO,PDET Catatumbo, ZOMAC,Alto,0.634365,-,-,Irradiado_Mayor que 20 - hasta 30,Mayor que 20 - hasta 30,1,54720.0,Norte de Santander,SAN JOSÉ DE CÚCUTA,1.936088,A2. Mayor que 1 y menor que 2 horas,71.268333,Norte de Santander,SAN JOSÉ DE CÚCUTA,1.859293,A2. Mayor que 1 y menor que 2 horas,70.909755,Mediana propiedad,99787.20915802434,Mediana propiedad,1713.0,3,63272.050284,SI,-,
894,Polygon,54,743,SILOS,NORTE DE SANTANDER,54743,54743,Andina,5405,SUR OCCIDENTE,Rural disperso,-,7046,-,1. EOT,SEIS,G4_MEDIO_BAJO,No PDET,NO ZOMAC,Bajo,0.45376,-,-,Irradiado_Mayor que 15 - hasta 20,Mayor que 15 - hasta 20,1,54743.0,Norte de Santander,PAMPLONA,1.659182,A2. Mayor que 1 y menor que 2 horas,35.157569,Santander,BUCARAMANGA,3.202143,A4. Mayor que 3 y menor que 4 horas,68.363665,Mediana propiedad,9296.036443071125,Pequeña propiedad,1371.0,5,6875.33653,SI,-,
900,Polygon,54,800,TEORAMA,NORTE DE SANTANDER,54800,54800,Andina,5403,OCCIDENTE,Rural disperso,-,18587,-,1. EOT,SEIS,G1_ALTO,PDET Catatumbo, ZOMAC,Alto,0.784946,-,-,Irradiado_Mayor que 10 - hasta 15,Mayor que 10 - hasta 15,1,54800.0,Norte de Santander,OCAÑA,1.241143,A2. Mayor que 1 y menor que 2 horas,30.673506,Santander,BUCARAMANGA,6.397349,A7. Mayor que 6 y menor que 7 horas,226.958405,Mediana propiedad,15239.163377627829,Pequeña propiedad,1344.0,4,20575.25551,SI,-,
901,Polygon,54,810,TIBU,NORTE DE SANTANDER,54810,54810,Andina,5402,NORTE,Rural,-,61662,-,2. PBOT,SEIS,G3_MEDIO,PDET Catatumbo, ZOMAC,Alto,0.716559,-,-,Irradiado_Mayor que 15 - hasta 20,Mayor que 15 - hasta 20,1,54810.0,Norte de Santander,SAN JOSÉ DE CÚCUTA,3.953976,A4. Mayor que 3 y menor que 4 horas,114.566104,Norte de Santander,SAN JOSÉ DE CÚCUTA,3.87718,A4. Mayor que 3 y menor que 4 horas,114.207525,Mediana propiedad,175404.2906391405,Mediana propiedad,2735.0,3,96464.992293,SI,-,
902,Polygon,54,820,TOLEDO,NORTE DE SANTANDER,54820,54820,Andina,5406,SUR ORIENTE,Rural disperso,-,17560,-,1. EOT,SEIS,G3_MEDIO,No PDET,NO ZOMAC,Medio,0.649533,-,-,Irradiado_Mayor que 10 - hasta 15,Mayor que 10 - hasta 15,1,54820.0,Norte de Santander,PAMPLONA,1.643273,A2. Mayor que 1 y menor que 2 horas,35.494827,Norte de Santander,SAN JOSÉ DE CÚCUTA,3.729004,A4. Mayor que 3 y menor que 4 horas,107.221739,,,,,4,13308.374211,SI,-,
895,Polygon,54,871,VILLA CARO,NORTE DE SANTANDER,54871,54871,Andina,5401,CENTRO,Rural,-,5700,-,1. EOT,SEIS,C_CIUDADES,No PDET,NO ZOMAC,Medio Bajo,0.643123,-,-,Irradiado_Mayor que 15 - hasta 20,Mayor que 15 - hasta 20,1,54871.0,Norte de Santander,OCAÑA,3.64038,A4. Mayor que 3 y menor que 4 horas,82.903362,Norte de Santander,SAN JOSÉ DE CÚCUTA,3.638349,A4. Mayor que 3 y menor que 4 horas,76.737677,Mediana propiedad,22336.523025068782,Pequeña propiedad,529.0,4,26135.476775,SI,-,
896,Polygon,54,874,VILLA DEL ROSARIO,NORTE DE SANTANDER,54874,54874,Andina,5404,ORIENTAL,Ciudades y aglomeraciones,-,115364,-,3. POT,CUATRO,G2_MEDIO_ALTO,No PDET,NO ZOMAC,Medio,0.615385,-,-,Irradiado_Mayor que 80 - hasta 100,Mayor que 80 - hasta 100,1,54874.0,Norte de Santander,VILLA DEL ROSARIO,0.0,A1. Menos 1 hora,0.0,Norte de Santander,SAN JOSÉ DE CÚCUTA,0.53093,A1. Menos 1 hora,8.82254,Mediana propiedad,3777.134730662091,Pequeña propiedad,258.0,4,3800.872187,SI,-,
255,Polygon,63,1,ARMENIA,QUINDIO,63001,63001,Andina,6301,CAPITAL,Ciudades y aglomeraciones,si,307886,-,3. POT,UNO,G1_ALTO,No PDET,NO ZOMAC,Bajo,0.157219,2018,4.1.1,Irradiado_Mayor que 160 - hasta 180,Mayor que 160 - hasta 180,1,63001.0,Quindío,ARMENIA,0.0,A1. Menos 1 hora,0.0,Antioquia,ARMENIA,0.0375,A1. Menos 1 hora,0.2,Mediana propiedad,45.29277509338257,Mediana propiedad,8.0,1,51.940528,SI,-,
256,Polygon,63,111,BUENAVISTA,QUINDIO,63111,63111,Andina,6301,CAPITAL,Intermedio,-,3220,-,1. EOT,SEIS,G1_ALTO,No PDET,NO ZOMAC,Medio Bajo,0.507692,2018,4.2.1,Mayor que 80 - hasta 100,Mayor que 80 - hasta 100,0,63111.0,Quindío,CALARCÁ,0.867235,A1. Menos 1 hora,26.052186,Antioquia,ARMENIA,1.03947,A2. Mayor que 1 y menor que 2 horas,26.300714,Mediana propiedad,98.35298164769523,Pequeña propiedad,10.0,1,123.082742,SI,-,
257,Polygon,63,130,CALARCA,QUINDIO,63130,63130,Andina,6301,CAPITAL,Ciudades y aglomeraciones,-,75979,-,2. PBOT,CINCO,C_CIUDADES,No PDET,NO ZOMAC,Medio Bajo,0.360023,2018,4.1.1,Irradiado_Mayor que 80 - hasta 100,Mayor que 80 - hasta 100,1,63130.0,Quindío,CALARCÁ,0.0,A1. Menos 1 hora,0.0,Antioquia,ARMENIA,0.315293,A1. Menos 1 hora,6.31127,Pequeña propiedad,1898.851281392157,Pequeña propiedad,979.0,1,1452.984648,SI,-,
258,Polygon,63,190,CIRCASIA,QUINDIO,63190,63190,Andina,6304,NORTE,Ciudades y aglomeraciones,-,29500,-,1. EOT,SEIS,G5_BAJO,No PDET,NO ZOMAC,Bajo,0.201451,2018,4.2.1,Irradiado_Mayor que 100 - hasta 120,Mayor que 100 - hasta 120,1,63190.0,Quindío,ARMENIA,0.405096,A1. Menos 1 hora,12.012489,Antioquia,ARMENIA,0.442596,A1. Menos 1 hora,12.212489,Pequeña propiedad,208.2089455528185,Pequeña propiedad,153.0,1,243.213994,SI,-,
259,Polygon,63,212,CORDOBA,QUINDIO,63212,63212,Andina,6302,CORDILLERANOS,Intermedio,-,5888,-,1. EOT,SEIS,G2_MEDIO_ALTO,No PDET,NO ZOMAC,Medio Bajo,0.458763,2018,3.3.1,Irradiado_Mayor que 50 - hasta 60,Mayor que 50 - hasta 60,1,63212.0,Quindío,CALARCÁ,0.772135,A1. Menos 1 hora,24.252186,Antioquia,ARMENIA,0.944371,A1. Menos 1 hora,24.500714,Pequeña propiedad,66.18983239590716,Pequeña propiedad,52.0,1,90.522672,SI,-,
260,Polygon,63,272,FILANDIA,QUINDIO,63272,63272,Andina,6303,FRIA,Intermedio,-,12596,-,1. EOT,SEIS,G2_MEDIO_ALTO,No PDET,NO ZOMAC,Bajo,0.190324,2018,4.1.2,Irradiado_Mayor que 80 - hasta 100,Mayor que 80 - hasta 100,1,63272.0,Quindío,QUIMBAYA,0.64331,A1. Menos 1 hora,15.985281,Antioquia,ARMENIA,0.952049,A1. Menos 1 hora,29.419091,Pequeña propiedad,3413.471973849437,Pequeña propiedad,1470.0,2,3995.394924,SI,-,
261,Polygon,63,302,GENOVA,QUINDIO,63302,63302,Andina,6302,CORDILLERANOS,Rural,-,7726,-,1. EOT,SEIS,G3_MEDIO,No PDET, ZOMAC,Medio Bajo,0.518728,2018,3.2.1,Irradiado_Mayor que 50 - hasta 60,Mayor que 50 - hasta 60,1,63302.0,Quindío,LA TEBAIDA,1.571711,A2. Mayor que 1 y menor que 2 horas,51.024473,Antioquia,ARMENIA,1.849121,A2. Mayor que 1 y menor que 2 horas,49.704372,Pequeña propiedad,4216.941527042025,Pequeña propiedad,908.0,4,5591.480167,SI,-,
262,Polygon,63,401,LA TEBAIDA,QUINDIO,63401,63401,Andina,6305,VALLE,Ciudades y aglomeraciones,-,35010,-,2. PBOT,SEIS,G2_MEDIO_ALTO,No PDET,NO ZOMAC,Medio Bajo,0.418685,2018,4.2.2,Irradiado_Mayor que 120 - hasta 140,Mayor que 120 - hasta 140,1,63401.0,Quindío,LA TEBAIDA,0.0,A1. Menos 1 hora,0.0,Antioquia,ARMENIA,0.518007,A1. Menos 1 hora,17.037973,Mediana propiedad,1281.837424155745,Pequeña propiedad,478.0,1,2423.003239,SI,-,
263,Polygon,63,470,MONTENEGRO,QUINDIO,63470,63470,Andina,6305,VALLE,Intermedio,-,38240,-,2. PBOT,SEIS,G4_MEDIO_BAJO,No PDET,NO ZOMAC,Medio Bajo,0.225639,2018,4.2.1,Irradiado_Mayor que 100 - hasta 120,Mayor que 100 - hasta 120,1,63470.0,Quindío,MONTENEGRO,0.0,A1. Menos 1 hora,0.0,Antioquia,ARMENIA,0.317729,A1. Menos 1 hora,11.142641,Pequeña propiedad,2782.725559191449,Pequeña propiedad,1051.0,1,4416.344341,SI,-,
264,Polygon,63,548,PIJAO,QUINDIO,63548,63548,Andina,6302,CORDILLERANOS,Rural,-,5439,-,1. EOT,SEIS,G4_MEDIO_BAJO,No PDET, ZOMAC,Medio,0.477778,2018,4.2.1,Mayor que 80 - hasta 100,Mayor que 80 - hasta 100,0,63548.0,Quindío,CALARCÁ,1.006891,A2. Mayor que 1 y menor que 2 horas,27.935029,Antioquia,ARMENIA,1.179126,A2. Mayor que 1 y menor que 2 horas,28.183557,Mediana propiedad,20.67366836394168,Pequeña propiedad,7.0,1,22.370443,SI,-,
265,Polygon,63,594,QUIMBAYA,QUINDIO,63594,63594,Andina,6305,VALLE,Intermedio,-,31844,-,2. PBOT,SEIS,G4_MEDIO_BAJO,No PDET,NO ZOMAC,Medio Bajo,0.267655,2018,4.1.2,Irradiado_Mayor que 100 - hasta 120,Mayor que 100 - hasta 120,1,63594.0,Quindío,QUIMBAYA,0.0,A1. Menos 1 hora,0.0,Antioquia,ARMENIA,0.526329,A1. Menos 1 hora,21.209545,Pequeña propiedad,1431.472842313065,Pequeña propiedad,509.0,2,1912.613534,SI,-,
266,Polygon,63,690,SALENTO,QUINDIO,63690,63690,Andina,6303,FRIA,Rural,-,9748,-,1. EOT,SEIS,G2_MEDIO_ALTO,No PDET, ZOMAC,Medio Bajo,0.339115,2018,4.1.2,Irradiado_Mayor que 100 - hasta 120,Mayor que 100 - hasta 120,1,63690.0,Quindío,ARMENIA,0.675919,A1. Menos 1 hora,22.283557,Antioquia,ARMENIA,0.713419,A1. Menos 1 hora,22.483557,Pequeña propiedad,123.6817852105704,Pequeña propiedad,203.0,1,133.405767,SI,-,
267,Polygon,66,1,PEREIRA,RISARALDA,66001,66001,Andina,6601,UNO - VERTIENTE ORIENTAL,Ciudades y aglomeraciones,si,481768,-,3. POT,UNO,G3_MEDIO,No PDET,NO ZOMAC,Medio Bajo,0.288421,-,-,Irradiado_Mayor que 180 - hasta 200,Mayor que 180 - hasta 200,1,66001.0,Risaralda,PEREIRA,0.0,A1. Menos 1 hora,0.0,Risaralda,PEREIRA,0.0,A1. Menos 1 hora,0.0,Pequeña propiedad,19874.148562022212,Pequeña propiedad,9449.0,3,21010.200651,SI,-,
268,Polygon,66,45,APIA,RISARALDA,66045,66045,Andina,6602,DOS - VERTIENTE OCCIDENTAL,Intermedio,-,12613,-,1. EOT,SEIS,G1_ALTO,No PDET,NO ZOMAC,Medio Bajo,0.349743,-,-,Irradiado_Mayor que 30 - hasta 40,Mayor que 30 - hasta 40,1,66045.0,Risaralda,LA VIRGINIA,0.700401,A1. Menos 1 hora,30.780613,Risaralda,PEREIRA,1.547435,A2. Mayor que 1 y menor que 2 horas,64.141125,Pequeña propiedad,7844.998660744983,Pequeña propiedad,2308.0,4,11356.300034,SI,-,
269,Polygon,66,75,BALBOA,RISARALDA,66075,66075,Andina,6602,DOS - VERTIENTE OCCIDENTAL,Rural disperso,-,6510,-,1. EOT,SEIS,G3_MEDIO,No PDET, ZOMAC,Medio Bajo,0.326121,-,-,Irradiado_Mayor que 20 - hasta 30,Mayor que 20 - hasta 30,1,66075.0,Risaralda,LA VIRGINIA,0.441835,A1. Menos 1 hora,14.968124,Risaralda,PEREIRA,1.288869,A2. Mayor que 1 y menor que 2 horas,48.328636,Pequeña propiedad,5236.681151741272,Pequeña propiedad,1041.0,4,4869.243997,SI,-,
270,Polygon,66,88,BELEN DE UMBRIA,RISARALDA,66088,66088,Andina,6602,DOS - VERTIENTE OCCIDENTAL,Intermedio,-,25276,-,1. EOT,SEIS,G4_MEDIO_BAJO,No PDET,NO ZOMAC,Bajo,0.393867,-,-,Irradiado_Mayor que 40 - hasta 50,Mayor que 40 - hasta 50,1,66088.0,Risaralda,LA VIRGINIA,1.082735,A2. Mayor que 1 y menor que 2 horas,40.211984,Risaralda,PEREIRA,1.871399,A2. Mayor que 1 y menor que 2 horas,70.602648,Pequeña propiedad,10631.15116091184,Pequeña propiedad,3443.0,4,8815.609518,SI,-,
271,Polygon,66,170,DOSQUEBRADAS,RISARALDA,66170,66170,Andina,6601,UNO - VERTIENTE ORIENTAL,Ciudades y aglomeraciones,-,225540,-,3. POT,DOS,G1_ALTO,No PDET,NO ZOMAC,Bajo,0.328067,-,-,Irradiado_Mayor que 100 - hasta 120,Mayor que 100 - hasta 120,1,66170.0,Risaralda,DOSQUEBRADAS,0.0,A1. Menos 1 hora,0.0,Risaralda,PEREIRA,0.14895,A1. Menos 1 hora,3.497056,Pequeña propiedad,4592.100160772555,Pequeña propiedad,2286.0,4,3220.930287,SI,-,
272,Polygon,66,318,GUATICA,RISARALDA,66318,66318,Andina,6602,DOS - VERTIENTE OCCIDENTAL,Intermedio,-,12423,-,1. EOT,SEIS,G4_MEDIO_BAJO,No PDET,NO ZOMAC,Medio Bajo,0.52193,-,-,Irradiado_Mayor que 20 - hasta 30,Mayor que 20 - hasta 30,1,66318.0,Risaralda,LA VIRGINIA,1.536258,A2. Mayor que 1 y menor que 2 horas,55.551681,Caldas,MANIZALES,2.186029,A3. Mayor que 2 y menor que 3 horas,77.343564,Pequeña propiedad,7285.844400584535,Pequeña propiedad,3217.0,4,5446.159006,SI,-,
273,Polygon,66,383,LA CELIA,RISARALDA,66383,66383,Andina,6602,DOS - VERTIENTE OCCIDENTAL,Intermedio,-,7642,-,1. EOT,SEIS,G3_MEDIO,No PDET,NO ZOMAC,Medio Bajo,0.359322,-,-,Irradiado_Mayor que 20 - hasta 30,Mayor que 20 - hasta 30,1,66383.0,Risaralda,LA VIRGINIA,0.831022,A1. Menos 1 hora,23.917872,Risaralda,PEREIRA,1.678056,A2. Mayor que 1 y menor que 2 horas,57.278384,Pequeña propiedad,5612.405758623767,Pequeña propiedad,1203.0,4,7902.561927,SI,-,
274,Polygon,66,400,LA VIRGINIA,RISARALDA,66400,66400,Andina,6601,UNO - VERTIENTE ORIENTAL,Intermedio,-,28488,-,1. EOT,SEIS,G3_MEDIO,No PDET,NO ZOMAC,Medio Bajo,0.808442,-,-,Irradiado_Mayor que 80 - hasta 100,Mayor que 80 - hasta 100,1,66400.0,Risaralda,LA VIRGINIA,0.0,A1. Menos 1 hora,0.0,Risaralda,PEREIRA,0.92209,A1. Menos 1 hora,32.67767,Mediana propiedad,1740.3889214645665,Pequeña propiedad,115.0,3,2135.194779,SI,-,
275,Polygon,66,440,MARSELLA,RISARALDA,66440,66440,Andina,6601,UNO - VERTIENTE ORIENTAL,Intermedio,-,17208,-,1. EOT,SEIS,G2_MEDIO_ALTO,No PDET,NO ZOMAC,Bajo,0.488235,-,-,Irradiado_Mayor que 50 - hasta 60,Mayor que 50 - hasta 60,1,66440.0,Caldas,CHINCHINÁ,0.865947,A1. Menos 1 hora,22.417872,Risaralda,PEREIRA,0.965265,A1. Menos 1 hora,25.410765,Pequeña propiedad,7110.227874923168,Pequeña propiedad,2016.0,4,7670.482565,SI,-,
276,Polygon,66,456,MISTRATO,RISARALDA,66456,66456,Andina,6603,TRES - VERTIENTE DEL PACIFICO,Rural disperso,-,17527,-,1. EOT,SEIS,G1_ALTO,No PDET, ZOMAC,Medio,0.459744,-,-,Irradiado_Mayor que 10 - hasta 15,Mayor que 10 - hasta 15,1,66456.0,Risaralda,LA VIRGINIA,1.49862,A2. Mayor que 1 y menor que 2 horas,57.365895,Risaralda,PEREIRA,2.287284,A3. Mayor que 2 y menor que 3 horas,87.756558,Mediana propiedad,3992.2520780402756,Pequeña propiedad,1579.0,4,8136.355199,SI,-,
277,Polygon,66,572,PUEBLO RICO,RISARALDA,66572,66572,Andina,6603,TRES - VERTIENTE DEL PACIFICO,Rural disperso,-,16753,-,1. EOT,SEIS,G3_MEDIO,No PDET, ZOMAC,Alto,0.41809,-,-,Irradiado_Mayor que 20 - hasta 30,Mayor que 20 - hasta 30,1,66572.0,Risaralda,LA VIRGINIA,1.401196,A2. Mayor que 1 y menor que 2 horas,50.477164,Risaralda,PEREIRA,2.24823,A3. Mayor que 2 y menor que 3 horas,83.837677,Mediana propiedad,1291.2008395938353,Mediana propiedad,21.0,4,1468.08842,SI,-,
278,Polygon,66,594,QUINCHIA,RISARALDA,66594,66594,Andina,6602,DOS - VERTIENTE OCCIDENTAL,Intermedio,-,27890,-,1. EOT,SEIS,G2_MEDIO_ALTO,No PDET, ZOMAC,Medio Bajo,0.720758,-,-,Irradiado_Mayor que 20 - hasta 30,Mayor que 20 - hasta 30,1,66594.0,Caldas,CHINCHINÁ,1.665534,A2. Mayor que 1 y menor que 2 horas,60.129856,Caldas,MANIZALES,1.834225,A2. Mayor que 1 y menor que 2 horas,66.19676,Pequeña propiedad,11023.814679934549,Pequeña propiedad,6029.0,4,10980.852362,SI,-,
279,Polygon,66,682,SANTA ROSA DE CABAL,RISARALDA,66682,66682,Andina,6601,UNO - VERTIENTE ORIENTAL,Ciudades y aglomeraciones,-,79840,-,2. PBOT,CINCO,G2_MEDIO_ALTO,No PDET,NO ZOMAC,Bajo,0.500425,-,-,Irradiado_Mayor que 100 - hasta 120,Mayor que 100 - hasta 120,1,66682.0,Risaralda,SANTA ROSA DE CABAL,0.0,A1. Menos 1 hora,0.0,Risaralda,PEREIRA,0.344905,A1. Menos 1 hora,13.302439,Mediana propiedad,14194.573516806136,Pequeña propiedad,3336.0,4,25055.373709,SI,-,
280,Polygon,66,687,SANTUARIO,RISARALDA,66687,66687,Andina,6602,DOS - VERTIENTE OCCIDENTAL,Intermedio,-,12826,-,1. EOT,SEIS,G4_MEDIO_BAJO,No PDET,NO ZOMAC,Medio,0.392344,-,-,Irradiado_Mayor que 40 - hasta 50,Mayor que 40 - hasta 50,1,66687.0,Risaralda,LA VIRGINIA,0.623717,A1. Menos 1 hora,25.97645,Risaralda,PEREIRA,1.470751,A2. Mayor que 1 y menor que 2 horas,59.336962,Pequeña propiedad,7608.605078649097,Pequeña propiedad,1699.0,4,10339.530907,SI,-,
1057,Polygon,68,1,BUCARAMANGA,SANTANDER,68001,68001,Andina,6805,SOTO,Ciudades y aglomeraciones,si,614860,-,3. POT,ESPECIAL,G4_MEDIO_BAJO,No PDET,NO ZOMAC,Medio Bajo,0.52533,-,-,Irradiado_Mayor que 160 - hasta 180,Mayor que 160 - hasta 180,1,68001.0,Santander,BUCARAMANGA,0.0,A1. Menos 1 hora,0.0,Santander,BUCARAMANGA,0.0,A1. Menos 1 hora,0.0,Pequeña propiedad,4498.0059969273925,Pequeña propiedad,1182.0,4,6976.436388,SI,-,
971,Polygon,68,13,AGUADA,SANTANDER,68013,68013,Andina,6806,VELEZ,Rural disperso,-,1938,-,1. EOT,SEIS,G4_MEDIO_BAJO,No PDET,NO ZOMAC,Bajo,0.784268,-,-,Irradiado_Mayor que 30 - hasta 40,Mayor que 30 - hasta 40,1,68013.0,Santander,BARBOSA,1.74777,A2. Mayor que 1 y menor que 2 horas,39.393102,Boyacá,TUNJA,4.326361,A5. Mayor que 4 y menor que 5 horas,106.562655,Pequeña propiedad,5052.344520725188,Pequeña propiedad,1213.0,3,3761.993513,SI,-,
972,Polygon,68,20,ALBANIA,SANTANDER,68020,68020,Andina,6806,VELEZ,Rural disperso,-,4263,-,1. EOT,SEIS,G4_MEDIO_BAJO,No PDET,NO ZOMAC,Bajo,0.715343,-,-,Irradiado_Mayor que 40 - hasta 50,Mayor que 40 - hasta 50,1,68020.0,Boyacá,CHIQUINQUIRÁ,1.778001,A2. Mayor que 1 y menor que 2 horas,41.741631,Boyacá,TUNJA,3.78565,A4. Mayor que 3 y menor que 4 horas,113.663874,Pequeña propiedad,11889.989535727296,Pequeña propiedad,2756.0,3,9075.998737,SI,-,
973,Polygon,68,51,ARATOCA,SANTANDER,68051,68051,Andina,6803,GUANENTA,Rural disperso,-,8678,-,1. EOT,SEIS,G1_ALTO,No PDET,NO ZOMAC,Bajo,0.39311,-,-,Irradiado_Mayor que 70 - hasta 80,Mayor que 70 - hasta 80,1,68051.0,Santander,SAN GIL,0.906059,A1. Menos 1 hora,25.139192,Santander,BUCARAMANGA,1.993408,A2. Mayor que 1 y menor que 2 horas,61.76539,"Gran propiedad, latifundios",6366.502067934868,Pequeña propiedad,1320.0,4,11769.778534,SI,-,
974,Polygon,68,77,BARBOSA,SANTANDER,68077,68077,Andina,6806,VELEZ,Intermedio,-,32861,-,2. PBOT,SEIS,G3_MEDIO,No PDET,NO ZOMAC,Bajo,0.392891,-,-,Irradiado_Mayor que 70 - hasta 80,Mayor que 70 - hasta 80,1,68077.0,Santander,BARBOSA,0.0,A1. Menos 1 hora,0.0,Boyacá,TUNJA,2.59815,A3. Mayor que 2 y menor que 3 horas,67.818081,Pequeña propiedad,3630.205740956191,Pequeña propiedad,1956.0,3,2442.418288,SI,-,
975,Polygon,68,79,BARICHARA,SANTANDER,68079,68079,Andina,6803,GUANENTA,Intermedio,-,11092,-,1. EOT,SEIS,G3_MEDIO,No PDET,NO ZOMAC,Bajo,0.192373,-,-,Irradiado_Mayor que 100 - hasta 120,Mayor que 100 - hasta 120,1,68079.0,Santander,SAN GIL,0.926737,A1. Menos 1 hora,18.299495,Santander,BUCARAMANGA,3.483556,A4. Mayor que 3 y menor que 4 horas,92.446003,Pequeña propiedad,7969.688894017584,Pequeña propiedad,3122.0,2,5800.826551,SI,-,
976,Polygon,68,81,BARRANCABERMEJA,SANTANDER,68081,68081,Andina,6804,MARES,Ciudades y aglomeraciones,-,214571,-,3. POT,UNO,G1_ALTO,No PDET,NO ZOMAC,Medio,0.557901,2024,3.2.1,Irradiado_Mayor que 80 - hasta 100,Mayor que 80 - hasta 100,1,68081.0,Santander,BARRANCABERMEJA,0.0,A1. Menos 1 hora,0.0,Santander,BUCARAMANGA,3.367109,A4. Mayor que 3 y menor que 4 horas,110.860216,Mediana propiedad,60105.403151186154,Mediana propiedad,945.0,3,64968.373682,SI,-,
977,Polygon,68,92,BETULIA,SANTANDER,68092,68092,Andina,6804,MARES,Rural disperso,-,6241,-,1. EOT,SEIS,G5_BAJO,No PDET,NO ZOMAC,Bajo,0.200412,-,-,Irradiado_Mayor que 40 - hasta 50,Mayor que 40 - hasta 50,1,68092.0,Santander,PIEDECUESTA,3.463546,A4. Mayor que 3 y menor que 4 horas,59.678384,Santander,BUCARAMANGA,3.986512,A4. Mayor que 3 y menor que 4 horas,75.222244,Mediana propiedad,25885.06408195236,Pequeña propiedad,774.0,4,20520.565261,SI,-,
1054,Polygon,68,101,BOLIVAR,SANTANDER,68101,68101,Andina,6806,VELEZ,Rural disperso,-,11803,-,1. EOT,SEIS,G2_MEDIO_ALTO,No PDET, ZOMAC,Medio Bajo,0.862635,-,-,Irradiado_Mayor que 50 - hasta 60,Mayor que 50 - hasta 60,1,68101.0,Santander,BARBOSA,0.789122,A1. Menos 1 hora,22.945079,Boyacá,TUNJA,3.351503,A4. Mayor que 3 y menor que 4 horas,89.656053,Mediana propiedad,28070.032932924958,Pequeña propiedad,5159.0,3,34189.7782,SI,-,
978,Polygon,68,121,CABRERA,SANTANDER,68121,68121,Andina,6803,GUANENTA,Rural disperso,-,2022,-,1. EOT,SEIS,G4_MEDIO_BAJO,No PDET,NO ZOMAC,Bajo,0.434737,-,-,Irradiado_Mayor que 30 - hasta 40,Mayor que 30 - hasta 40,1,68121.0,Santander,SAN GIL,0.86055,A1. Menos 1 hora,19.609545,Santander,BUCARAMANGA,3.728259,A4. Mayor que 3 y menor que 4 horas,106.314127,Pequeña propiedad,3517.145049924101,Pequeña propiedad,789.0,3,5371.77779,SI,-,
979,Polygon,68,132,CALIFORNIA,SANTANDER,68132,68132,Andina,6805,SOTO,Rural,-,2246,-,1. EOT,SEIS,G2_MEDIO_ALTO,No PDET,NO ZOMAC,Bajo,0.545045,-,-,Irradiado_Mayor que 20 - hasta 30,Mayor que 20 - hasta 30,1,68132.0,Norte de Santander,PAMPLONA,2.929394,A3. Mayor que 2 y menor que 3 horas,65.525188,Santander,BUCARAMANGA,3.189557,A4. Mayor que 3 y menor que 4 horas,48.614423,Mediana propiedad,2029.6503740634616,Pequeña propiedad,307.0,4,2821.113319,SI,-,
980,Polygon,68,147,CAPITANEJO,SANTANDER,68147,68147,Andina,6802,GARCIA ROVIRA,Intermedio,-,5687,-,1. EOT,SEIS,G1_ALTO,No PDET,NO ZOMAC,Bajo,0.670896,-,-,Irradiado_Mayor que 40 - hasta 50,Mayor que 40 - hasta 50,1,68147.0,Boyacá,DUITAMA,3.757306,A4. Mayor que 3 y menor que 4 horas,120.809459,Santander,BUCARAMANGA,4.823613,A5. Mayor que 4 y menor que 5 horas,140.030274,Pequeña propiedad,3858.0122732655027,Pequeña propiedad,1171.0,4,4493.144216,SI,-,
981,Polygon,68,152,CARCASI,SANTANDER,68152,68152,Andina,6802,GARCIA ROVIRA,Rural disperso,-,4427,-,1. EOT,SEIS,G1_ALTO,No PDET,NO ZOMAC,Bajo,0.664343,-,-,Irradiado_Mayor que 20 - hasta 30,Mayor que 20 - hasta 30,1,68152.0,Norte de Santander,PAMPLONA,5.00479, ,121.355548,Santander,BUCARAMANGA,5.638718,A6. Mayor que 5 y menor que 6 horas,140.913117,Pequeña propiedad,9617.266778962741,Pequeña propiedad,2484.0,3,7751.013126,SI,-,
982,Polygon,68,160,CEPITA,SANTANDER,68160,68160,Andina,6802,GARCIA ROVIRA,Rural disperso,-,2100,-,1. EOT,SEIS,G1_ALTO,No PDET,NO ZOMAC,Bajo,0.842043,-,-,Irradiado_Mayor que 20 - hasta 30,Mayor que 20 - hasta 30,1,68160.0,Santander,PIEDECUESTA,1.228604,A2. Mayor que 1 y menor que 2 horas,39.937468,Santander,BUCARAMANGA,1.768332,A2. Mayor que 1 y menor que 2 horas,56.447013,"Gran propiedad, latifundios",4547.394138784257,Pequeña propiedad,724.0,4,9835.630227,SI,-,
983,Polygon,68,162,CERRITO,SANTANDER,68162,68162,Andina,6802,GARCIA ROVIRA,Rural,-,7062,-,1. EOT,SEIS,G2_MEDIO_ALTO,No PDET,NO ZOMAC,Bajo,0.312393,-,-,Irradiado_Mayor que 40 - hasta 50,Mayor que 40 - hasta 50,1,68162.0,Norte de Santander,PAMPLONA,2.676349,A3. Mayor que 2 y menor que 3 horas,86.660721,Santander,BUCARAMANGA,4.672301,A5. Mayor que 4 y menor que 5 horas,135.146212,Mediana propiedad,7006.048441952042,Pequeña propiedad,1181.0,3,8064.93675,SI,-,
984,Polygon,68,167,CHARALA,SANTANDER,68167,68167,Andina,6803,GUANENTA,Rural,-,12734,-,1. EOT,SEIS,G3_MEDIO,No PDET,NO ZOMAC,Bajo,0.407806,-,-,Irradiado_Mayor que 40 - hasta 50,Mayor que 40 - hasta 50,1,68167.0,Santander,SAN GIL,1.426036,A2. Mayor que 1 y menor que 2 horas,36.901934,Santander,BUCARAMANGA,4.253794,A5. Mayor que 4 y menor que 5 horas,121.733723,Mediana propiedad,15006.142938652141,Pequeña propiedad,3551.0,3,16677.86491,SI,-,
985,Polygon,68,169,CHARTA,SANTANDER,68169,68169,Andina,6805,SOTO,Rural disperso,-,3007,-,1. EOT,SEIS,G3_MEDIO,No PDET, ZOMAC,Bajo,0.13614,-,-,Irradiado_Mayor que 20 - hasta 30,Mayor que 20 - hasta 30,1,68169.0,Santander,BUCARAMANGA,2.874549,A3. Mayor que 2 y menor que 3 horas,36.733304,Santander,BUCARAMANGA,2.853373,A3. Mayor que 2 y menor que 3 horas,37.433304,Pequeña propiedad,6669.697844169519,Pequeña propiedad,1224.0,4,6654.319758,SI,-,
986,Polygon,68,176,CHIMA,SANTANDER,68176,68176,Andina,6801,COMUNERA,Rural disperso,-,2977,-,1. EOT,SEIS,,No PDET,NO ZOMAC,Medio Bajo,0.476116,-,-,Irradiado_Mayor que 20 - hasta 30,Mayor que 20 - hasta 30,1,68176.0,Santander,SOCORRO,1.157597,A2. Mayor que 1 y menor que 2 horas,26.697771,Santander,BUCARAMANGA,4.727099,A5. Mayor que 4 y menor que 5 horas,134.174639,Mediana propiedad,7227.994600837918,Pequeña propiedad,1064.0,4,10680.053773,SI,-,
987,Polygon,68,179,CHIPATA,SANTANDER,68179,68179,Andina,6806,VELEZ,Rural,-,5309,-,1. EOT,SEIS,G3_MEDIO,No PDET,NO ZOMAC,Bajo,0.648521,-,-,Irradiado_Mayor que 60 - hasta 70,Mayor que 60 - hasta 70,1,68179.0,Santander,BARBOSA,0.805705,A1. Menos 1 hora,23.927922,Boyacá,TUNJA,3.368086,A4. Mayor que 3 y menor que 4 horas,90.638896,Pequeña propiedad,8249.019835514038,Pequeña propiedad,3879.0,2,3933.487633,SI,-,
988,Polygon,68,190,CIMITARRA,SANTANDER,68190,68190,Andina,6806,VELEZ,Rural,-,35464,-,2. PBOT,SEIS,G2_MEDIO_ALTO,No PDET,NO ZOMAC,Medio Bajo,0.546534,-,-,Irradiado_Mayor que 50 - hasta 60,Mayor que 50 - hasta 60,1,68190.0,Antioquia,PUERTO BERRÍO,1.577788,A2. Mayor que 1 y menor que 2 horas,72.70803,Santander,BUCARAMANGA,4.582138,A5. Mayor que 4 y menor que 5 horas,197.430692,Mediana propiedad,154642.72858735474,Mediana propiedad,2267.0,3,205662.31762,SI,-,
989,Polygon,68,207,CONCEPCION,SANTANDER,68207,68207,Andina,6802,GARCIA ROVIRA,Rural,-,6016,-,1. EOT,SEIS,G1_ALTO,No PDET,NO ZOMAC,Medio Bajo,0.377358,-,-,Irradiado_Mayor que 30 - hasta 40,Mayor que 30 - hasta 40,1,68207.0,Norte de Santander,PAMPLONA,3.02884,A4. Mayor que 3 y menor que 4 horas,95.796255,Santander,BUCARAMANGA,4.321706,A5. Mayor que 4 y menor que 5 horas,125.644993,Pequeña propiedad,7406.305768661287,Pequeña propiedad,2060.0,3,8061.572831,SI,-,
990,Polygon,68,209,CONFINES,SANTANDER,68209,68209,Andina,6801,COMUNERA,Rural disperso,-,3235,-,1. EOT,SEIS,G2_MEDIO_ALTO,No PDET,NO ZOMAC,Bajo,0.277733,-,-,Irradiado_Mayor que 40 - hasta 50,Mayor que 40 - hasta 50,1,68209.0,Santander,SOCORRO,0.736104,A1. Menos 1 hora,15.605382,Santander,BUCARAMANGA,4.305606,A5. Mayor que 4 y menor que 5 horas,123.082251,Pequeña propiedad,4720.75841156338,Pequeña propiedad,1079.0,3,2182.02713,SI,-,
1034,Polygon,68,211,CONTRATACION,SANTANDER,68211,68211,Andina,6801,COMUNERA,Rural,-,3834,-,1. EOT,SEIS,G4_MEDIO_BAJO,No PDET,NO ZOMAC,Bajo,0.217011,-,-,Irradiado_Mayor que 20 - hasta 30,Mayor que 20 - hasta 30,1,68211.0,Santander,SOCORRO,2.422072,A3. Mayor que 2 y menor que 3 horas,42.490159,Boyacá,TUNJA,5.656088,A6. Mayor que 5 y menor que 6 horas,146.855757,Mediana propiedad,4741.519800227912,Pequeña propiedad,1001.0,4,9038.894591,SI,-,
1035,Polygon,68,217,COROMORO,SANTANDER,68217,68217,Andina,6803,GUANENTA,Rural disperso,-,5250,-,1. EOT,SEIS,G5_BAJO,No PDET,NO ZOMAC,Bajo,0.46957,-,-,Irradiado_Mayor que 30 - hasta 40,Mayor que 30 - hasta 40,1,68217.0,Santander,SAN GIL,2.712173,A3. Mayor que 2 y menor que 3 horas,48.848737,Santander,BUCARAMANGA,5.539931,A6. Mayor que 5 y menor que 6 horas,133.680527,Mediana propiedad,17411.503093112016,Pequeña propiedad,2980.0,4,24491.146268,SI,-,
1036,Polygon,68,229,CURITI,SANTANDER,68229,68229,Andina,6803,GUANENTA,Intermedio,-,13227,-,1. EOT,SEIS,G2_MEDIO_ALTO,No PDET,NO ZOMAC,Bajo,0.353314,-,-,Irradiado_Mayor que 70 - hasta 80,Mayor que 70 - hasta 80,1,68229.0,Santander,SAN GIL,0.48953,A1. Menos 1 hora,12.236753,Santander,BUCARAMANGA,2.571702,A3. Mayor que 2 y menor que 3 horas,76.374935,Mediana propiedad,11260.208311385713,Pequeña propiedad,2567.0,3,10539.824784,SI,-,
1037,Polygon,68,235,EL CARMEN DE CHUCURI,SANTANDER,68235,68235,Andina,6804,MARES,Rural disperso,-,22419,-,1. EOT,SEIS,G2_MEDIO_ALTO,No PDET,NO ZOMAC,Medio Bajo,0.484699,2024,3.3.1,Mayor que 40 - hasta 50,Mayor que 40 - hasta 50,0,68235.0,Santander,BARRANCABERMEJA,3.073632,A4. Mayor que 3 y menor que 4 horas,76.556558,Santander,BUCARAMANGA,4.997926,A5. Mayor que 4 y menor que 5 horas,152.747431,Mediana propiedad,763.5909485345616,Pequeña propiedad,99.0,1,1222.581369,SI,-,
1038,Polygon,68,245,EL GUACAMAYO,SANTANDER,68245,68245,Andina,6801,COMUNERA,Rural disperso,-,2266,-,1. EOT,SEIS,G1_ALTO,No PDET,NO ZOMAC,Bajo,0.781356,-,-,Irradiado_Mayor que 30 - hasta 40,Mayor que 30 - hasta 40,1,68245.0,Santander,SOCORRO,2.658482,A3. Mayor que 2 y menor que 3 horas,49.757063,Boyacá,TUNJA,5.503744,A6. Mayor que 5 y menor que 6 horas,128.055043,Mediana propiedad,5744.058754206472,Pequeña propiedad,972.0,4,5251.204989,SI,-,
1055,Polygon,68,250,EL PEÑON,SANTANDER,68250,68250,Andina,6806,VELEZ,Rural disperso,-,5350,-,1. EOT,SEIS,G4_MEDIO_BAJO,No PDET,NO ZOMAC,Medio,0.723189,-,-,Irradiado_Mayor que 30 - hasta 40,Mayor que 30 - hasta 40,1,68250.0,Santander,BARBOSA,1.272186,A2. Mayor que 1 y menor que 2 horas,34.019091,Boyacá,TUNJA,3.834567,A4. Mayor que 3 y menor que 4 horas,100.730065,"Gran propiedad, latifundios",12458.503858045404,Pequeña propiedad,1778.0,4,26355.448753,SI,-,
1039,Polygon,68,255,EL PLAYON,SANTANDER,68255,68255,Andina,6805,SOTO,Rural,-,14107,-,1. EOT,SEIS,G3_MEDIO,No PDET, ZOMAC,Medio Bajo,0.70111,-,-,Irradiado_Mayor que 30 - hasta 40,Mayor que 30 - hasta 40,1,68255.0,Santander,BUCARAMANGA,1.641252,A2. Mayor que 1 y menor que 2 horas,47.971782,Santander,BUCARAMANGA,1.620076,A2. Mayor que 1 y menor que 2 horas,48.671782,Mediana propiedad,30719.93919664427,Pequeña propiedad,1265.0,4,30338.948721,SI,-,
1040,Polygon,68,264,ENCINO,SANTANDER,68264,68264,Andina,6803,GUANENTA,Rural disperso,-,2717,-,1. EOT,SEIS,G1_ALTO,No PDET,NO ZOMAC,Bajo,0.49309,-,-,Irradiado_Mayor que 30 - hasta 40,Mayor que 30 - hasta 40,1,68264.0,Santander,SAN GIL,2.47941,A3. Mayor que 2 y menor que 3 horas,63.861227,Boyacá,TUNJA,4.413481,A5. Mayor que 4 y menor que 5 horas,106.659711,Mediana propiedad,9453.47250501526,Pequeña propiedad,1743.0,3,12715.96808,SI,-,
1041,Polygon,68,266,ENCISO,SANTANDER,68266,68266,Andina,6802,GARCIA ROVIRA,Rural disperso,-,3629,-,1. EOT,SEIS,G5_BAJO,No PDET,NO ZOMAC,Bajo,0.427599,-,-,Irradiado_Mayor que 30 - hasta 40,Mayor que 30 - hasta 40,1,68266.0,Norte de Santander,PAMPLONA,3.844617,A4. Mayor que 3 y menor que 4 horas,108.304581,Santander,BUCARAMANGA,4.415884,A5. Mayor que 4 y menor que 5 horas,120.799408,Pequeña propiedad,5145.524932167088,Pequeña propiedad,1543.0,3,2850.796427,SI,-,
1042,Polygon,68,271,FLORIAN,SANTANDER,68271,68271,Andina,6806,VELEZ,Rural disperso,-,6021,-,1. EOT,SEIS,G1_ALTO,No PDET,NO ZOMAC,Bajo,0.593939,-,-,Irradiado_Mayor que 40 - hasta 50,Mayor que 40 - hasta 50,1,68271.0,Boyacá,CHIQUINQUIRÁ,2.174928,A3. Mayor que 2 y menor que 3 horas,49.791378,Boyacá,TUNJA,3.992868,A4. Mayor que 3 y menor que 4 horas,111.525397,Pequeña propiedad,10228.546277838279,Pequeña propiedad,1684.0,4,6806.504089,SI,-,
1053,Polygon,68,276,FLORIDABLANCA,SANTANDER,68276,68276,Andina,6805,SOTO,Ciudades y aglomeraciones,-,336155,-,3. POT,UNO,G3_MEDIO,No PDET,NO ZOMAC,Bajo,0.220008,-,-,Irradiado_Mayor que 100 - hasta 120,Mayor que 100 - hasta 120,1,68276.0,Santander,FLORIDABLANCA,0.0,A1. Menos 1 hora,0.0,Santander,BUCARAMANGA,0.363566,A1. Menos 1 hora,6.628427,Pequeña propiedad,4479.257480307058,Pequeña propiedad,2117.0,3,2748.776872,SI,-,
1043,Polygon,68,296,GALAN,SANTANDER,68296,68296,Andina,6801,COMUNERA,Rural disperso,-,3005,-,1. EOT,SEIS,G3_MEDIO,No PDET,NO ZOMAC,Bajo,0.411342,-,-,Irradiado_Mayor que 40 - hasta 50,Mayor que 40 - hasta 50,1,68296.0,Santander,SOCORRO,1.54725,A2. Mayor que 1 y menor que 2 horas,27.369343,Santander,BUCARAMANGA,4.401523,A5. Mayor que 4 y menor que 5 horas,106.534228,Mediana propiedad,11912.175208097602,Pequeña propiedad,1131.0,4,11984.121744,SI,-,
1044,Polygon,68,298,GAMBITA,SANTANDER,68298,68298,Andina,6801,COMUNERA,Rural disperso,-,4190,-,1. EOT,SEIS,G3_MEDIO,No PDET,NO ZOMAC,Bajo,0.786404,-,-,Irradiado_Mayor que 20 - hasta 30,Mayor que 20 - hasta 30,1,68298.0,Santander,BARBOSA,2.047482,A3. Mayor que 2 y menor que 3 horas,53.257063,Boyacá,TUNJA,2.446772,A3. Mayor que 2 y menor que 3 horas,65.182547,Mediana propiedad,29263.90966041253,Pequeña propiedad,2263.0,3,20908.352105,SI,-,
1052,Polygon,68,307,GIRON,SANTANDER,68307,68307,Andina,6805,SOTO,Ciudades y aglomeraciones,-,174465,-,3. POT,DOS,G3_MEDIO,No PDET,NO ZOMAC,Bajo,0.235939,-,-,Irradiado_Mayor que 140 - hasta 160,Mayor que 140 - hasta 160,1,68307.0,Santander,GIRÓN,0.0,A1. Menos 1 hora,0.0,Santander,BUCARAMANGA,0.473881,A1. Menos 1 hora,10.484062,Mediana propiedad,22302.06079140126,Pequeña propiedad,3421.0,3,15254.878882,SI,-,
1045,Polygon,68,318,GUACA,SANTANDER,68318,68318,Andina,6802,GARCIA ROVIRA,Rural,-,6243,-,1. EOT,SEIS,G5_BAJO,No PDET,NO ZOMAC,Bajo,0.547533,-,-,Irradiado_Mayor que 40 - hasta 50,Mayor que 40 - hasta 50,1,68318.0,Santander,PIEDECUESTA,1.932002,A2. Mayor que 1 y menor que 2 horas,51.536962,Santander,BUCARAMANGA,2.471729,A3. Mayor que 2 y menor que 3 horas,68.046508,Pequeña propiedad,9091.585171121978,Pequeña propiedad,2023.0,4,7804.499675,SI,-,
1046,Polygon,68,320,GUADALUPE,SANTANDER,68320,68320,Andina,6801,COMUNERA,Rural,-,4719,-,1. EOT,SEIS,G2_MEDIO_ALTO,No PDET,NO ZOMAC,Bajo,0.452951,-,-,Irradiado_Mayor que 20 - hasta 30,Mayor que 20 - hasta 30,1,68320.0,Santander,SOCORRO,1.814858,A2. Mayor que 1 y menor que 2 horas,43.185996,Boyacá,TUNJA,4.732548,A5. Mayor que 4 y menor que 5 horas,134.308954,Pequeña propiedad,10708.109486120527,Pequeña propiedad,2138.0,2,6562.154027,SI,-,
1047,Polygon,68,322,GUAPOTA,SANTANDER,68322,68322,Andina,6801,COMUNERA,Rural disperso,-,2482,-,1. EOT,SEIS,G3_MEDIO,No PDET,NO ZOMAC,Bajo,0.475703,-,-,Irradiado_Mayor que 30 - hasta 40,Mayor que 30 - hasta 40,1,68322.0,Santander,SOCORRO,1.211251,A2. Mayor que 1 y menor que 2 horas,27.083557,Boyacá,TUNJA,4.743158,A5. Mayor que 4 y menor que 5 horas,140.495959,Mediana propiedad,3789.4554713690677,Pequeña propiedad,676.0,3,3090.197847,SI,-,
1048,Polygon,68,324,GUAVATA,SANTANDER,68324,68324,Andina,6806,VELEZ,Rural disperso,-,4433,-,1. EOT,SEIS,G2_MEDIO_ALTO,No PDET,NO ZOMAC,Bajo,0.683964,-,-,Irradiado_Mayor que 40 - hasta 50,Mayor que 40 - hasta 50,1,68324.0,Santander,BARBOSA,0.393649,A1. Menos 1 hora,11.529646,Boyacá,TUNJA,2.95603,A3. Mayor que 2 y menor que 3 horas,78.24062,Pequeña propiedad,7305.773028594662,Pequeña propiedad,2887.0,4,4721.197243,SI,-,
1049,Polygon,68,327,GUEPSA,SANTANDER,68327,68327,Andina,6806,VELEZ,Intermedio,-,5353,-,1. EOT,SEIS,G1_ALTO,No PDET,NO ZOMAC,Bajo,0.559103,-,-,Irradiado_Mayor que 70 - hasta 80,Mayor que 70 - hasta 80,1,68327.0,Santander,BARBOSA,0.257621,A1. Menos 1 hora,12.246804,Boyacá,TUNJA,2.836212,A3. Mayor que 2 y menor que 3 horas,79.416356,Pequeña propiedad,2416.6548443445718,Pequeña propiedad,933.0,3,1119.993098,SI,-,
1050,Polygon,68,344,HATO,SANTANDER,68344,68344,Andina,6801,COMUNERA,Rural,-,2415,-,1. EOT,SEIS,G2_MEDIO_ALTO,No PDET,NO ZOMAC,Bajo,0.458498,-,-,Irradiado_Mayor que 30 - hasta 40,Mayor que 30 - hasta 40,1,68344.0,Santander,SOCORRO,1.229857,A2. Mayor que 1 y menor que 2 horas,28.314928,Santander,BUCARAMANGA,4.236675,A5. Mayor que 4 y menor que 5 horas,120.599408,Mediana propiedad,7970.52379775768,Pequeña propiedad,785.0,4,7475.328103,SI,-,
1051,Polygon,68,368,JESUS MARIA,SANTANDER,68368,68368,Andina,6806,VELEZ,Rural disperso,-,3417,-,1. EOT,SEIS,C_CIUDADES,No PDET,NO ZOMAC,Bajo,0.67656,-,-,Irradiado_Mayor que 30 - hasta 40,Mayor que 30 - hasta 40,1,68368.0,Santander,BARBOSA,0.885057,A1. Menos 1 hora,25.756349,Boyacá,TUNJA,3.447438,A4. Mayor que 3 y menor que 4 horas,92.467323,Pequeña propiedad,5912.129410900731,Pequeña propiedad,1541.0,4,4842.019178,SI,-,
1013,Polygon,68,370,JORDAN,SANTANDER,68370,68370,Andina,6803,GUANENTA,Rural disperso,-,1394,-,1. EOT,SEIS,G1_ALTO,No PDET,NO ZOMAC,Bajo,0.516393,-,-,Irradiado_Mayor que 50 - hasta 60,Mayor que 50 - hasta 60,1,68370.0,Santander,SAN GIL,1.52897,A2. Mayor que 1 y menor que 2 horas,33.488939,Santander,BUCARAMANGA,2.992468,A3. Mayor que 2 y menor que 3 horas,78.913413,Mediana propiedad,1534.4866929339967,Pequeña propiedad,204.0,4,2155.717436,SI,-,
1014,Polygon,68,377,LA BELLEZA,SANTANDER,68377,68377,Andina,6806,VELEZ,Rural disperso,-,6624,-,1. EOT,SEIS,G1_ALTO,No PDET, ZOMAC,Bajo,0.546127,-,-,Irradiado_Mayor que 30 - hasta 40,Mayor que 30 - hasta 40,1,68377.0,Santander,BARBOSA,2.080619,A3. Mayor que 2 y menor que 3 horas,52.136962,Boyacá,TUNJA,4.445856,A5. Mayor que 4 y menor que 5 horas,119.585195,Pequeña propiedad,13116.994619819448,Pequeña propiedad,2266.0,4,14650.485112,SI,-,
1015,Polygon,68,385,LANDAZURI,SANTANDER,68385,68385,Andina,6806,VELEZ,Rural disperso,-,10624,-,1. EOT,SEIS,G1_ALTO,No PDET, ZOMAC,Medio,0.640118,-,-,Irradiado_Mayor que 30 - hasta 40,Mayor que 30 - hasta 40,1,68385.0,Antioquia,PUERTO BERRÍO,2.053992,A3. Mayor que 2 y menor que 3 horas,98.591587,Boyacá,TUNJA,4.625142,A5. Mayor que 4 y menor que 5 horas,123.833723,Mediana propiedad,27835.279974243444,Pequeña propiedad,2815.0,4,35254.474333,SI,-,
1016,Polygon,68,397,LA PAZ,SANTANDER,68397,68397,Andina,6806,VELEZ,Rural disperso,-,5204,-,1. EOT,SEIS,G1_ALTO,No PDET,NO ZOMAC,Bajo,0.651813,-,-,Irradiado_Mayor que 50 - hasta 60,Mayor que 50 - hasta 60,1,68397.0,Santander,BARBOSA,1.370048,A2. Mayor que 1 y menor que 2 horas,40.806097,Boyacá,TUNJA,3.932429,A4. Mayor que 3 y menor que 4 horas,107.517071,Pequeña propiedad,15007.129400952193,Pequeña propiedad,3465.0,3,12046.24428,SI,-,
1017,Polygon,68,406,LEBRIJA,SANTANDER,68406,68406,Andina,6805,SOTO,Intermedio,-,45667,-,2. PBOT,CINCO,G1_ALTO,No PDET,NO ZOMAC,Bajo,0.302251,-,-,Irradiado_Mayor que 80 - hasta 100,Mayor que 80 - hasta 100,1,68406.0,Santander,LEBRIJA,0.0,A1. Menos 1 hora,0.0,Santander,BUCARAMANGA,0.750595,A1. Menos 1 hora,19.919596,Mediana propiedad,28741.84255366432,Pequeña propiedad,4906.0,3,26105.806512,SI,-,
1018,Polygon,68,418,LOS SANTOS,SANTANDER,68418,68418,Andina,6805,SOTO,Rural disperso,-,15371,-,1. EOT,SEIS,G2_MEDIO_ALTO,No PDET,NO ZOMAC,Bajo,0.455579,-,-,Irradiado_Mayor que 40 - hasta 50,Mayor que 40 - hasta 50,1,68418.0,Santander,PIEDECUESTA,1.612775,A2. Mayor que 1 y menor que 2 horas,38.151681,Santander,BUCARAMANGA,2.152503,A3. Mayor que 2 y menor que 3 horas,54.661227,Mediana propiedad,12621.037697192865,Pequeña propiedad,7314.0,3,14677.489554,SI,-,
1019,Polygon,68,425,MACARAVITA,SANTANDER,68425,68425,Andina,6802,GARCIA ROVIRA,Rural disperso,-,2245,-,1. EOT,SEIS,G5_BAJO,No PDET,NO ZOMAC,Bajo,0.642987,-,-,Irradiado_Mayor que 20 - hasta 30,Mayor que 20 - hasta 30,1,68425.0,Boyacá,DUITAMA,5.093046, ,126.159206,Boyacá,TUNJA,6.287007,A7. Mayor que 6 y menor que 7 horas,181.368961,Pequeña propiedad,6224.952729712389,Pequeña propiedad,2034.0,4,4115.042009,SI,-,
1020,Polygon,68,432,MALAGA,SANTANDER,68432,68432,Andina,6802,GARCIA ROVIRA,Ciudades y aglomeraciones,-,21586,-,1. EOT,SEIS,G4_MEDIO_BAJO,No PDET,NO ZOMAC,Bajo,0.341221,-,-,Irradiado_Mayor que 40 - hasta 50,Mayor que 40 - hasta 50,1,68432.0,Norte de Santander,PAMPLONA,3.386322,A4. Mayor que 3 y menor que 4 horas,106.611688,Santander,BUCARAMANGA,3.963689,A4. Mayor que 3 y menor que 4 horas,114.970981,Pequeña propiedad,4554.171092212728,Pequeña propiedad,2020.0,2,2373.881694,SI,-,
1021,Polygon,68,444,MATANZA,SANTANDER,68444,68444,Andina,6805,SOTO,Rural disperso,-,5305,-,1. EOT,SEIS,G4_MEDIO_BAJO,No PDET, ZOMAC,Medio Bajo,0.114695,-,-,Irradiado_Mayor que 40 - hasta 50,Mayor que 40 - hasta 50,1,68444.0,Santander,BUCARAMANGA,2.752705,A3. Mayor que 2 y menor que 3 horas,34.360512,Santander,BUCARAMANGA,2.731529,A3. Mayor que 2 y menor que 3 horas,35.060512,Mediana propiedad,10583.623492350003,Pequeña propiedad,1598.0,4,14751.337593,SI,-,
1022,Polygon,68,464,MOGOTES,SANTANDER,68464,68464,Andina,6803,GUANENTA,Rural,-,10788,-,1. EOT,SEIS,G2_MEDIO_ALTO,No PDET,NO ZOMAC,Bajo,0.629261,-,-,Irradiado_Mayor que 40 - hasta 50,Mayor que 40 - hasta 50,1,68464.0,Santander,SAN GIL,0.690966,A1. Menos 1 hora,29.894827,Santander,BUCARAMANGA,3.34333,A4. Mayor que 3 y menor que 4 horas,110.122453,Mediana propiedad,23957.222339649154,Pequeña propiedad,3419.0,4,35818.252547,SI,-,
1023,Polygon,68,468,MOLAGAVITA,SANTANDER,68468,68468,Andina,6802,GARCIA ROVIRA,Rural disperso,-,4277,-,1. EOT,SEIS,G4_MEDIO_BAJO,No PDET,NO ZOMAC,Bajo,0.545565,-,-,Irradiado_Mayor que 30 - hasta 40,Mayor que 30 - hasta 40,1,68468.0,Santander,PIEDECUESTA,3.380387,A4. Mayor que 3 y menor que 4 horas,88.577374,Santander,BUCARAMANGA,3.920115,A4. Mayor que 3 y menor que 4 horas,105.086919,Pequeña propiedad,10782.620763502902,Pequeña propiedad,3076.0,4,9616.159401,SI,-,
1024,Polygon,68,498,OCAMONTE,SANTANDER,68498,68498,Andina,6803,GUANENTA,Rural,-,6164,-,1. EOT,SEIS,G1_ALTO,No PDET,NO ZOMAC,Bajo,0.326416,-,-,Irradiado_Mayor que 30 - hasta 40,Mayor que 30 - hasta 40,1,68498.0,Santander,SAN GIL,1.118454,A2. Mayor que 1 y menor que 2 horas,29.200714,Santander,BUCARAMANGA,3.946212,A4. Mayor que 3 y menor que 4 horas,114.032504,Pequeña propiedad,5541.976059325226,Pequeña propiedad,2212.0,3,4254.457766,SI,-,
1025,Polygon,68,500,OIBA,SANTANDER,68500,68500,Andina,6801,COMUNERA,Rural,-,11038,-,1. EOT,SEIS,G3_MEDIO,No PDET,NO ZOMAC,Bajo,0.382791,-,-,Irradiado_Mayor que 40 - hasta 50,Mayor que 40 - hasta 50,1,68500.0,Santander,SOCORRO,1.053666,A2. Mayor que 1 y menor que 2 horas,27.183557,Boyacá,TUNJA,4.433045,A5. Mayor que 4 y menor que 5 horas,132.353319,Mediana propiedad,14587.153958122868,Pequeña propiedad,2457.0,3,15083.933635,SI,-,
1026,Polygon,68,502,ONZAGA,SANTANDER,68502,68502,Andina,6803,GUANENTA,Rural disperso,-,4264,-,1. EOT,SEIS,G1_ALTO,No PDET,NO ZOMAC,Bajo,0.760676,-,-,Irradiado_Mayor que 30 - hasta 40,Mayor que 30 - hasta 40,1,68502.0,Santander,SAN GIL,1.786337,A2. Mayor que 1 y menor que 2 horas,62.672496,Boyacá,TUNJA,3.826516,A4. Mayor que 3 y menor que 4 horas,138.916061,Mediana propiedad,17873.4701994742,Pequeña propiedad,2761.0,4,22242.863255,SI,-,
1027,Polygon,68,522,PALMAR,SANTANDER,68522,68522,Andina,6801,COMUNERA,Intermedio,-,1502,-,1. EOT,SEIS,G2_MEDIO_ALTO,No PDET,NO ZOMAC,Bajo,0.64521,-,-,Irradiado_Mayor que 40 - hasta 50,Mayor que 40 - hasta 50,1,68522.0,Santander,SOCORRO,0.963335,A1. Menos 1 hora,18.23381,Santander,BUCARAMANGA,3.88115,A4. Mayor que 3 y menor que 4 horas,116.170981,Pequeña propiedad,1372.080363123897,Pequeña propiedad,601.0,3,1739.606075,SI,-,
1028,Polygon,68,524,PALMAS DEL SOCORRO,SANTANDER,68524,68524,Andina,6801,COMUNERA,Rural,-,2622,-,1. EOT,SEIS,G3_MEDIO,No PDET,NO ZOMAC,Bajo,0.350254,-,-,Irradiado_Mayor que 50 - hasta 60,Mayor que 50 - hasta 60,1,68524.0,Santander,SOCORRO,0.397813,A1. Menos 1 hora,8.501219,Santander,BUCARAMANGA,3.967314,A4. Mayor que 3 y menor que 4 horas,115.978088,Mediana propiedad,2859.1232921519804,Pequeña propiedad,847.0,3,3546.176026,SI,-,
1029,Polygon,68,533,PARAMO,SANTANDER,68533,68533,Andina,6803,GUANENTA,Intermedio,-,4901,-,1. EOT,SEIS,G4_MEDIO_BAJO,No PDET,NO ZOMAC,Bajo,0.303437,-,-,Irradiado_Mayor que 30 - hasta 40,Mayor que 30 - hasta 40,1,68533.0,Santander,SAN GIL,0.715906,A1. Menos 1 hora,19.76518,Santander,BUCARAMANGA,3.543664,A4. Mayor que 3 y menor que 4 horas,104.59697,Pequeña propiedad,3929.371754450805,Pequeña propiedad,1087.0,1,4498.924135,SI,-,
1056,Polygon,68,547,PIEDECUESTA,SANTANDER,68547,68547,Andina,6805,SOTO,Ciudades y aglomeraciones,-,190712,-,3. POT,DOS,G3_MEDIO,No PDET,NO ZOMAC,Bajo,0.122063,-,-,Irradiado_Mayor que 80 - hasta 100,Mayor que 80 - hasta 100,1,68547.0,Santander,PIEDECUESTA,0.0,A1. Menos 1 hora,0.0,Santander,BUCARAMANGA,0.596631,A1. Menos 1 hora,16.850967,Mediana propiedad,16964.630751186625,Pequeña propiedad,6169.0,4,27098.905506,SI,-,
1030,Polygon,68,549,PINCHOTE,SANTANDER,68549,68549,Andina,6803,GUANENTA,Rural,-,5485,-,1. EOT,SEIS,G3_MEDIO,No PDET,NO ZOMAC,Bajo,0.253521,-,-,Irradiado_Mayor que 30 - hasta 40,Mayor que 30 - hasta 40,1,68549.0,Santander,SAN GIL,0.168561,A1. Menos 1 hora,5.694113,Santander,BUCARAMANGA,3.031124,A4. Mayor que 3 y menor que 4 horas,92.17443,Pequeña propiedad,3034.911478950489,Pequeña propiedad,1136.0,3,2698.191406,SI,-,
1031,Polygon,68,572,PUENTE NACIONAL,SANTANDER,68572,68572,Andina,6806,VELEZ,Rural,-,15450,-,1. EOT,SEIS,G1_ALTO,No PDET,NO ZOMAC,Bajo,0.463954,-,-,Irradiado_Mayor que 60 - hasta 70,Mayor que 60 - hasta 70,1,68572.0,Santander,BARBOSA,0.360874,A1. Menos 1 hora,11.636753,Boyacá,TUNJA,2.923255,A3. Mayor que 2 y menor que 3 horas,78.347727,Pequeña propiedad,22337.945826682124,Pequeña propiedad,6675.0,3,10202.187138,SI,-,
1032,Polygon,68,573,PUERTO PARRA,SANTANDER,68573,68573,Andina,6806,VELEZ,Rural,-,7914,-,1. EOT,SEIS,G1_ALTO,No PDET,NO ZOMAC,Medio Bajo,0.720736,2024,3.2.2,Irradiado_Mayor que 50 - hasta 60,Mayor que 50 - hasta 60,1,68573.0,Antioquia,PUERTO BERRÍO,1.843713,A2. Mayor que 1 y menor que 2 horas,78.293312,Santander,BUCARAMANGA,4.123365,A5. Mayor que 4 y menor que 5 horas,162.139314,Mediana propiedad,46054.64840305747,Mediana propiedad,667.0,1,28419.131675,SI,-,
1033,Polygon,68,575,PUERTO WILCHES,SANTANDER,68575,68575,Andina,6804,MARES,Rural,-,35594,-,2. PBOT,SEIS,G1_ALTO,No PDET,NO ZOMAC,Medio,0.379239,2024,3.2.1,Irradiado_Mayor que 40 - hasta 50,Mayor que 40 - hasta 50,1,68575.0,Santander,BARRANCABERMEJA,1.658888,A2. Mayor que 1 y menor que 2 horas,50.377164,Santander,BUCARAMANGA,4.082289,A5. Mayor que 4 y menor que 5 horas,137.919509,"Gran propiedad, latifundios",74138.52353856395,Mediana propiedad,985.0,3,57814.754133,SI,-,
991,Polygon,68,615,RIONEGRO,SANTANDER,68615,68615,Andina,6805,SOTO,Rural disperso,-,26924,-,1. EOT,SEIS,G2_MEDIO_ALTO,No PDET, ZOMAC,Medio Bajo,0.399816,-,-,Irradiado_Mayor que 70 - hasta 80,Mayor que 70 - hasta 80,1,68615.0,Santander,BUCARAMANGA,0.919789,A1. Menos 1 hora,22.579394,Santander,BUCARAMANGA,0.898613,A1. Menos 1 hora,23.279394,Mediana propiedad,72472.82100611464,Pequeña propiedad,4493.0,4,42341.660593,SI,-,
992,Polygon,68,655,SABANA DE TORRES,SANTANDER,68655,68655,Andina,6804,MARES,Rural,-,34690,-,2. PBOT,SEIS,G3_MEDIO,No PDET, ZOMAC,Medio,0.454597,-,-,Irradiado_Mayor que 80 - hasta 100,Mayor que 80 - hasta 100,1,68655.0,Santander,SABANA DE TORRES,0.0,A1. Menos 1 hora,0.0,Santander,BUCARAMANGA,2.862581,A3. Mayor que 2 y menor que 3 horas,80.095036,Mediana propiedad,95387.99630880063,Mediana propiedad,1517.0,2,46305.635312,SI,-,
993,Polygon,68,669,SAN ANDRES,SANTANDER,68669,68669,Andina,6802,GARCIA ROVIRA,Rural,-,9083,-,1. EOT,SEIS,G4_MEDIO_BAJO,No PDET,NO ZOMAC,Bajo,0.553822,-,-,Irradiado_Mayor que 30 - hasta 40,Mayor que 30 - hasta 40,1,68669.0,Santander,PIEDECUESTA,2.19251,A3. Mayor que 2 y menor que 3 horas,60.013918,Santander,BUCARAMANGA,2.732238,A3. Mayor que 2 y menor que 3 horas,76.523463,Pequeña propiedad,17408.209906733933,Pequeña propiedad,5257.0,4,9849.377488,SI,-,
994,Polygon,68,673,SAN BENITO,SANTANDER,68673,68673,Andina,6806,VELEZ,Rural,-,3055,-,1. EOT,SEIS,G1_ALTO,No PDET,NO ZOMAC,Bajo,0.622778,-,-,Irradiado_Mayor que 60 - hasta 70,Mayor que 60 - hasta 70,1,68673.0,Santander,BARBOSA,1.104666,A2. Mayor que 1 y menor que 2 horas,29.77767,Boyacá,TUNJA,3.683258,A4. Mayor que 3 y menor que 4 horas,96.947222,Pequeña propiedad,4213.472171382005,Pequeña propiedad,1679.0,3,2696.480871,SI,-,
995,Polygon,68,679,SAN GIL,SANTANDER,68679,68679,Andina,6803,GUANENTA,Ciudades y aglomeraciones,-,63009,-,2. PBOT,CUATRO,G4_MEDIO_BAJO,No PDET,NO ZOMAC,Bajo,0.25623,-,-,Irradiado_Mayor que 70 - hasta 80,Mayor que 70 - hasta 80,1,68679.0,Santander,SAN GIL,0.0,A1. Menos 1 hora,0.0,Santander,BUCARAMANGA,2.875225,A3. Mayor que 2 y menor que 3 horas,86.821739,Pequeña propiedad,8628.192457340472,Pequeña propiedad,3187.0,3,5290.086616,SI,-,
996,Polygon,68,682,SAN JOAQUIN,SANTANDER,68682,68682,Andina,6803,GUANENTA,Rural disperso,-,2301,-,1. EOT,SEIS,G2_MEDIO_ALTO,No PDET,NO ZOMAC,Bajo,0.726446,-,-,Irradiado_Mayor que 40 - hasta 50,Mayor que 40 - hasta 50,1,68682.0,Santander,SAN GIL,1.306243,A2. Mayor que 1 y menor que 2 horas,46.501429,Santander,BUCARAMANGA,3.958607,A4. Mayor que 3 y menor que 4 horas,126.729055,Pequeña propiedad,6579.683844528012,Pequeña propiedad,1333.0,4,11348.548054,SI,-,
997,Polygon,68,684,SAN JOSE DE MIRANDA,SANTANDER,68684,68684,Andina,6802,GARCIA ROVIRA,Rural,-,4429,-,1. EOT,SEIS,G1_ALTO,No PDET,NO ZOMAC,Bajo,0.481349,-,-,Irradiado_Mayor que 40 - hasta 50,Mayor que 40 - hasta 50,1,68684.0,Norte de Santander,PAMPLONA,3.550577,A4. Mayor que 3 y menor que 4 horas,112.257273,Santander,BUCARAMANGA,4.095791,A5. Mayor que 4 y menor que 5 horas,118.709459,Pequeña propiedad,5927.598864524153,Pequeña propiedad,2260.0,4,3627.740451,SI,-,
998,Polygon,68,686,SAN MIGUEL,SANTANDER,68686,68686,Andina,6802,GARCIA ROVIRA,Rural disperso,-,2661,-,1. EOT,SEIS,G2_MEDIO_ALTO,No PDET,NO ZOMAC,Bajo,0.609254,-,-,Irradiado_Mayor que 20 - hasta 30,Mayor que 20 - hasta 30,1,68686.0,Boyacá,DUITAMA,4.751518,A5. Mayor que 4 y menor que 5 horas,140.720224,Santander,BUCARAMANGA,5.491924,A6. Mayor que 5 y menor que 6 horas,141.954538,Pequeña propiedad,4563.611794405963,Pequeña propiedad,1416.0,3,3157.0422,SI,-,
999,Polygon,68,689,SAN VICENTE DE CHUCURI,SANTANDER,68689,68689,Andina,6804,MARES,Rural,-,36272,-,2. PBOT,SEIS,G1_ALTO,No PDET,NO ZOMAC,Medio Bajo,0.182149,2024,3.2.2,Mayor que 30 - hasta 40,Mayor que 30 - hasta 40,0,68689.0,Santander,BARRANCABERMEJA,2.855905,A3. Mayor que 2 y menor que 3 horas,68.352395,Santander,BUCARAMANGA,4.199893,A5. Mayor que 4 y menor que 5 horas,74.325188,Pequeña propiedad,1255.501923776021,Pequeña propiedad,374.0,3,1443.219003,SI,-,
1000,Polygon,68,705,SANTA BARBARA,SANTANDER,68705,68705,Andina,6805,SOTO,Rural disperso,-,2496,-,1. EOT,SEIS,G4_MEDIO_BAJO,No PDET,NO ZOMAC,Medio Bajo,0.646518,-,-,Irradiado_Mayor que 50 - hasta 60,Mayor que 50 - hasta 60,1,68705.0,Santander,PIEDECUESTA,1.385151,A2. Mayor que 1 y menor que 2 horas,33.896046,Santander,BUCARAMANGA,1.924878,A2. Mayor que 1 y menor que 2 horas,50.405592,Mediana propiedad,8597.624599014904,Pequeña propiedad,555.0,4,13607.723793,SI,-,
1001,Polygon,68,720,SANTA HELENA DEL OPON,SANTANDER,68720,68720,Andina,6801,COMUNERA,Rural disperso,-,3548,-,1. EOT,SEIS,G1_ALTO,No PDET,NO ZOMAC,Medio Bajo,0.593324,-,-,Irradiado_Mayor que 40 - hasta 50,Mayor que 40 - hasta 50,1,68720.0,Santander,BARBOSA,2.659587,A3. Mayor que 2 y menor que 3 horas,73.032294,Boyacá,TUNJA,5.221968,A6. Mayor que 5 y menor que 6 horas,139.743268,Mediana propiedad,21304.013305622866,Pequeña propiedad,873.0,3,19504.866937,SI,-,
1002,Polygon,68,745,SIMACOTA,SANTANDER,68745,68745,Andina,6801,COMUNERA,Rural disperso,-,10706,-,1. EOT,SEIS,G2_MEDIO_ALTO,No PDET,NO ZOMAC,Medio Bajo,0.5,-,-,Irradiado_Mayor que 30 - hasta 40,Mayor que 30 - hasta 40,1,68745.0,Santander,SOCORRO,0.533876,A1. Menos 1 hora,12.246804,Santander,BUCARAMANGA,4.103377,A5. Mayor que 4 y menor que 5 horas,119.723672,Mediana propiedad,51375.99343914822,Pequeña propiedad,2113.0,3,38653.095926,SI,-,
1003,Polygon,68,755,SOCORRO,SANTANDER,68755,68755,Andina,6801,COMUNERA,Intermedio,-,35604,-,2. PBOT,SEIS,G2_MEDIO_ALTO,No PDET,NO ZOMAC,Bajo,0.343903,-,-,Irradiado_Mayor que 40 - hasta 50,Mayor que 40 - hasta 50,1,68755.0,Santander,SOCORRO,0.0,A1. Menos 1 hora,0.0,Santander,BUCARAMANGA,3.63926,A4. Mayor que 3 y menor que 4 horas,107.959711,Pequeña propiedad,6965.346153158713,Pequeña propiedad,2753.0,3,6953.265458,SI,-,
1004,Polygon,68,770,SUAITA,SANTANDER,68770,68770,Andina,6801,COMUNERA,Rural disperso,-,10592,-,1. EOT,SEIS,G3_MEDIO,No PDET,NO ZOMAC,Bajo,0.415351,-,-,Irradiado_Mayor que 30 - hasta 40,Mayor que 30 - hasta 40,1,68770.0,Santander,BARBOSA,1.358356,A2. Mayor que 1 y menor que 2 horas,44.811479,Boyacá,TUNJA,3.936948,A4. Mayor que 3 y menor que 4 horas,111.981032,Mediana propiedad,13158.640029584072,Pequeña propiedad,3056.0,2,13654.332372,SI,-,
1005,Polygon,68,773,SUCRE,SANTANDER,68773,68773,Andina,6806,VELEZ,Rural disperso,-,7549,-,1. EOT,SEIS,G1_ALTO,No PDET, ZOMAC,Medio Bajo,0.802304,-,-,Irradiado_Mayor que 30 - hasta 40,Mayor que 30 - hasta 40,1,68773.0,Santander,BARBOSA,1.161557,A2. Mayor que 1 y menor que 2 horas,26.197771,Boyacá,TUNJA,3.723938,A4. Mayor que 3 y menor que 4 horas,92.908745,Pequeña propiedad,22129.418840921593,Pequeña propiedad,4625.0,4,23514.608181,SI,-,
1006,Polygon,68,780,SURATA,SANTANDER,68780,68780,Andina,6805,SOTO,Rural disperso,-,4110,-,1. EOT,SEIS,G1_ALTO,No PDET, ZOMAC,Medio Bajo,0.610427,-,-,Irradiado_Mayor que 40 - hasta 50,Mayor que 40 - hasta 50,1,68780.0,Santander,BUCARAMANGA,2.983701,A3. Mayor que 2 y menor que 3 horas,40.961732,Santander,BUCARAMANGA,2.962525,A3. Mayor que 2 y menor que 3 horas,41.661732,Mediana propiedad,18434.598960695126,Pequeña propiedad,911.0,4,21173.712694,SI,-,
1007,Polygon,68,820,TONA,SANTANDER,68820,68820,Andina,6805,SOTO,Rural disperso,-,7602,-,1. EOT,SEIS,G4_MEDIO_BAJO,No PDET,NO ZOMAC,Bajo,0.064568,-,-,Irradiado_Mayor que 30 - hasta 40,Mayor que 30 - hasta 40,1,68820.0,Santander,BUCARAMANGA,1.600428,A2. Mayor que 1 y menor que 2 horas,30.743355,Santander,BUCARAMANGA,1.561664,A2. Mayor que 1 y menor que 2 horas,30.901934,Mediana propiedad,9762.553187853566,Pequeña propiedad,1862.0,4,13611.317636,SI,-,
1008,Polygon,68,855,VALLE DE SAN JOSE,SANTANDER,68855,68855,Andina,6803,GUANENTA,Intermedio,-,6379,-,1. EOT,SEIS,G3_MEDIO,No PDET,NO ZOMAC,Bajo,0.412394,-,-,Irradiado_Mayor que 20 - hasta 30,Mayor que 20 - hasta 30,1,68855.0,Santander,SAN GIL,0.53314,A1. Menos 1 hora,14.953911,Santander,BUCARAMANGA,3.360898,A4. Mayor que 3 y menor que 4 horas,99.7857,Pequeña propiedad,4928.494824024414,Pequeña propiedad,1611.0,3,4252.027644,SI,-,
1009,Polygon,68,861,VELEZ,SANTANDER,68861,68861,Andina,6806,VELEZ,Rural,-,26109,-,1. EOT,SEIS,G1_ALTO,No PDET,NO ZOMAC,Bajo,0.567249,-,-,Irradiado_Mayor que 60 - hasta 70,Mayor que 60 - hasta 70,1,68861.0,Santander,BARBOSA,0.459184,A1. Menos 1 hora,16.161017,Boyacá,TUNJA,3.021565,A4. Mayor que 3 y menor que 4 horas,82.871991,Pequeña propiedad,18823.59103675203,Pequeña propiedad,5922.0,4,16595.437607,SI,-,
1010,Polygon,68,867,VETAS,SANTANDER,68867,68867,Andina,6805,SOTO,Rural,-,2322,-,1. EOT,SEIS,G3_MEDIO,No PDET,NO ZOMAC,Bajo,0.689895,-,-,Irradiado_Mayor que 20 - hasta 30,Mayor que 20 - hasta 30,1,68867.0,Norte de Santander,PAMPLONA,2.534402,A3. Mayor que 2 y menor que 3 horas,56.544069,Santander,BUCARAMANGA,3.245229,A4. Mayor que 3 y menor que 4 horas,63.638182,Pequeña propiedad,1329.208630393378,Pequeña propiedad,328.0,4,2458.948755,SI,-,
1011,Polygon,68,872,VILLANUEVA,SANTANDER,68872,68872,Andina,6803,GUANENTA,Intermedio,-,8740,-,1. EOT,SEIS,G1_ALTO,No PDET,NO ZOMAC,Bajo,0.238397,-,-,Irradiado_Mayor que 70 - hasta 80,Mayor que 70 - hasta 80,1,68872.0,Santander,SAN GIL,0.862936,A1. Menos 1 hora,17.185281,Santander,BUCARAMANGA,3.153882,A4. Mayor que 3 y menor que 4 horas,85.35189,Pequeña propiedad,5091.938861927635,Pequeña propiedad,1325.0,3,5444.694275,SI,-,
1012,Polygon,68,895,ZAPATOCA,SANTANDER,68895,68895,Andina,6804,MARES,Rural,-,9925,-,1. EOT,SEIS,G2_MEDIO_ALTO,No PDET,NO ZOMAC,Bajo,0.170299,-,-,Irradiado_Mayor que 50 - hasta 60,Mayor que 50 - hasta 60,1,68895.0,Santander,PIEDECUESTA,2.566566,A3. Mayor que 2 y menor que 3 horas,43.327417,Santander,BUCARAMANGA,3.089532,A4. Mayor que 3 y menor que 4 horas,58.871277,Mediana propiedad,19138.621340298145,Pequeña propiedad,762.0,4,16062.672499,SI,-,
598,Polygon,70,1,SINCELEJO,SUCRE,70001,70001,Caribe,7002,MONTES DE MARIA,Ciudades y aglomeraciones,si,310456,-,3. POT,DOS,,No PDET,NO ZOMAC,Medio Bajo,0.329263,2023,4.1.2,Mayor que 70 - hasta 80,Mayor que 70 - hasta 80,0,70001.0,Sucre,SINCELEJO,0.0,A1. Menos 1 hora,0.0,Sucre,SINCELEJO,0.0,A1. Menos 1 hora,0.0,Pequeña propiedad,3295.970033810445,Pequeña propiedad,1632.0,2,4071.502001,SI,Cercania a la capital del departamento,
599,Polygon,70,110,BUENAVISTA,SUCRE,70110,70110,Caribe,7004,SABANAS,Intermedio,-,11231,-,1. EOT,SEIS,G4_MEDIO_BAJO,No PDET,NO ZOMAC,Bajo,0.476503,2023,3.1.1,Mayor que 10 - hasta 15,Mayor que 10 - hasta 15,0,70110.0,Bolívar,MAGANGUÉ,0.660625,A1. Menos 1 hora,27.662237,Sucre,SINCELEJO,1.621015,A2. Mayor que 1 y menor que 2 horas,59.261227,Mediana propiedad,2820.336476173986,Pequeña propiedad,420.0,2,5182.016362,SI,Agropecuario,
600,Polygon,70,124,CAIMITO,SUCRE,70124,70124,Caribe,7005,SAN JORGE,Rural disperso,-,16966,-,1. EOT,SEIS,G5_BAJO,No PDET,NO ZOMAC,Bajo,0.664444,2023,3.1.2,Mayor que 15 - hasta 20,Mayor que 15 - hasta 20,0,70124.0,Sucre,SAN MARCOS,0.93237,A1. Menos 1 hora,26.862237,Sucre,SINCELEJO,2.473703,A3. Mayor que 2 y menor que 3 horas,81.971991,"Gran propiedad, latifundios",9939.209388753872,Pequeña propiedad,553.0,3,9254.304033,SI,Agropecuario - Pequeños sectores con inflruencia de corredor vial y mayores valores,
601,Polygon,70,204,COLOSO,SUCRE,70204,70204,Caribe,7002,MONTES DE MARIA,Rural,-,9325,-,1. EOT,SEIS,G1_ALTO,PDET Montes de María, ZOMAC,Medio,0.801464,2023,3.2.1,Mayor que 20 - hasta 30,Mayor que 20 - hasta 30,0,70204.0,Sucre,SINCELEJO,0.779954,A1. Menos 1 hora,32.49899,Sucre,SINCELEJO,0.775437,A1. Menos 1 hora,32.457569,Pequeña propiedad,2041.356612866067,Pequeña propiedad,471.0,2,3368.475688,SI,Agrícola y pecuario,
602,Polygon,70,215,COROZAL,SUCRE,70215,70215,Caribe,7004,SABANAS,Intermedio,-,70591,-,2. PBOT,SEIS,G4_MEDIO_BAJO,No PDET,NO ZOMAC,Bajo,0.599756,2023,3.3.1,Mayor que 40 - hasta 50,Mayor que 40 - hasta 50,0,70215.0,Sucre,COROZAL,0.0,A1. Menos 1 hora,0.0,Sucre,SINCELEJO,0.441122,A1. Menos 1 hora,14.602439,Pequeña propiedad,1361.084605195444,Pequeña propiedad,376.0,2,2109.027998,SI,"Agrícola, pecuario y parcelas pequeñas",
603,Polygon,70,221,COVEÑAS,SUCRE,70221,70221,Caribe,7003,MORROSQUILLO,Intermedio,-,21190,-,1. EOT,SEIS,G2_MEDIO_ALTO,No PDET,NO ZOMAC,Medio Bajo,0.28157,2023,4.1.2,Mayor que 70 - hasta 80,Mayor que 70 - hasta 80,0,70221.0,Sucre,SANTIAGO DE TOLÚ,0.549181,A1. Menos 1 hora,22.2664,Sucre,SINCELEJO,1.24701,A2. Mayor que 1 y menor que 2 horas,60.513918,Pequeña propiedad,470.2375197595503,Pequeña propiedad,167.0,3,1211.66665,SI,"Agrícola, pecuario, turístico",
604,Polygon,70,230,CHALAN,SUCRE,70230,70230,Caribe,7002,MONTES DE MARIA,Intermedio,-,4786,-,1. EOT,SEIS,G4_MEDIO_BAJO,PDET Montes de María, ZOMAC,Medio,0.859073,2023,3.1.2,Mayor que 15 - hasta 20,Mayor que 15 - hasta 20,0,70230.0,Sucre,SINCELEJO,0.990978,A1. Menos 1 hora,41.024473,Sucre,SINCELEJO,0.986461,A1. Menos 1 hora,40.983052,Pequeña propiedad,1047.177627699462,Pequeña propiedad,183.0,2,1397.278334,SI,Agrícola y pecuario,
605,Polygon,70,233,EL ROBLE,SUCRE,70233,70233,Caribe,7004,SABANAS,Intermedio,-,10299,-,1. EOT,SEIS,G3_MEDIO,No PDET,NO ZOMAC,Medio Bajo,0.393271,2023,3.1.2,Mayor que 15 - hasta 20,Mayor que 15 - hasta 20,0,70233.0,Sucre,COROZAL,1.074446,A2. Mayor que 1 y menor que 2 horas,31.329141,Sucre,SINCELEJO,1.22435,A2. Mayor que 1 y menor que 2 horas,46.428636,Mediana propiedad,775.5196275670962,Pequeña propiedad,40.0,1,689.611973,SI,Agropecuario,
606,Polygon,70,235,GALERAS,SUCRE,70235,70235,Caribe,7004,SABANAS,Intermedio,-,24257,-,1. EOT,SEIS,G3_MEDIO,No PDET,NO ZOMAC,Medio Bajo,0.398045,2023,3.1.1,Mayor que 10 - hasta 15,Mayor que 10 - hasta 15,0,70235.0,Sucre,COROZAL,1.037955,A2. Mayor que 1 y menor que 2 horas,38.344574,Sucre,SINCELEJO,1.476993,A2. Mayor que 1 y menor que 2 horas,52.86417,Mediana propiedad,1588.993419518039,Pequeña propiedad,324.0,3,1840.220435,SI,-,
607,Polygon,70,265,GUARANDA,SUCRE,70265,70265,Caribe,7001,MOJANA,Intermedio,-,18955,-,1. EOT,SEIS,G3_MEDIO,No PDET,NO ZOMAC,Medio Bajo,0.638705,2023,3.1.1,Mayor que 10 - hasta 15,Mayor que 10 - hasta 15,0,70265.0,Sucre,SAN MARCOS,2.667848,A3. Mayor que 2 y menor que 3 horas,104.751385,Córdoba,MONTERÍA,5.479835,A6. Mayor que 5 y menor que 6 horas,230.496883,Mediana propiedad,7053.717388590903,Pequeña propiedad,212.0,2,6242.157183,SI,-,
608,Polygon,70,400,LA UNION,SUCRE,70400,70400,Caribe,7005,SAN JORGE,Rural,-,14282,-,1. EOT,SEIS,G5_BAJO,No PDET,NO ZOMAC,Bajo,0.579845,2023,3.2.1,Mayor que 20 - hasta 30,Mayor que 20 - hasta 30,0,70400.0,Córdoba,SAHAGÚN,0.899758,A1. Menos 1 hora,28.827922,Sucre,SINCELEJO,1.90189,A2. Mayor que 1 y menor que 2 horas,79.493817,Mediana propiedad,6794.061774742979,Pequeña propiedad,698.0,3,6940.967462,SI,Pecuario - Las zonas cercanas al municipio pueden incluso superar el rango establecido por influencia de usos redreativos.,
609,Polygon,70,418,LOS PALMITOS,SUCRE,70418,70418,Caribe,7004,SABANAS,Intermedio,-,24638,-,1. EOT,SEIS,G5_BAJO,PDET Montes de María, ZOMAC,Medio Bajo,0.509253,2023,3.2.1,Mayor que 20 - hasta 30,Mayor que 20 - hasta 30,0,70418.0,Sucre,COROZAL,0.177337,A1. Menos 1 hora,8.766905,Sucre,SINCELEJO,0.587359,A1. Menos 1 hora,22.120815,Mediana propiedad,2654.103689195433,Pequeña propiedad,483.0,2,3112.249826,SI,Agropecuario,
610,Polygon,70,429,MAJAGUAL,SUCRE,70429,70429,Caribe,7001,MOJANA,Rural,-,41601,-,2. PBOT,SEIS,G2_MEDIO_ALTO,No PDET,NO ZOMAC,Bajo,0.789199,2023,3.1.1,Mayor que 10 - hasta 15,Mayor que 10 - hasta 15,0,70429.0,Sucre,SAN MARCOS,2.232436,A3. Mayor que 2 y menor que 3 horas,88.238896,Córdoba,MONTERÍA,5.044423,A6. Mayor que 5 y menor que 6 horas,213.984394,Mediana propiedad,10670.08921772513,Pequeña propiedad,771.0,2,9874.709014,SI,Agropecuario,
623,Polygon,70,473,MORROA,SUCRE,70473,70473,Caribe,7002,MONTES DE MARIA,Intermedio,-,16360,-,1. EOT,SEIS,G3_MEDIO,PDET Montes de María, ZOMAC,Medio Bajo,0.717251,2023,3.2.1,Mayor que 20 - hasta 30,Mayor que 20 - hasta 30,0,70473.0,Sucre,COROZAL,0.12783,A1. Menos 1 hora,4.869848,Sucre,SINCELEJO,0.437474,A1. Menos 1 hora,12.536753,Mediana propiedad,1929.985758031921,Pequeña propiedad,1036.0,2,1847.303139,SI,Agropecuario,
611,Polygon,70,508,OVEJAS,SUCRE,70508,70508,Caribe,7002,MONTES DE MARIA,Rural,-,23862,-,1. EOT,SEIS,G1_ALTO,PDET Montes de María, ZOMAC,Medio,0.639636,2023,3.1.2,Mayor que 15 - hasta 20,Mayor que 15 - hasta 20,0,70508.0,Sucre,COROZAL,0.660203,A1. Menos 1 hora,30.867619,Sucre,SINCELEJO,1.070226,A2. Mayor que 1 y menor que 2 horas,44.22153,Mediana propiedad,969.3742005107697,Pequeña propiedad,169.0,3,2299.667557,SI,Agropecuario,
612,Polygon,70,523,PALMITO,SUCRE,70523,70523,Caribe,7003,MORROSQUILLO,Intermedio,-,16224,-,1. EOT,SEIS,G2_MEDIO_ALTO,PDET Montes de María, ZOMAC,Medio Bajo,0.579293,2023,3.3.1,Mayor que 40 - hasta 50,Mayor que 40 - hasta 50,0,70523.0,Sucre,SINCELEJO,0.805007,A1. Menos 1 hora,20.379394,Sucre,SINCELEJO,0.800489,A1. Menos 1 hora,20.337973,Pequeña propiedad,591.4280038221418,Pequeña propiedad,100.0,2,714.457271,SI,Agropecuario,
613,Polygon,70,670,SAMPUES,SUCRE,70670,70670,Caribe,7004,SABANAS,Intermedio,-,52591,-,2. PBOT,SEIS,G4_MEDIO_BAJO,No PDET,NO ZOMAC,Medio Bajo,0.609498,2023,4.1.1,Mayor que 60 - hasta 70,Mayor que 60 - hasta 70,0,70670.0,Sucre,SINCELEJO,0.452966,A1. Menos 1 hora,18.592388,Sucre,SINCELEJO,0.448449,A1. Menos 1 hora,18.550967,Pequeña propiedad,3539.796787100297,Pequeña propiedad,1289.0,2,3976.586908,SI,"Agropecuario, parcelaciones",
614,Polygon,70,678,SAN BENITO ABAD,SUCRE,70678,70678,Caribe,7005,SAN JORGE,Rural disperso,-,30950,-,2. PBOT,SEIS,G5_BAJO,No PDET,NO ZOMAC,Medio Bajo,0.59373,2023,3.1.1,Mayor que 10 - hasta 15,Mayor que 10 - hasta 15,0,70678.0,Sucre,COROZAL,1.802944,A2. Mayor que 1 y menor que 2 horas,65.976659,Sucre,SINCELEJO,2.083461,A3. Mayor que 2 y menor que 3 horas,71.447727,Mediana propiedad,25679.26640393363,Pequeña propiedad,965.0,1,23923.06173,SI,-,
615,Polygon,70,702,SAN JUAN BETULIA,SUCRE,70702,70702,Caribe,7004,SABANAS,Intermedio,-,14306,-,1. EOT,SEIS,G5_BAJO,No PDET,NO ZOMAC,Medio Bajo,0.462775,2023,3.2.1,Mayor que 20 - hasta 30,Mayor que 20 - hasta 30,0,70702.0,Sucre,COROZAL,0.206246,A1. Menos 1 hora,8.198276,Sucre,SINCELEJO,0.645284,A1. Menos 1 hora,22.717872,Pequeña propiedad,2646.212306970956,Pequeña propiedad,618.0,3,1849.304868,SI,-,
616,Polygon,70,708,SAN MARCOS,SUCRE,70708,70708,Caribe,7005,SAN JORGE,Intermedio,-,61679,-,2. PBOT,SEIS,G5_BAJO,No PDET,NO ZOMAC,Medio Bajo,0.591081,2023,3.2.2,Mayor que 30 - hasta 40,Mayor que 30 - hasta 40,0,70708.0,Sucre,SAN MARCOS,0.0,A1. Menos 1 hora,0.0,Córdoba,MONTERÍA,2.831169,A3. Mayor que 2 y menor que 3 horas,125.945498,Mediana propiedad,2073.98198675507,Pequeña propiedad,180.0,1,2320.323541,SI,-,
617,Polygon,70,713,SAN ONOFRE,SUCRE,70713,70713,Caribe,7003,MORROSQUILLO,Intermedio,-,56256,-,2. PBOT,SEIS,G3_MEDIO,PDET Montes de María, ZOMAC,Medio Bajo,0.615741,2023,3.2.1,Mayor que 20 - hasta 30,Mayor que 20 - hasta 30,0,70713.0,Sucre,SANTIAGO DE TOLÚ,0.723868,A1. Menos 1 hora,36.126198,Sucre,SINCELEJO,1.196461,A2. Mayor que 1 y menor que 2 horas,62.326912,"Gran propiedad, latifundios",4120.376926229155,Pequeña propiedad,429.0,3,3116.946878,SI,-,
618,Polygon,70,717,SAN PEDRO,SUCRE,70717,70717,Caribe,7004,SABANAS,Intermedio,-,20065,-,1. EOT,SEIS,G4_MEDIO_BAJO,No PDET,NO ZOMAC,Bajo,0.418545,2023,3.2.1,Mayor que 20 - hasta 30,Mayor que 20 - hasta 30,0,70717.0,Sucre,COROZAL,0.832692,A1. Menos 1 hora,40.000209,Sucre,SINCELEJO,1.242715,A2. Mayor que 1 y menor que 2 horas,53.35412,Mediana propiedad,1508.399211488901,Pequeña propiedad,276.0,2,1195.366753,SI,Agropecuario,
619,Polygon,70,742,SINCE,SUCRE,70742,70742,Caribe,7004,SABANAS,Intermedio,-,33046,-,2. PBOT,SEIS,G5_BAJO,No PDET,NO ZOMAC,Bajo,0.089812,2023,3.1.2,Mayor que 15 - hasta 20,Mayor que 15 - hasta 20,0,70742.0,Sucre,COROZAL,0.586772,A1. Menos 1 hora,21.903658,Sucre,SINCELEJO,1.025811,A2. Mayor que 1 y menor que 2 horas,36.423254,Mediana propiedad,14958.86677872301,Pequeña propiedad,991.0,2,13797.824177,SI,-,
620,Polygon,70,771,SUCRE,SUCRE,70771,70771,Caribe,7001,MOJANA,Rural,-,32573,-,2. PBOT,SEIS,G1_ALTO,No PDET,NO ZOMAC,Bajo,0.871651,2023,2.2.2,Mayor que 8 - hasta 10,Mayor que 8 - hasta 10,0,70771.0,Sucre,SAN MARCOS,3.100342,A4. Mayor que 3 y menor que 4 horas,100.299913,Córdoba,MONTERÍA,5.912329,A6. Mayor que 5 y menor que 6 horas,226.045411,Mediana propiedad,22319.08411436935,Pequeña propiedad,1829.0,2,21110.483967,SI,-,
621,Polygon,70,820,SANTIAGO DE TOLU,SUCRE,70820,70820,Caribe,7003,MORROSQUILLO,Intermedio,-,34472,-,2. PBOT,SEIS,G4_MEDIO_BAJO,No PDET,NO ZOMAC,Medio Bajo,0.652858,2023,3.2.2,Mayor que 30 - hasta 40,Mayor que 30 - hasta 40,0,70820.0,Sucre,SANTIAGO DE TOLÚ,0.0,A1. Menos 1 hora,0.0,Sucre,SINCELEJO,0.864621,A1. Menos 1 hora,40.096046,"Gran propiedad, latifundios",2881.679105496544,Mediana propiedad,18.0,3,3699.952985,SI,-,
622,Polygon,70,823,TOLU VIEJO,SUCRE,70823,70823,Caribe,7003,MORROSQUILLO,Rural,-,23099,-,1. EOT,SEIS,G4_MEDIO_BAJO,PDET Montes de María, ZOMAC,Medio Bajo,0.667859,2023,3.2.2,Mayor que 30 - hasta 40,Mayor que 30 - hasta 40,0,70823.0,Sucre,SANTIAGO DE TOLÚ,0.427372,A1. Menos 1 hora,19.313708,Sucre,SINCELEJO,0.464353,A1. Menos 1 hora,21.123759,Mediana propiedad,1577.862805418632,Pequeña propiedad,130.0,1,2661.951486,SI,Agrícola y pecuario,
1058,Polygon,73,1,IBAGUE,TOLIMA,73001,73001,Andina,7301,IBAGUE,Ciudades y aglomeraciones,si,542046,-,3. POT,UNO,G2_MEDIO_ALTO,No PDET,NO ZOMAC,Medio,0.533832,2017,4.2.2,Irradiado_Mayor que 140 - hasta 160,Mayor que 140 - hasta 160,1,73001.0,Tolima,IBAGUÉ,0.0,A1. Menos 1 hora,0.0,Tolima,IBAGUÉ,0.0,A1. Menos 1 hora,0.0,"Gran propiedad, latifundios",8841.291445313043,Pequeña propiedad,1744.0,2,18123.550539,SI,-,
1059,Polygon,73,24,ALPUJARRA,TOLIMA,73024,73024,Andina,7306,SURORIENTE,Rural disperso,-,4693,-,1. EOT,SEIS,G2_MEDIO_ALTO,No PDET,NO ZOMAC,Medio Bajo,0.631757,2017,2.2.2,Irradiado_Mayor que 20 - hasta 30,Mayor que 20 - hasta 30,1,73024.0,Huila,NEIVA,2.571919,A3. Mayor que 2 y menor que 3 horas,86.710469,Huila,NEIVA,2.522083,A3. Mayor que 2 y menor que 3 horas,85.810469,Mediana propiedad,7620.102740992251,Pequeña propiedad,1771.0,3,13980.455262,SI,-,
1060,Polygon,73,26,ALVARADO,TOLIMA,73026,73026,Andina,7301,IBAGUE,Rural,-,9277,-,1. EOT,SEIS,G4_MEDIO_BAJO,No PDET, ZOMAC,Medio Bajo,0.282382,2017,3.3.1,Irradiado_Mayor que 50 - hasta 60,Mayor que 50 - hasta 60,1,73026.0,Tolima,IBAGUÉ,1.047759,A2. Mayor que 1 y menor que 2 horas,41.051681,Tolima,IBAGUÉ,1.032742,A2. Mayor que 1 y menor que 2 horas,40.693102,Mediana propiedad,1307.616814447711,Pequeña propiedad,156.0,2,2366.258785,SI,-,
1061,Polygon,73,30,AMBALEMA,TOLIMA,73030,73030,Andina,7303,NORTE,Rural,-,6874,-,1. EOT,SEIS,G2_MEDIO_ALTO,No PDET,NO ZOMAC,Medio Bajo,0.383448,2017,3.3.1,Mayor que 40 - hasta 50,Mayor que 40 - hasta 50,0,73030.0,Tolima,SAN SEBASTIÁN DE MARIQUITA,1.513409,A2. Mayor que 1 y menor que 2 horas,71.988434,Tolima,IBAGUÉ,2.241104,A3. Mayor que 2 y menor que 3 horas,91.364885,"Gran propiedad, latifundios",1401.507283904705,Pequeña propiedad,79.0,3,1479.547713,SI,-,
1062,Polygon,73,43,ANZOATEGUI,TOLIMA,73043,73043,Andina,7301,IBAGUE,Rural disperso,-,10516,-,1. EOT,SEIS,G4_MEDIO_BAJO,No PDET, ZOMAC,Medio,0.655861,2017,3.1.1,Irradiado_Mayor que 15 - hasta 20,Mayor que 15 - hasta 20,1,73043.0,Tolima,IBAGUÉ,2.194046,A3. Mayor que 2 y menor que 3 horas,78.674935,Tolima,IBAGUÉ,2.179029,A3. Mayor que 2 y menor que 3 horas,78.316356,Pequeña propiedad,6156.984392518975,Pequeña propiedad,1359.0,4,9142.918714,SI,-,
1063,Polygon,73,55,ARMERO,TOLIMA,73055,73055,Andina,7303,NORTE,Rural,-,13473,-,1. EOT,SEIS,G1_ALTO,No PDET,NO ZOMAC,Medio Bajo,0.359099,2017,3.2.2,Mayor que 30 - hasta 40,Mayor que 30 - hasta 40,0,73055.0,Tolima,SAN SEBASTIÁN DE MARIQUITA,0.412378,A1. Menos 1 hora,21.053911,Tolima,IBAGUÉ,2.217498,A3. Mayor que 2 y menor que 3 horas,100.207525,Mediana propiedad,7828.494810115156,Pequeña propiedad,560.0,2,7579.642553,SI,-,
1064,Polygon,73,67,ATACO,TOLIMA,73067,73067,Andina,7305,SUR,Rural disperso,-,19985,-,1. EOT,SEIS,G5_BAJO,PDET Sur del Tolima, ZOMAC,Medio Alto,0.664727,2017,3.2.2,Irradiado_Mayor que 15 - hasta 20,Mayor que 15 - hasta 20,1,73067.0,Tolima,CHAPARRAL,1.179172,A2. Mayor que 1 y menor que 2 horas,34.414928,Huila,NEIVA,2.705661,A3. Mayor que 2 y menor que 3 horas,102.446003,Pequeña propiedad,21.18966135345501,Pequeña propiedad,20.0,3,1.43449,SI,-,
1065,Polygon,73,124,CAJAMARCA,TOLIMA,73124,73124,Andina,7301,IBAGUE,Rural,-,19312,-,1. EOT,SEIS,G3_MEDIO,No PDET, ZOMAC,Medio,0.365163,2017,3.3.1,Irradiado_Mayor que 50 - hasta 60,Mayor que 50 - hasta 60,1,73124.0,Quindío,CALARCÁ,1.41086,A2. Mayor que 1 y menor que 2 horas,33.381833,Antioquia,ARMENIA,1.622426,A2. Mayor que 1 y menor que 2 horas,37.551681,Pequeña propiedad,546.7519052596246,Pequeña propiedad,379.0,3,442.327254,SI,-,
1066,Polygon,73,148,CARMEN DE APICALA,TOLIMA,73148,73148,Andina,7304,ORIENTE,Rural,-,11141,-,1. EOT,SEIS,G2_MEDIO_ALTO,No PDET,NO ZOMAC,Bajo,0.521498,2017,3.3.1,Irradiado_Mayor que 120 - hasta 140,Mayor que 120 - hasta 140,1,73148.0,Tolima,MELGAR,0.470925,A1. Menos 1 hora,14.499495,Tolima,IBAGUÉ,2.015837,A3. Mayor que 2 y menor que 3 horas,82.079098,Mediana propiedad,3424.41935482147,Pequeña propiedad,3280.0,2,5147.538356,SI,-,
1067,Polygon,73,152,CASABIANCA,TOLIMA,73152,73152,Andina,7302,NEVADOS,Rural,-,6412,-,1. EOT,SEIS,G2_MEDIO_ALTO,No PDET, ZOMAC,Medio,0.495486,2024,3.2.1,Mayor que 20 - hasta 30,Mayor que 20 - hasta 30,0,73152.0,Tolima,SAN SEBASTIÁN DE MARIQUITA,1.328043,A2. Mayor que 1 y menor que 2 horas,41.750462,Caldas,MANIZALES,2.941664,A3. Mayor que 2 y menor que 3 horas,71.290873,Pequeña propiedad,3692.671754267697,Pequeña propiedad,1206.0,4,3799.454237,SI,-,
1068,Polygon,73,168,CHAPARRAL,TOLIMA,73168,73168,Andina,7305,SUR,Intermedio,-,54452,-,2. PBOT,SEIS,G5_BAJO,PDET Sur del Tolima, ZOMAC,Medio Alto,0.584027,2017,3.2.2,Mayor que 30 - hasta 40,Mayor que 30 - hasta 40,0,73168.0,Tolima,CHAPARRAL,0.0,A1. Menos 1 hora,0.0,Tolima,IBAGUÉ,3.213435,A4. Mayor que 3 y menor que 4 horas,150.545202,Mediana propiedad,2313.973017231703,Pequeña propiedad,597.0,2,3587.721624,SI,-,
1069,Polygon,73,200,COELLO,TOLIMA,73200,73200,Andina,7301,IBAGUE,Rural disperso,-,8498,-,1. EOT,SEIS,G5_BAJO,No PDET,NO ZOMAC,Bajo,0.721704,2017,3.3.1,Irradiado_Mayor que 50 - hasta 60,Mayor que 50 - hasta 60,1,73200.0,Tolima,FLANDES,0.353043,A1. Menos 1 hora,15.688225,Tolima,IBAGUÉ,1.465216,A2. Mayor que 1 y menor que 2 horas,53.776659,Mediana propiedad,1592.886646588873,Pequeña propiedad,760.0,1,2728.040692,SI,-,
1070,Polygon,73,217,COYAIMA,TOLIMA,73217,73217,Andina,7305,SUR,Rural disperso,-,23498,-,1. EOT,SEIS,G3_MEDIO,No PDET,NO ZOMAC,Medio,0.847816,2017,3.2.2,Irradiado_Mayor que 40 - hasta 50,Mayor que 40 - hasta 50,1,73217.0,Tolima,CHAPARRAL,1.01968,A2. Mayor que 1 y menor que 2 horas,38.829141,Tolima,IBAGUÉ,2.547438,A3. Mayor que 2 y menor que 3 horas,113.893521,Mediana propiedad,21.78578858318237,Pequeña propiedad,9.0,3,20124.079176,SI,-,
1071,Polygon,73,226,CUNDAY,TOLIMA,73226,73226,Andina,7304,ORIENTE,Rural disperso,-,8762,-,1. EOT,SEIS,G2_MEDIO_ALTO,No PDET,NO ZOMAC,Medio Bajo,0.567771,2017,3.2.1,Irradiado_Mayor que 30 - hasta 40,Mayor que 30 - hasta 40,1,73226.0,Tolima,MELGAR,1.090541,A2. Mayor que 1 y menor que 2 horas,28.673506,Tolima,IBAGUÉ,2.615682,A3. Mayor que 2 y menor que 3 horas,95.346003,Mediana propiedad,6241.238147819018,Pequeña propiedad,499.0,3,8569.140978,SI,-,
1072,Polygon,73,236,DOLORES,TOLIMA,73236,73236,Andina,7306,SURORIENTE,Rural,-,8606,-,1. EOT,SEIS,G2_MEDIO_ALTO,No PDET, ZOMAC,Medio,0.523386,2017,2.2.2,Irradiado_Mayor que 20 - hasta 30,Mayor que 20 - hasta 30,1,73236.0,Tolima,EL ESPINAL,2.470008,A3. Mayor que 2 y menor que 3 horas,89.36316,Huila,NEIVA,3.278227,A4. Mayor que 3 y menor que 4 horas,108.555548,Pequeña propiedad,4692.033106651666,Pequeña propiedad,1204.0,3,9009.666703,SI,-,
1073,Polygon,73,268,ESPINAL,TOLIMA,73268,73268,Andina,7301,IBAGUE,Intermedio,-,74810,-,2. PBOT,TRES,G1_ALTO,No PDET,NO ZOMAC,Bajo,0.625801,2017,3.3.2,Irradiado_Mayor que 120 - hasta 140,Mayor que 120 - hasta 140,1,73268.0,Tolima,EL ESPINAL,0.0,A1. Menos 1 hora,0.0,Tolima,IBAGUÉ,1.269428,A2. Mayor que 1 y menor que 2 horas,53.935238,Pequeña propiedad,11913.50070059716,Pequeña propiedad,5015.0,1,17618.170399,SI,-,
1074,Polygon,73,270,FALAN,TOLIMA,73270,73270,Andina,7303,NORTE,Rural disperso,-,7933,-,1. EOT,SEIS,G3_MEDIO,No PDET,NO ZOMAC,Medio Bajo,0.465386,2024,3.2.2,Mayor que 30 - hasta 40,Mayor que 30 - hasta 40,0,73270.0,Tolima,SAN SEBASTIÁN DE MARIQUITA,0.453805,A1. Menos 1 hora,15.566905,Tolima,IBAGUÉ,2.679182,A3. Mayor que 2 y menor que 3 horas,118.502857,Pequeña propiedad,2588.003426695907,Pequeña propiedad,681.0,3,2674.723609,SI,-,
1075,Polygon,73,275,FLANDES,TOLIMA,73275,73275,Andina,7301,IBAGUE,Intermedio,-,30135,-,2. PBOT,SEIS,G1_ALTO,No PDET,NO ZOMAC,Bajo,0.503287,2017,3.3.2,Irradiado_Mayor que 120 - hasta 140,Mayor que 120 - hasta 140,1,73275.0,Tolima,FLANDES,0.0,A1. Menos 1 hora,0.0,Tolima,IBAGUÉ,1.482293,A2. Mayor que 1 y menor que 2 horas,61.042345,Mediana propiedad,1037.16945585129,Pequeña propiedad,326.0,3,1697.475416,SI,-,
1076,Polygon,73,283,FRESNO,TOLIMA,73283,73283,Andina,7303,NORTE,Intermedio,-,32011,-,2. PBOT,SEIS,G2_MEDIO_ALTO,No PDET,NO ZOMAC,Medio Bajo,0.427269,2024,3.2.2,Mayor que 30 - hasta 40,Mayor que 30 - hasta 40,0,73283.0,Tolima,SAN SEBASTIÁN DE MARIQUITA,0.684509,A1. Menos 1 hora,21.237973,Caldas,MANIZALES,3.088295,A4. Mayor que 3 y menor que 4 horas,74.766609,Pequeña propiedad,4120.706726863704,Pequeña propiedad,1495.0,3,5923.603323,SI,-,
1077,Polygon,73,319,GUAMO,TOLIMA,73319,73319,Andina,7306,SURORIENTE,Intermedio,-,34681,-,2. PBOT,SEIS,G3_MEDIO,No PDET,NO ZOMAC,Bajo,0.554505,2017,3.3.2,Irradiado_Mayor que 100 - hasta 120,Mayor que 100 - hasta 120,1,73319.0,Tolima,EL ESPINAL,0.33438,A1. Menos 1 hora,17.896551,Tolima,IBAGUÉ,1.517375,A2. Mayor que 1 y menor que 2 horas,67.837677,Mediana propiedad,9121.28972294535,Pequeña propiedad,3172.0,1,16238.180761,SI,-,
1078,Polygon,73,347,HERVEO,TOLIMA,73347,73347,Andina,7302,NEVADOS,Rural disperso,-,7657,-,1. EOT,SEIS,G3_MEDIO,No PDET, ZOMAC,Medio,0.451334,2024,3.2.1,Mayor que 20 - hasta 30,Mayor que 20 - hasta 30,0,73347.0,Tolima,SAN SEBASTIÁN DE MARIQUITA,2.104264,A3. Mayor que 2 y menor que 3 horas,49.527417,Caldas,MANIZALES,2.311844,A3. Mayor que 2 y menor que 3 horas,55.974221,Pequeña propiedad,3796.417104271001,Pequeña propiedad,1507.0,4,3167.351189,SI,-,
1115,Polygon,73,349,HONDA,TOLIMA,73349,73349,Andina,7303,NORTE,Ciudades y aglomeraciones,-,25997,-,1. EOT,SEIS,G5_BAJO,No PDET,NO ZOMAC,Medio Bajo,0.205499,2017,3.2.2,Mayor que 30 - hasta 40,Mayor que 30 - hasta 40,0,73349.0,Tolima,SAN SEBASTIÁN DE MARIQUITA,0.698191,A1. Menos 1 hora,19.958074,Tolima,IBAGUÉ,3.230761,A4. Mayor que 3 y menor que 4 horas,140.336667,"Gran propiedad, latifundios",3066.868349921843,Pequeña propiedad,61.0,1,2125.360165,SI,-,
1079,Polygon,73,352,ICONONZO,TOLIMA,73352,73352,Andina,7304,ORIENTE,Rural,-,12542,-,1. EOT,SEIS,G1_ALTO,No PDET,NO ZOMAC,Medio,0.554455,2017,2.2.2,Irradiado_Mayor que 30 - hasta 40,Mayor que 30 - hasta 40,1,73352.0,Tolima,MELGAR,0.770388,A1. Menos 1 hora,17.092388,Tolima,IBAGUÉ,2.610324,A3. Mayor que 2 y menor que 3 horas,101.834228,Pequeña propiedad,4560.561610096704,Pequeña propiedad,1815.0,3,3735.550516,SI,-,
1080,Polygon,73,408,LERIDA,TOLIMA,73408,73408,Andina,7302,NEVADOS,Intermedio,-,18712,-,1. EOT,SEIS,G3_MEDIO,No PDET, ZOMAC,Medio Bajo,0.330793,2017,4.1.1,Mayor que 60 - hasta 70,Mayor que 60 - hasta 70,0,73408.0,Tolima,SAN SEBASTIÁN DE MARIQUITA,0.798816,A1. Menos 1 hora,43.053405,Tolima,IBAGUÉ,1.825474,A2. Mayor que 1 y menor que 2 horas,78.666609,Mediana propiedad,2104.346668209649,Pequeña propiedad,369.0,1,2902.718449,SI,-,
1081,Polygon,73,411,LIBANO,TOLIMA,73411,73411,Andina,7302,NEVADOS,Intermedio,-,37886,-,2. PBOT,SEIS,G3_MEDIO,No PDET,NO ZOMAC,Medio Bajo,0.353982,2024,3.3.2,Mayor que 50 - hasta 60,Mayor que 50 - hasta 60,0,73411.0,Tolima,SAN SEBASTIÁN DE MARIQUITA,1.46818,A2. Mayor que 1 y menor que 2 horas,54.555844,Tolima,IBAGUÉ,2.909825,A3. Mayor que 2 y menor que 3 horas,96.197475,Pequeña propiedad,3868.575296683083,Pequeña propiedad,1255.0,3,3793.296884,SI,-,
1082,Polygon,73,443,MARIQUITA,TOLIMA,73443,73443,Andina,7303,NORTE,Intermedio,-,39314,-,2. PBOT,SEIS,G3_MEDIO,No PDET,NO ZOMAC,Medio Bajo,0.495323,2017,3.3.2,Mayor que 50 - hasta 60,Mayor que 50 - hasta 60,0,73443.0,Tolima,SAN SEBASTIÁN DE MARIQUITA,0.0,A1. Menos 1 hora,0.0,Tolima,IBAGUÉ,2.53714,A3. Mayor que 2 y menor que 3 horas,120.578593,Mediana propiedad,751.0242213576305,Pequeña propiedad,60.0,3,642.248238,SI,-,
1083,Polygon,73,449,MELGAR,TOLIMA,73449,73449,Andina,7304,ORIENTE,Intermedio,-,38016,-,2. PBOT,CUATRO,G1_ALTO,No PDET,NO ZOMAC,Bajo,0.433535,2017,3.3.1,Irradiado_Mayor que 140 - hasta 160,Mayor que 140 - hasta 160,1,73449.0,Tolima,MELGAR,0.0,A1. Menos 1 hora,0.0,Tolima,IBAGUÉ,1.954888,A2. Mayor que 1 y menor que 2 horas,85.283261,Mediana propiedad,1993.635302073612,Pequeña propiedad,1158.0,2,1792.852386,SI,-,
1084,Polygon,73,461,MURILLO,TOLIMA,73461,73461,Andina,7302,NEVADOS,Rural disperso,-,4451,-,1. EOT,SEIS,G3_MEDIO,No PDET, ZOMAC,Medio,0.865794,2024,3.3.1,Mayor que 40 - hasta 50,Mayor que 40 - hasta 50,0,73461.0,Tolima,SAN SEBASTIÁN DE MARIQUITA,2.052931,A3. Mayor que 2 y menor que 3 horas,72.172496,Caldas,MANIZALES,2.801916,A3. Mayor que 2 y menor que 3 horas,65.631075,Mediana propiedad,2910.028377517367,Pequeña propiedad,187.0,3,2042.43686,SI,-,
1085,Polygon,73,483,NATAGAIMA,TOLIMA,73483,73483,Andina,7305,SUR,Rural,-,14852,-,1. EOT,SEIS,G4_MEDIO_BAJO,No PDET,NO ZOMAC,Medio,0.766006,2017,3.2.1,Irradiado_Mayor que 30 - hasta 40,Mayor que 30 - hasta 40,1,73483.0,Tolima,EL ESPINAL,1.274783,A2. Mayor que 1 y menor que 2 horas,69.119805,Huila,NEIVA,1.907011,A2. Mayor que 1 y menor que 2 horas,91.736457,Mediana propiedad,9871.937732905937,Pequeña propiedad,3139.0,2,10562.462073,SI,-,
1086,Polygon,73,504,ORTEGA,TOLIMA,73504,73504,Andina,7305,SUR,Rural disperso,-,34690,-,2. PBOT,SEIS,G5_BAJO,No PDET, ZOMAC,Medio,0.705333,2017,3.2.2,Mayor que 30 - hasta 40,Mayor que 30 - hasta 40,0,73504.0,Tolima,EL ESPINAL,1.031057,A2. Mayor que 1 y menor que 2 horas,56.434019,Tolima,IBAGUÉ,2.214051,A3. Mayor que 2 y menor que 3 horas,106.375144,Mediana propiedad,8296.22304301116,Pequeña propiedad,3054.0,3,10496.509749,SI,-,
1087,Polygon,73,520,PALOCABILDO,TOLIMA,73520,73520,Andina,7303,NORTE,Intermedio,-,9718,-,1. EOT,SEIS,G1_ALTO,No PDET,NO ZOMAC,Medio Bajo,0.824366,2024,3.3.2,Mayor que 50 - hasta 60,Mayor que 50 - hasta 60,0,73520.0,Tolima,SAN SEBASTIÁN DE MARIQUITA,0.751698,A1. Menos 1 hora,24.792388,Tolima,IBAGUÉ,2.977075,A3. Mayor que 2 y menor que 3 horas,127.72834,Pequeña propiedad,1409.826186207477,Pequeña propiedad,838.0,3,1137.480412,SI,-,
1088,Polygon,73,547,PIEDRAS,TOLIMA,73547,73547,Andina,7301,IBAGUE,Rural,-,7034,-,1. EOT,SEIS,G4_MEDIO_BAJO,No PDET,NO ZOMAC,Bajo,0.449784,2017,4.2.1,Irradiado_Mayor que 70 - hasta 80,Mayor que 70 - hasta 80,1,73547.0,Tolima,FLANDES,1.319692,A2. Mayor que 1 y menor que 2 horas,57.757063,Tolima,IBAGUÉ,1.36466,A2. Mayor que 1 y menor que 2 horas,51.401429,Mediana propiedad,358.2696610477034,"Gran propiedad, latifundios",6.0,2,484.191995,SI,-,
1089,Polygon,73,555,PLANADAS,TOLIMA,73555,73555,Andina,7305,SUR,Rural disperso,-,27293,-,1. EOT,SEIS,G4_MEDIO_BAJO,PDET Sur del Tolima, ZOMAC,Alto,0.512255,2017,3.1.2,Irradiado_Mayor que 30 - hasta 40,Mayor que 30 - hasta 40,1,73555.0,Tolima,CHAPARRAL,3.135042,A4. Mayor que 3 y menor que 4 horas,77.049452,Huila,NEIVA,4.328169,A5. Mayor que 4 y menor que 5 horas,94.477374,Mediana propiedad,2070.185702223845,Pequeña propiedad,506.0,2,4725.450516,SI,-,
1090,Polygon,73,563,PRADO,TOLIMA,73563,73563,Andina,7306,SURORIENTE,Rural,-,8777,-,1. EOT,SEIS,G2_MEDIO_ALTO,No PDET, ZOMAC,Medio Bajo,0.56131,2017,3.2.2,Irradiado_Mayor que 70 - hasta 80,Mayor que 70 - hasta 80,1,73563.0,Tolima,EL ESPINAL,1.377018,A2. Mayor que 1 y menor que 2 horas,58.751176,Tolima,IBAGUÉ,2.560013,A3. Mayor que 2 y menor que 3 horas,108.692302,Pequeña propiedad,2277.608679875257,Pequeña propiedad,825.0,1,3269.583746,SI,-,
1091,Polygon,73,585,PURIFICACION,TOLIMA,73585,73585,Andina,7306,SURORIENTE,Intermedio,-,23963,-,1. EOT,SEIS,G4_MEDIO_BAJO,No PDET,NO ZOMAC,Bajo,0.578906,2017,3.2.2,Irradiado_Mayor que 60 - hasta 70,Mayor que 60 - hasta 70,1,73585.0,Tolima,EL ESPINAL,0.976331,A1. Menos 1 hora,45.801429,Tolima,IBAGUÉ,2.159326,A3. Mayor que 2 y menor que 3 horas,95.742554,Pequeña propiedad,5767.849499771844,Pequeña propiedad,2851.0,1,9635.219631,SI,-,
1092,Polygon,73,616,RIOBLANCO,TOLIMA,73616,73616,Andina,7305,SUR,Rural disperso,-,23293,-,1. EOT,SEIS,G5_BAJO,PDET Sur del Tolima, ZOMAC,Medio Alto,0.647157,2017,3.1.2,Irradiado_Mayor que 30 - hasta 40,Mayor que 30 - hasta 40,1,73616.0,Tolima,CHAPARRAL,1.679537,A2. Mayor que 1 y menor que 2 horas,42.161732,Huila,NEIVA,4.691684,A5. Mayor que 4 y menor que 5 horas,158.82855,Mediana propiedad,1188.124638668358,Pequeña propiedad,287.0,2,1707.379867,SI,-,
1093,Polygon,73,622,RONCESVALLES,TOLIMA,73622,73622,Andina,7305,SUR,Rural disperso,-,5625,-,1. EOT,SEIS,G5_BAJO,No PDET, ZOMAC,Medio Alto,0.621488,2017,2.1.3,Irradiado_Mayor que 10 - hasta 15,Mayor que 10 - hasta 15,1,73622.0,Tolima,CHAPARRAL,2.619231,A3. Mayor que 2 y menor que 3 horas,67.948232,Tolima,IBAGUÉ,3.629104,A4. Mayor que 3 y menor que 4 horas,94.780317,Mediana propiedad,3697.291928156573,Mediana propiedad,188.0,3,6090.383747,SI,-,
1094,Polygon,73,624,ROVIRA,TOLIMA,73624,73624,Andina,7301,IBAGUE,Rural,-,22360,-,1. EOT,SEIS,G4_MEDIO_BAJO,No PDET, ZOMAC,Medio Alto,0.689103,2017,3.2.2,Mayor que 30 - hasta 40,Mayor que 30 - hasta 40,0,73624.0,Tolima,IBAGUÉ,1.207235,A2. Mayor que 1 y menor que 2 horas,28.114928,Tolima,IBAGUÉ,1.192218,A2. Mayor que 1 y menor que 2 horas,27.756349,Mediana propiedad,657.6105208586827,Pequeña propiedad,209.0,2,1041.79633,SI,-,
1095,Polygon,73,671,SALDAÑA,TOLIMA,73671,73671,Andina,7306,SURORIENTE,Intermedio,-,14882,-,1. EOT,SEIS,G3_MEDIO,No PDET,NO ZOMAC,Bajo,0.607598,2017,3.2.2,Irradiado_Mayor que 70 - hasta 80,Mayor que 70 - hasta 80,1,73671.0,Tolima,EL ESPINAL,0.573092,A1. Menos 1 hora,31.681833,Tolima,IBAGUÉ,1.756086,A2. Mayor que 1 y menor que 2 horas,81.622958,Mediana propiedad,3562.334008786085,Pequeña propiedad,1270.0,1,5930.218356,SI,-,
1096,Polygon,73,675,SAN ANTONIO,TOLIMA,73675,73675,Andina,7305,SUR,Rural disperso,-,13429,-,1. EOT,SEIS,G4_MEDIO_BAJO,No PDET, ZOMAC,Medio Alto,0.605061,2017,3.2.1,Irradiado_Mayor que 30 - hasta 40,Mayor que 30 - hasta 40,1,73675.0,Tolima,CHAPARRAL,1.170295,A2. Mayor que 1 y menor que 2 horas,31.580613,Tolima,IBAGUÉ,3.405442,A4. Mayor que 3 y menor que 4 horas,89.686205,Pequeña propiedad,97.51833795896995,Pequeña propiedad,44.0,1,179.425248,SI,-,
1097,Polygon,73,678,SAN LUIS,TOLIMA,73678,73678,Andina,7301,IBAGUE,Rural disperso,-,13441,-,1. EOT,SEIS,G5_BAJO,No PDET,NO ZOMAC,Medio Bajo,0.459472,2017,3.2.1,Irradiado_Mayor que 50 - hasta 60,Mayor que 50 - hasta 60,1,73678.0,Tolima,EL ESPINAL,0.914583,A1. Menos 1 hora,38.775945,Tolima,IBAGUÉ,1.611306,A2. Mayor que 1 y menor que 2 horas,47.111479,Pequeña propiedad,9094.852332629256,Pequeña propiedad,3011.0,3,13139.179206,SI,-,
1098,Polygon,73,686,SANTA ISABEL,TOLIMA,73686,73686,Andina,7302,NEVADOS,Rural,-,5784,-,1. EOT,SEIS,G3_MEDIO,No PDET, ZOMAC,Medio,0.450331,2017,3.1.2,Mayor que 15 - hasta 20,Mayor que 15 - hasta 20,0,73686.0,Tolima,SAN SEBASTIÁN DE MARIQUITA,1.877557,A2. Mayor que 1 y menor que 2 horas,78.031075,Tolima,IBAGUÉ,2.325088,A3. Mayor que 2 y menor que 3 horas,84.702143,Mediana propiedad,1923.942794055705,Pequeña propiedad,292.0,3,3201.952233,SI,-,
1099,Polygon,73,770,SUAREZ,TOLIMA,73770,73770,Andina,7306,SURORIENTE,Rural,-,3919,-,1. EOT,SEIS,G2_MEDIO_ALTO,No PDET,NO ZOMAC,Bajo,0.747887,2017,3.3.1,Irradiado_Mayor que 50 - hasta 60,Mayor que 50 - hasta 60,1,73770.0,Tolima,EL ESPINAL,0.473756,A1. Menos 1 hora,16.73381,Tolima,IBAGUÉ,1.70856,A2. Mayor que 1 y menor que 2 horas,69.586205,Mediana propiedad,3881.085164851956,Pequeña propiedad,789.0,2,6789.434782,SI,-,
1100,Polygon,73,854,VALLE DE SAN JUAN,TOLIMA,73854,73854,Andina,7301,IBAGUE,Rural,-,5505,-,1. EOT,SEIS,G4_MEDIO_BAJO,No PDET,NO ZOMAC,Medio Bajo,0.614836,2017,3.1.2,Irradiado_Mayor que 20 - hasta 30,Mayor que 20 - hasta 30,1,73854.0,Tolima,EL ESPINAL,1.137813,A2. Mayor que 1 y menor que 2 horas,41.555844,Tolima,IBAGUÉ,1.347648,A2. Mayor que 1 y menor que 2 horas,39.52153,Mediana propiedad,4559.181671809495,Pequeña propiedad,714.0,3,4357.403445,SI,-,
1101,Polygon,73,861,VENADILLO,TOLIMA,73861,73861,Andina,7302,NEVADOS,Intermedio,-,13217,-,1. EOT,SEIS,G3_MEDIO,No PDET, ZOMAC,Medio Bajo,0.356367,2017,3.3.1,Mayor que 40 - hasta 50,Mayor que 40 - hasta 50,0,73861.0,Tolima,SAN SEBASTIÁN DE MARIQUITA,1.262801,A2. Mayor que 1 y menor que 2 horas,62.087215,Tolima,IBAGUÉ,1.421031,A2. Mayor que 1 y menor que 2 horas,59.174221,"Gran propiedad, latifundios",4220.655938991372,Pequeña propiedad,152.0,2,7440.876114,SI,-,
1102,Polygon,73,870,VILLAHERMOSA,TOLIMA,73870,73870,Andina,7302,NEVADOS,Rural,-,9720,-,1. EOT,SEIS,G5_BAJO,No PDET, ZOMAC,Medio,0.451116,2024,3.2.2,Mayor que 30 - hasta 40,Mayor que 30 - hasta 40,0,73870.0,Tolima,SAN SEBASTIÁN DE MARIQUITA,1.684581,A2. Mayor que 1 y menor que 2 horas,48.368838,Caldas,MANIZALES,3.294168,A4. Mayor que 3 y menor que 4 horas,77.792092,Pequeña propiedad,196.4887794967664,Pequeña propiedad,100.0,4,185.06486,SI,-,
1103,Polygon,73,873,VILLARRICA,TOLIMA,73873,73873,Andina,7304,ORIENTE,Rural,-,5192,-,1. EOT,SEIS,G3_MEDIO,No PDET, ZOMAC,Medio Bajo,0.679175,2017,2.2.2,Irradiado_Mayor que 20 - hasta 30,Mayor que 20 - hasta 30,1,73873.0,Tolima,MELGAR,1.970807,A2. Mayor que 1 y menor que 2 horas,53.581328,Tolima,IBAGUÉ,3.495949,A4. Mayor que 3 y menor que 4 horas,120.253824,Pequeña propiedad,27.19723908927259,Pequeña propiedad,25.0,3,6381.699191,SI,-,
57,Polygon,76,1,CALI,VALLE DEL CAUCA,76001,76001,Andina,7605,SUR,Ciudades y aglomeraciones,si,2280522,-,3. POT,ESPECIAL,G4_MEDIO_BAJO,No PDET,NO ZOMAC,Medio Bajo,0.260643,-,-,Irradiado_Mayor que 500 - hasta 600,Mayor que 500 - hasta 600,1,76001.0,Valle del Cauca,"SANTIAGO DE CALI, DISTRITO ESPECIAL, DEPORTIVO, CULTURAL, TURÍSTICO, EMPRESARIAL Y DE SERVICIOS",0.0,A1. Menos 1 hora,0.0,Valle del Cauca,SANTIAGO DE CALI,0.0,A1. Menos 1 hora,0.0,Mediana propiedad,8074.844779318856,Pequeña propiedad,1861.0,4,6410.888474,SI,-,
74,Polygon,76,20,ALCALA,VALLE DEL CAUCA,76020,76020,Andina,7602,NORTE,Intermedio,-,14825,-,1. EOT,SEIS,G4_MEDIO_BAJO,No PDET,NO ZOMAC,Bajo,0.358702,-,-,Irradiado_Mayor que 70 - hasta 80,Mayor que 70 - hasta 80,1,76020.0,Quindío,QUIMBAYA,0.173757,A1. Menos 1 hora,6.959798,Antioquia,ARMENIA,0.648615,A1. Menos 1 hora,27.862237,Pequeña propiedad,3418.945467885664,Pequeña propiedad,1346.0,2,3368.376506,SI,-,
58,Polygon,76,36,ANDALUCIA,VALLE DEL CAUCA,76036,76036,Andina,7601,CENTRO,Intermedio,-,22990,-,1. EOT,SEIS,G3_MEDIO,No PDET,NO ZOMAC,Medio,0.459227,-,-,Irradiado_Mayor que 50 - hasta 60,Mayor que 50 - hasta 60,1,76036.0,Valle del Cauca,TULUÁ,0.298102,A1. Menos 1 hora,13.056854,Antioquia,ARMENIA,1.98301,A2. Mayor que 1 y menor que 2 horas,78.420519,Mediana propiedad,5390.76729953639,Pequeña propiedad,1579.0,1,4591.098177,SI,-,
59,Polygon,76,41,ANSERMANUEVO,VALLE DEL CAUCA,76041,76041,Andina,7602,NORTE,Intermedio,-,18270,-,1. EOT,SEIS,G2_MEDIO_ALTO,No PDET, ZOMAC,Bajo,0.368199,-,-,Irradiado_Mayor que 70 - hasta 80,Mayor que 70 - hasta 80,1,76041.0,Valle del Cauca,CARTAGO,0.242026,A1. Menos 1 hora,8.666905,Risaralda,PEREIRA,1.029851,A2. Mayor que 1 y menor que 2 horas,43.785996,Mediana propiedad,14834.00207257914,Pequeña propiedad,1939.0,3,15472.004209,SI,-,
60,Polygon,76,54,ARGELIA,VALLE DEL CAUCA,76054,76054,Andina,7602,NORTE,Intermedio,-,5533,-,1. EOT,SEIS,G4_MEDIO_BAJO,No PDET, ZOMAC,Medio Bajo,0.272553,-,-,Irradiado_Mayor que 10 - hasta 15,Mayor que 10 - hasta 15,1,76054.0,Valle del Cauca,CARTAGO,1.157278,A2. Mayor que 1 y menor que 2 horas,30.18772,Risaralda,PEREIRA,1.945103,A2. Mayor que 1 y menor que 2 horas,65.306811,Pequeña propiedad,44.58396099251192,Pequeña propiedad,6.0,4,101.146715,SI,-,
96,Polygon,76,100,BOLIVAR,VALLE DEL CAUCA,76100,76100,Andina,7602,NORTE,Rural disperso,-,16412,-,1. EOT,SEIS,G4_MEDIO_BAJO,No PDET, ZOMAC,Medio,0.444603,-,-,Irradiado_Mayor que 15 - hasta 20,Mayor que 15 - hasta 20,1,76100.0,Valle del Cauca,ROLDANILLO,0.288865,A1. Menos 1 hora,12.112489,Risaralda,PEREIRA,2.029002,A3. Mayor que 2 y menor que 3 horas,99.822958,Mediana propiedad,8622.271416940994,Pequeña propiedad,1650.0,4,8502.377241,SI,-,
98,Polygon,76,109,BUENAVENTURA,VALLE DEL CAUCA,76109,76109,Andina,7603,OCCIDENTE,Ciudades y aglomeraciones,-,323360,-,3. POT,UNO,G1_ALTO,PDET Pacífico Medio, ZOMAC,Medio Alto,0.457684,-,-,Irradiado_Mayor que 15 - hasta 20,Mayor que 15 - hasta 20,1,76109.0,Valle del Cauca,"BUENAVENTURA, DISTRITO ESPECIAL, INDUSTRIAL, PORTUARIO, BIODIVERSO Y ECOTURÍSTICO",0.0,A1. Menos 1 hora,0.0,Valle del Cauca,SANTIAGO DE CALI,4.8066,A5. Mayor que 4 y menor que 5 horas,119.219509,Mediana propiedad,83.81484137972872,Pequeña propiedad,38.0,3,1287.600017,SI,-,
61,Polygon,76,111,BUGA,VALLE DEL CAUCA,76111,76111,Andina,7601,CENTRO,Ciudades y aglomeraciones,-,133322,-,3. POT,DOS,,No PDET,NO ZOMAC,Medio Bajo,0.421635,-,-,Irradiado_Mayor que 80 - hasta 100,Mayor que 80 - hasta 100,1,76111.0,Valle del Cauca,GUADALAJARA DE BUGA,0.0,A1. Menos 1 hora,0.0,Valle del Cauca,SANTIAGO DE CALI,1.423568,A2. Mayor que 1 y menor que 2 horas,71.498485,Mediana propiedad,28970.386918555025,Pequeña propiedad,2402.0,4,24584.901293,SI,-,
62,Polygon,76,113,BUGALAGRANDE,VALLE DEL CAUCA,76113,76113,Andina,7601,CENTRO,Rural,-,26020,-,1. EOT,CINCO,G3_MEDIO,No PDET,NO ZOMAC,Medio,0.552083,-,-,Irradiado_Mayor que 60 - hasta 70,Mayor que 60 - hasta 70,1,76113.0,Valle del Cauca,TULUÁ,0.390731,A1. Menos 1 hora,18.095332,Antioquia,ARMENIA,1.898464,A2. Mayor que 1 y menor que 2 horas,73.664885,"Gran propiedad, latifundios",19385.71579850538,Pequeña propiedad,2516.0,3,12723.242808,SI,-,
63,Polygon,76,122,CAICEDONIA,VALLE DEL CAUCA,76122,76122,Andina,7604,ORIENTE,Intermedio,-,29542,-,2. PBOT,SEIS,G2_MEDIO_ALTO,No PDET, ZOMAC,Medio Bajo,0.318182,-,-,Irradiado_Mayor que 50 - hasta 60,Mayor que 50 - hasta 60,1,76122.0,Quindío,LA TEBAIDA,0.62183,A1. Menos 1 hora,27.103658,Antioquia,ARMENIA,1.095562,A2. Mayor que 1 y menor que 2 horas,43.175945,Mediana propiedad,8618.317071139205,Pequeña propiedad,1259.0,3,8856.940884,SI,-,
64,Polygon,76,126,CALIMA,VALLE DEL CAUCA,76126,76126,Andina,7601,CENTRO,Rural,-,19348,-,2. PBOT,SEIS,G5_BAJO,No PDET, ZOMAC,Medio,0.199046,-,-,Irradiado_Mayor que 80 - hasta 100,Mayor que 80 - hasta 100,1,76126.0,Valle del Cauca,GUADALAJARA DE BUGA,0.945061,A1. Menos 1 hora,36.123254,Valle del Cauca,SANTIAGO DE CALI,1.906113,A2. Mayor que 1 y menor que 2 horas,89.603362,"Gran propiedad, latifundios",250.92243803881598,Pequeña propiedad,14.0,2,236.908654,SI,-,
65,Polygon,76,130,CANDELARIA,VALLE DEL CAUCA,76130,76130,Andina,7605,SUR,Ciudades y aglomeraciones,-,93932,-,2. PBOT,TRES,G3_MEDIO,No PDET,NO ZOMAC,Bajo,0.603711,-,-,Irradiado_Mayor que 60 - hasta 70,Mayor que 60 - hasta 70,1,76130.0,Valle del Cauca,CANDELARIA,0.0,A1. Menos 1 hora,0.0,Valle del Cauca,SANTIAGO DE CALI,0.671846,A1. Menos 1 hora,28.648023,Mediana propiedad,17300.30476639119,Pequeña propiedad,2460.0,1,18205.591647,SI,-,
66,Polygon,76,147,CARTAGO,VALLE DEL CAUCA,76147,76147,Andina,7602,NORTE,Ciudades y aglomeraciones,-,142902,-,3. POT,CUATRO,G5_BAJO,No PDET,NO ZOMAC,Bajo,0.301521,-,-,Irradiado_Mayor que 70 - hasta 80,Mayor que 70 - hasta 80,1,76147.0,Valle del Cauca,CARTAGO,0.0,A1. Menos 1 hora,0.0,Risaralda,PEREIRA,0.885078,A1. Menos 1 hora,35.684776,Mediana propiedad,12659.327845977825,Pequeña propiedad,927.0,4,13424.583504,SI,-,
97,Polygon,76,233,DAGUA,VALLE DEL CAUCA,76233,76233,Andina,7605,SUR,Rural disperso,-,49658,-,2. PBOT,SEIS,G2_MEDIO_ALTO,No PDET, ZOMAC,Medio,0.443006,-,-,Irradiado_Mayor que 40 - hasta 50,Mayor que 40 - hasta 50,1,76233.0,Valle del Cauca,"SANTIAGO DE CALI, DISTRITO ESPECIAL, DEPORTIVO, CULTURAL, TURÍSTICO, EMPRESARIAL Y DE SERVICIOS",1.511469,A2. Mayor que 1 y menor que 2 horas,50.255844,Valle del Cauca,SANTIAGO DE CALI,1.522417,A2. Mayor que 1 y menor que 2 horas,49.014423,Mediana propiedad,3958.0226176154856,Pequeña propiedad,1358.0,4,4686.722255,SI,-,
67,Polygon,76,243,EL AGUILA,VALLE DEL CAUCA,76243,76243,Andina,7602,NORTE,Rural disperso,-,9137,-,1. EOT,SEIS,G1_ALTO,No PDET, ZOMAC,Medio Bajo,0.403439,-,-,Irradiado_Mayor que 20 - hasta 30,Mayor que 20 - hasta 30,1,76243.0,Risaralda,LA VIRGINIA,1.336205,A2. Mayor que 1 y menor que 2 horas,28.911984,Risaralda,PEREIRA,2.132365,A3. Mayor que 2 y menor que 3 horas,67.921024,Pequeña propiedad,8572.991222218698,Pequeña propiedad,2100.0,3,8480.652065,SI,-,
68,Polygon,76,246,EL CAIRO,VALLE DEL CAUCA,76246,76246,Andina,7602,NORTE,Rural disperso,-,7021,-,1. EOT,SEIS,G2_MEDIO_ALTO,No PDET, ZOMAC,Medio,0.446728,-,-,Irradiado_Mayor que 10 - hasta 15,Mayor que 10 - hasta 15,1,76246.0,Valle del Cauca,CARTAGO,2.075738,A3. Mayor que 2 y menor que 3 horas,49.501429,Risaralda,PEREIRA,2.863563,A3. Mayor que 2 y menor que 3 horas,84.620519,Mediana propiedad,200.71163916099874,Pequeña propiedad,6.0,3,77.650288,SI,-,
69,Polygon,76,248,EL CERRITO,VALLE DEL CAUCA,76248,76248,Andina,7601,CENTRO,Intermedio,-,57849,-,2. PBOT,CINCO,G4_MEDIO_BAJO,No PDET,NO ZOMAC,Bajo,0.382237,-,-,Irradiado_Mayor que 70 - hasta 80,Mayor que 70 - hasta 80,1,76248.0,Valle del Cauca,EL CERRITO,0.0,A1. Menos 1 hora,0.0,Valle del Cauca,SANTIAGO DE CALI,0.939664,A1. Menos 1 hora,47.288939,Mediana propiedad,17398.731763958112,Pequeña propiedad,2059.0,1,14322.706428,SI,-,
70,Polygon,76,250,EL DOVIO,VALLE DEL CAUCA,76250,76250,Andina,7602,NORTE,Rural,-,9177,-,1. EOT,SEIS,G4_MEDIO_BAJO,No PDET, ZOMAC,Medio,0.44157,-,-,Irradiado_Mayor que 10 - hasta 15,Mayor que 10 - hasta 15,1,76250.0,Valle del Cauca,LA UNIÓN,0.603822,A1. Menos 1 hora,19.306602,Risaralda,PEREIRA,2.137473,A3. Mayor que 2 y menor que 3 horas,95.346003,Mediana propiedad,1497.025822129688,Pequeña propiedad,43.0,4,1620.355377,SI,-,
71,Polygon,76,275,FLORIDA,VALLE DEL CAUCA,76275,76275,Andina,7605,SUR,Ciudades y aglomeraciones,-,58399,-,2. PBOT,SEIS,G1_ALTO,PDET Alto Patía-Norte del Cauca, ZOMAC,Medio Alto,0.570251,-,-,Irradiado_Mayor que 30 - hasta 40,Mayor que 30 - hasta 40,1,76275.0,Valle del Cauca,FLORIDA,0.0,A1. Menos 1 hora,0.0,Valle del Cauca,SANTIAGO DE CALI,0.999408,A1. Menos 1 hora,43.903153,Mediana propiedad,11988.309894365837,Pequeña propiedad,2408.0,4,10035.239091,SI,-,
72,Polygon,76,306,GINEBRA,VALLE DEL CAUCA,76306,76306,Andina,7601,CENTRO,Intermedio,-,24996,-,1. EOT,SEIS,G2_MEDIO_ALTO,No PDET,NO ZOMAC,Bajo,0.661287,-,-,Irradiado_Mayor que 60 - hasta 70,Mayor que 60 - hasta 70,1,76306.0,Valle del Cauca,EL CERRITO,0.223033,A1. Menos 1 hora,8.084062,Valle del Cauca,SANTIAGO DE CALI,1.067075,A2. Mayor que 1 y menor que 2 horas,55.914423,Mediana propiedad,5139.925380219835,Pequeña propiedad,1785.0,2,4656.916922,SI,-,
73,Polygon,76,318,GUACARI,VALLE DEL CAUCA,76318,76318,Andina,7601,CENTRO,Intermedio,-,35378,-,2. PBOT,SEIS,G4_MEDIO_BAJO,No PDET,NO ZOMAC,Medio Bajo,0.584846,-,-,Irradiado_Mayor que 60 - hasta 70,Mayor que 60 - hasta 70,1,76318.0,Valle del Cauca,EL CERRITO,0.231494,A1. Menos 1 hora,9.887006,Valle del Cauca,SANTIAGO DE CALI,1.028396,A2. Mayor que 1 y menor que 2 horas,54.468838,Mediana propiedad,7074.956934365504,Pequeña propiedad,1515.0,1,5455.659173,SI,-,
95,Polygon,76,364,JAMUNDI,VALLE DEL CAUCA,76364,76364,Andina,7605,SUR,Ciudades y aglomeraciones,-,180917,-,3. POT,TRES,G5_BAJO,No PDET,NO ZOMAC,Medio,0.254451,-,-,Irradiado_Mayor que 100 - hasta 120,Mayor que 100 - hasta 120,1,76364.0,Valle del Cauca,JAMUNDÍ,0.0,A1. Menos 1 hora,0.0,Valle del Cauca,SANTIAGO DE CALI,0.592952,A1. Menos 1 hora,20.525483,Mediana propiedad,21813.195310367773,Pequeña propiedad,5880.0,3,15089.072657,SI,-,
94,Polygon,76,377,LA CUMBRE,VALLE DEL CAUCA,76377,76377,Andina,7605,SUR,Rural,-,17280,-,1. EOT,SEIS,G4_MEDIO_BAJO,No PDET,NO ZOMAC,Bajo,0.405476,-,-,Irradiado_Mayor que 40 - hasta 50,Mayor que 40 - hasta 50,1,76377.0,Valle del Cauca,YUMBO,0.842483,A1. Menos 1 hora,21.889444,Valle del Cauca,SANTIAGO DE CALI,1.00857,A2. Mayor que 1 y menor que 2 horas,35.853405,Pequeña propiedad,20.216352356928596,Pequeña propiedad,9.0,4,94.650642,SI,-,
93,Polygon,76,400,LA UNION,VALLE DEL CAUCA,76400,76400,Andina,7602,NORTE,Intermedio,-,34704,-,2. PBOT,SEIS,G2_MEDIO_ALTO,No PDET,NO ZOMAC,Medio Bajo,0.300877,-,-,Irradiado_Mayor que 60 - hasta 70,Mayor que 60 - hasta 70,1,76400.0,Valle del Cauca,LA UNIÓN,0.0,A1. Menos 1 hora,0.0,Risaralda,PEREIRA,1.694274,A2. Mayor que 1 y menor que 2 horas,77.522244,Pequeña propiedad,5315.399205623218,Pequeña propiedad,2070.0,4,6232.743651,SI,-,
92,Polygon,76,403,LA VICTORIA,VALLE DEL CAUCA,76403,76403,Andina,7602,NORTE,Rural,-,12475,-,1. EOT,SEIS,G4_MEDIO_BAJO,No PDET,NO ZOMAC,Bajo,0.309764,-,-,Irradiado_Mayor que 60 - hasta 70,Mayor que 60 - hasta 70,1,76403.0,Valle del Cauca,LA UNIÓN,0.337763,A1. Menos 1 hora,12.549747,Risaralda,PEREIRA,1.378705,A2. Mayor que 1 y menor que 2 horas,65.031075,Mediana propiedad,12601.350272140362,Pequeña propiedad,974.0,4,13694.793746,SI,-,
75,Polygon,76,497,OBANDO,VALLE DEL CAUCA,76497,76497,Andina,7602,NORTE,Intermedio,-,12615,-,1. EOT,SEIS,G3_MEDIO,No PDET,NO ZOMAC,Medio Bajo,0.347362,-,-,Irradiado_Mayor que 70 - hasta 80,Mayor que 70 - hasta 80,1,76497.0,Valle del Cauca,ZARZAL,0.510869,A1. Menos 1 hora,26.473506,Risaralda,PEREIRA,1.16544,A2. Mayor que 1 y menor que 2 horas,54.401429,Mediana propiedad,13664.185784232157,Pequeña propiedad,1334.0,4,11705.072295,SI,-,
76,Polygon,76,520,PALMIRA,VALLE DEL CAUCA,76520,76520,Andina,7605,SUR,Ciudades y aglomeraciones,-,358895,-,3. POT,UNO,G4_MEDIO_BAJO,No PDET,NO ZOMAC,Medio Bajo,0.336797,-,-,Irradiado_Mayor que 300 - hasta 400,Mayor que 300 - hasta 400,1,76520.0,Valle del Cauca,PALMIRA,0.0,A1. Menos 1 hora,0.0,Valle del Cauca,SANTIAGO DE CALI,0.745829,A1. Menos 1 hora,35.286501,Mediana propiedad,33309.42657365915,Pequeña propiedad,5734.0,1,37792.579432,SI,-,
77,Polygon,76,563,PRADERA,VALLE DEL CAUCA,76563,76563,Andina,7605,SUR,Ciudades y aglomeraciones,-,49297,-,2. PBOT,CINCO,G1_ALTO,PDET Alto Patía-Norte del Cauca, ZOMAC,Medio,0.531494,-,-,Irradiado_Mayor que 40 - hasta 50,Mayor que 40 - hasta 50,1,76563.0,Valle del Cauca,PRADERA,0.0,A1. Menos 1 hora,0.0,Valle del Cauca,SANTIAGO DE CALI,0.954147,A1. Menos 1 hora,42.129141,Mediana propiedad,12916.313616718786,Pequeña propiedad,1788.0,4,12513.897839,SI,-,
78,Polygon,76,606,RESTREPO,VALLE DEL CAUCA,76606,76606,Andina,7601,CENTRO,Intermedio,-,16487,-,1. EOT,SEIS,G1_ALTO,No PDET,NO ZOMAC,Medio Bajo,0.408556,-,-,Irradiado_Mayor que 70 - hasta 80,Mayor que 70 - hasta 80,1,76606.0,Valle del Cauca,GUADALAJARA DE BUGA,0.922965,A1. Menos 1 hora,35.594827,Valle del Cauca,SANTIAGO DE CALI,1.588771,A2. Mayor que 1 y menor que 2 horas,58.932799,Pequeña propiedad,1.583009384401642,Pequeña propiedad,3.0,2,31.912438,SI,-,
79,Polygon,76,616,RIOFRIO,VALLE DEL CAUCA,76616,76616,Andina,7601,CENTRO,Rural,-,15950,-,1. EOT,SEIS,G3_MEDIO,No PDET, ZOMAC,Medio,0.409505,-,-,Irradiado_Mayor que 20 - hasta 30,Mayor que 20 - hasta 30,1,76616.0,Valle del Cauca,TULUÁ,0.380686,A1. Menos 1 hora,15.202439,Valle del Cauca,SANTIAGO DE CALI,2.159292,A3. Mayor que 2 y menor que 3 horas,114.317071,Mediana propiedad,9354.102298434187,Pequeña propiedad,2434.0,4,11851.208923,SI,-,
80,Polygon,76,622,ROLDANILLO,VALLE DEL CAUCA,76622,76622,Andina,7602,NORTE,Intermedio,-,37667,-,2. PBOT,SEIS,G1_ALTO,No PDET, ZOMAC,Medio Bajo,0.360585,-,-,Irradiado_Mayor que 60 - hasta 70,Mayor que 60 - hasta 70,1,76622.0,Valle del Cauca,ROLDANILLO,0.0,A1. Menos 1 hora,0.0,Risaralda,PEREIRA,1.923393,A2. Mayor que 1 y menor que 2 horas,90.724682,Mediana propiedad,7031.0803814282535,Pequeña propiedad,2367.0,4,9204.177551,SI,-,
81,Polygon,76,670,SAN PEDRO,VALLE DEL CAUCA,76670,76670,Andina,7601,CENTRO,Intermedio,-,18081,-,1. EOT,SEIS,G1_ALTO,No PDET,NO ZOMAC,Medio,0.403684,-,-,Irradiado_Mayor que 70 - hasta 80,Mayor que 70 - hasta 80,1,76670.0,Valle del Cauca,TULUÁ,0.275924,A1. Menos 1 hora,13.171068,Valle del Cauca,SANTIAGO DE CALI,1.595754,A2. Mayor que 1 y menor que 2 horas,86.743564,Mediana propiedad,10974.377984159622,Pequeña propiedad,974.0,3,6800.199721,SI,-,
82,Polygon,76,736,SEVILLA,VALLE DEL CAUCA,76736,76736,Andina,7604,ORIENTE,Intermedio,-,43635,-,2. PBOT,SEIS,G2_MEDIO_ALTO,No PDET,NO ZOMAC,Medio Bajo,0.320664,-,-,Irradiado_Mayor que 60 - hasta 70,Mayor que 60 - hasta 70,1,76736.0,Valle del Cauca,SEVILLA,0.0,A1. Menos 1 hora,0.0,Antioquia,ARMENIA,1.535102,A2. Mayor que 1 y menor que 2 horas,51.76417,Mediana propiedad,24280.21896350728,Pequeña propiedad,2755.0,3,19344.539419,SI,-,
83,Polygon,76,823,TORO,VALLE DEL CAUCA,76823,76823,Andina,7602,NORTE,Intermedio,-,14974,-,1. EOT,SEIS,G4_MEDIO_BAJO,No PDET,NO ZOMAC,Medio Bajo,0.442579,-,-,Irradiado_Mayor que 70 - hasta 80,Mayor que 70 - hasta 80,1,76823.0,Valle del Cauca,LA UNIÓN,0.326097,A1. Menos 1 hora,13.129646,Risaralda,PEREIRA,1.462201,A2. Mayor que 1 y menor que 2 horas,68.562446,Mediana propiedad,9359.339149873444,Pequeña propiedad,1343.0,4,9978.436914,SI,-,
84,Polygon,76,828,TRUJILLO,VALLE DEL CAUCA,76828,76828,Andina,7601,CENTRO,Intermedio,-,19701,-,1. EOT,SEIS,G3_MEDIO,No PDET,NO ZOMAC,Medio,0.312828,-,-,Irradiado_Mayor que 20 - hasta 30,Mayor que 20 - hasta 30,1,76828.0,Valle del Cauca,TULUÁ,0.549308,A1. Menos 1 hora,23.352186,Valle del Cauca,SANTIAGO DE CALI,2.327914,A3. Mayor que 2 y menor que 3 horas,122.466818,Mediana propiedad,9899.483921406454,Pequeña propiedad,2009.0,4,12259.810372,SI,-,
85,Polygon,76,834,TULUA,VALLE DEL CAUCA,76834,76834,Andina,7601,CENTRO,Ciudades y aglomeraciones,-,231962,-,3. POT,DOS,,No PDET,NO ZOMAC,Medio,0.403755,-,-,Irradiado_Mayor que 80 - hasta 100,Mayor que 80 - hasta 100,1,76834.0,Valle del Cauca,TULUÁ,0.0,A1. Menos 1 hora,0.0,Valle del Cauca,SANTIAGO DE CALI,1.86404,A2. Mayor que 1 y menor que 2 horas,99.714632,Mediana propiedad,40034.23311481658,Pequeña propiedad,4366.0,4,38126.298811,SI,-,
86,Polygon,76,845,ULLOA,VALLE DEL CAUCA,76845,76845,Andina,7602,NORTE,Intermedio,-,5795,-,1. EOT,SEIS,G2_MEDIO_ALTO,No PDET,NO ZOMAC,Bajo,0.39851,-,-,Irradiado_Mayor que 70 - hasta 80,Mayor que 70 - hasta 80,1,76845.0,Quindío,QUIMBAYA,0.583428,A1. Menos 1 hora,14.163961,Risaralda,PEREIRA,0.962385,A1. Menos 1 hora,22.713708,Pequeña propiedad,1992.718297705286,Pequeña propiedad,867.0,2,2054.404234,SI,-,
87,Polygon,76,863,VERSALLES,VALLE DEL CAUCA,76863,76863,Andina,7602,NORTE,Rural,-,7438,-,1. EOT,SEIS,G4_MEDIO_BAJO,No PDET,NO ZOMAC,Medio Bajo,0.468433,-,-,Irradiado_Mayor que 10 - hasta 15,Mayor que 10 - hasta 15,1,76863.0,Valle del Cauca,LA UNIÓN,0.664266,A1. Menos 1 hora,15.778175,Risaralda,PEREIRA,2.197917,A3. Mayor que 2 y menor que 3 horas,91.817576,Mediana propiedad,954.798383250357,Pequeña propiedad,45.0,4,1321.239737,SI,-,
88,Polygon,76,869,VIJES,VALLE DEL CAUCA,76869,76869,Andina,7605,SUR,Ciudades y aglomeraciones,-,13251,-,1. EOT,SEIS,G1_ALTO,No PDET,NO ZOMAC,Bajo,0.522777,-,-,Irradiado_Mayor que 60 - hasta 70,Mayor que 60 - hasta 70,1,76869.0,Valle del Cauca,YUMBO,0.612973,A1. Menos 1 hora,22.723759,Valle del Cauca,SANTIAGO DE CALI,0.779061,A1. Menos 1 hora,36.68772,Mediana propiedad,2318.870346480803,Pequeña propiedad,788.0,4,2762.681622,SI,-,
89,Polygon,76,890,YOTOCO,VALLE DEL CAUCA,76890,76890,Andina,7601,CENTRO,Rural,-,16426,-,1. EOT,SEIS,G4_MEDIO_BAJO,No PDET, ZOMAC,Medio Bajo,0.412844,-,-,Irradiado_Mayor que 70 - hasta 80,Mayor que 70 - hasta 80,1,76890.0,Valle del Cauca,GUADALAJARA DE BUGA,0.373615,A1. Menos 1 hora,13.874012,Valle del Cauca,SANTIAGO DE CALI,1.195474,A2. Mayor que 1 y menor que 2 horas,59.477164,"Gran propiedad, latifundios",13321.747255952172,Pequeña propiedad,1346.0,4,14888.419825,SI,-,
90,Polygon,76,892,YUMBO,VALLE DEL CAUCA,76892,76892,Andina,7605,SUR,Ciudades y aglomeraciones,-,108774,-,2. PBOT,UNO,G4_MEDIO_BAJO,No PDET,NO ZOMAC,Medio Bajo,0.472735,-,-,Irradiado_Mayor que 250 - hasta 300,Mayor que 250 - hasta 300,1,76892.0,Valle del Cauca,YUMBO,0.0,A1. Menos 1 hora,0.0,Valle del Cauca,SANTIAGO DE CALI,0.437308,A1. Menos 1 hora,15.412489,Mediana propiedad,7133.945120591462,Pequeña propiedad,2042.0,4,11122.459217,SI,-,
91,Polygon,76,895,ZARZAL,VALLE DEL CAUCA,76895,76895,Andina,7602,NORTE,Intermedio,-,43112,-,2. PBOT,CINCO,G3_MEDIO,No PDET,NO ZOMAC,Medio Bajo,0.363981,-,-,Irradiado_Mayor que 60 - hasta 70,Mayor que 60 - hasta 70,1,76895.0,Valle del Cauca,ZARZAL,0.0,A1. Menos 1 hora,0.0,Risaralda,PEREIRA,1.676309,A2. Mayor que 1 y menor que 2 horas,80.874935,"Gran propiedad, latifundios",16897.677566912018,Pequeña propiedad,739.0,4,20535.805223,SI,-,
626,Polygon,81,1,ARAUCA,ARAUCA,81001,81001,Orinoquia,8100,ARAUCA,Intermedio,si,99393,-,2. PBOT,CUATRO,G4_MEDIO_BAJO,No PDET, ZOMAC,Medio Alto,0.420111,2022,3.1.2,Mayor que 15 - hasta 20,Mayor que 15 - hasta 20,0,81001.0,Arauca,ARAUCA,0.0,A1. Menos 1 hora,0.0,Arauca,ARAUCA,0.0,A1. Menos 1 hora,0.0,Mediana propiedad,719.0530527254509,Pequeña propiedad,27.0,4,413.377775,SI,-,
629,Polygon,81,65,ARAUQUITA,ARAUCA,81065,81065,Orinoquia,8100,ARAUCA,Rural,-,62499,-,2. PBOT,SEIS,G3_MEDIO,PDET Arauca, ZOMAC,Alto,0.405456,2022,3.1.2,Mayor que 15 - hasta 20,Mayor que 15 - hasta 20,0,81065.0,Arauca,SARAVENA,1.736302,A2. Mayor que 1 y menor que 2 horas,61.715642,Arauca,ARAUCA,2.805915,A3. Mayor que 2 y menor que 3 horas,104.65311,"Gran propiedad, latifundios",11723.32471805735,Pequeña propiedad,291.0,3,12749.937015,SI,-,
628,Polygon,81,220,CRAVO NORTE,ARAUCA,81220,81220,Orinoquia,8100,ARAUCA,Rural disperso,-,4510,-,1. EOT,SEIS,G3_MEDIO,No PDET, ZOMAC,Medio,0.467049,2022,2.1.3,Mayor que 3 - hasta 5,Mayor que 3 - hasta 5,0,81220.0,Arauca,ARAUCA,3.974523,A4. Mayor que 3 y menor que 4 horas,154.18368,Arauca,ARAUCA,4.002792,A5. Mayor que 4 y menor que 5 horas,153.98368,"Gran propiedad, latifundios",14317.2457844846,Mediana propiedad,42.0,3,14292.032415,SI,-,
630,Polygon,81,300,FORTUL,ARAUCA,81300,81300,Orinoquia,8100,ARAUCA,Rural,-,23867,-,1. EOT,SEIS,G3_MEDIO,PDET Arauca, ZOMAC,Alto,0.603526,2022,3.1.2,Mayor que 15 - hasta 20,Mayor que 15 - hasta 20,0,81300.0,Arauca,SARAVENA,0.538963,A1. Menos 1 hora,27.790664,Arauca,ARAUCA,3.994301,A4. Mayor que 3 y menor que 4 horas,188.720938,Mediana propiedad,11404.13932611736,Mediana propiedad,333.0,2,13325.734848,SI,-,
627,Polygon,81,591,PUERTO RONDON,ARAUCA,81591,81591,Orinoquia,8100,ARAUCA,Rural disperso,-,5186,-,1. EOT,SEIS,G1_ALTO,No PDET, ZOMAC,Medio Alto,0.509358,2022,2.2.2,Mayor que 8 - hasta 10,Mayor que 8 - hasta 10,0,81591.0,Arauca,TAME,2.49434,A3. Mayor que 2 y menor que 3 horas,87.529351,Arauca,ARAUCA,5.036022,A6. Mayor que 5 y menor que 6 horas,151.807229,Mediana propiedad,1217.505195650985,Pequeña propiedad,62.0,3,1943.247061,SI,-,
631,Polygon,81,736,SARAVENA,ARAUCA,81736,81736,Orinoquia,8100,ARAUCA,Intermedio,-,64236,-,2. PBOT,SEIS,G1_ALTO,PDET Arauca, ZOMAC,Alto,0.389255,2022,3.1.2,Mayor que 15 - hasta 20,Mayor que 15 - hasta 20,0,81736.0,Arauca,SARAVENA,0.0,A1. Menos 1 hora,0.0,Arauca,ARAUCA,4.409369,A5. Mayor que 4 y menor que 5 horas,214.414545,Mediana propiedad,11833.13668861776,Pequeña propiedad,540.0,3,13822.945615,SI,-,
632,Polygon,81,794,TAME,ARAUCA,81794,81794,Orinoquia,8100,ARAUCA,Rural disperso,-,53406,-,2. PBOT,SEIS,G2_MEDIO_ALTO,PDET Arauca, ZOMAC,Alto,0.383619,2022,3.2.1,Mayor que 20 - hasta 30,Mayor que 20 - hasta 30,0,81794.0,Arauca,TAME,0.0,A1. Menos 1 hora,0.0,Arauca,ARAUCA,3.587749,A4. Mayor que 3 y menor que 4 horas,191.42733,,,,,2,12577.707995,SI,-,
188,Polygon,85,1,YOPAL,CASANARE,85001,85001,Orinoquia,8500,CASANARE,Ciudades y aglomeraciones,si,191133,-,3. POT,DOS,,No PDET,NO ZOMAC,Medio,0.214974,2022,3.2.2,Irradiado_Mayor que 40 - hasta 50,Mayor que 40 - hasta 50,1,85001.0,Casanare,YOPAL,0.0,A1. Menos 1 hora,0.0,Casanare,YOPAL,0.0,A1. Menos 1 hora,0.0,"Gran propiedad, latifundios",39210.93668385,Pequeña propiedad,544.0,4,41398.548135,SI,-,
189,Polygon,85,10,AGUAZUL,CASANARE,85010,85010,Orinoquia,8500,CASANARE,Intermedio,-,40528,-,2. PBOT,CINCO,G1_ALTO,No PDET, ZOMAC,Medio,0.595992,2022,3.2.2,Mayor que 30 - hasta 40,Mayor que 30 - hasta 40,0,85010.0,Casanare,AGUAZUL,0.0,A1. Menos 1 hora,0.0,Casanare,YOPAL,0.686736,A1. Menos 1 hora,26.674726,"Gran propiedad, latifundios",19687.67895771803,Pequeña propiedad,530.0,3,18787.179868,SI,-,
190,Polygon,85,15,CHAMEZA,CASANARE,85015,85015,Orinoquia,8500,CASANARE,Rural disperso,-,2504,-,1. EOT,SEIS,G4_MEDIO_BAJO,No PDET, ZOMAC,Medio Bajo,0.628866,2022,3.1.1,Mayor que 10 - hasta 15,Mayor que 10 - hasta 15,0,85015.0,Casanare,AGUAZUL,1.568343,A2. Mayor que 1 y menor que 2 horas,50.104372,Casanare,YOPAL,2.151926,A3. Mayor que 2 y menor que 3 horas,73.74062,Mediana propiedad,8185.031189224473,Pequeña propiedad,258.0,3,10103.100853,SI,-,
205,Polygon,85,125,HATO COROZAL,CASANARE,85125,85125,Orinoquia,8500,CASANARE,Rural disperso,-,13627,-,1. EOT,SEIS,G5_BAJO,No PDET, ZOMAC,Medio,0.694321,2022,3.1.2,Mayor que 15 - hasta 20,Mayor que 15 - hasta 20,0,85125.0,Casanare,PAZ DE ARIPORO,0.978121,A1. Menos 1 hora,42.078889,Casanare,YOPAL,2.820509,A3. Mayor que 2 y menor que 3 horas,137.780022,"Gran propiedad, latifundios",26921.94626339112,Mediana propiedad,380.0,3,38345.325411,SI,-,
191,Polygon,85,136,LA SALINA,CASANARE,85136,85136,Orinoquia,8500,CASANARE,Rural disperso,-,1410,-,1. EOT,SEIS,G2_MEDIO_ALTO,No PDET, ZOMAC,Medio Alto,0.83105,2022,3.1.1,Mayor que 10 - hasta 15,Mayor que 10 - hasta 15,0,85136.0,Arauca,TAME,3.54856,A4. Mayor que 3 y menor que 4 horas,104.488644,Casanare,YOPAL,5.80647,A6. Mayor que 5 y menor que 6 horas,218.530692,Pequeña propiedad,370.5589160942583,Pequeña propiedad,131.0,5,437.973561,SI,-,
192,Polygon,85,139,MANI,CASANARE,85139,85139,Orinoquia,8500,CASANARE,Rural disperso,-,18038,-,1. EOT,SEIS,G2_MEDIO_ALTO,No PDET, ZOMAC,Medio Bajo,0.442073,2022,3.1.1,Mayor que 10 - hasta 15,Mayor que 10 - hasta 15,0,85139.0,Casanare,AGUAZUL,1.770789,A2. Mayor que 1 y menor que 2 horas,57.034019,Casanare,YOPAL,2.442081,A3. Mayor que 2 y menor que 3 horas,83.650166,"Gran propiedad, latifundios",35298.50637935361,Mediana propiedad,391.0,4,39641.201701,SI,-,
193,Polygon,85,162,MONTERREY,CASANARE,85162,85162,Orinoquia,8500,CASANARE,Rural,-,19180,-,1. EOT,SEIS,G5_BAJO,No PDET, ZOMAC,Medio Bajo,0.436011,2022,3.2.1,Mayor que 20 - hasta 30,Mayor que 20 - hasta 30,0,85162.0,Casanare,VILLANUEVA,1.218056,A2. Mayor que 1 y menor que 2 horas,46.004372,Casanare,YOPAL,2.330182,A3. Mayor que 2 y menor que 3 horas,107.538391,Mediana propiedad,29514.92980095711,Pequeña propiedad,649.0,3,34178.428564,SI,-,
194,Polygon,85,225,NUNCHIA,CASANARE,85225,85225,Orinoquia,8500,CASANARE,Rural disperso,-,9809,-,1. EOT,SEIS,G5_BAJO,No PDET,NO ZOMAC,Medio,0.51634,2022,3.2.1,Mayor que 20 - hasta 30,Mayor que 20 - hasta 30,0,85225.0,Casanare,YOPAL,1.473949,A2. Mayor que 1 y menor que 2 horas,56.126912,Casanare,YOPAL,1.457283,A2. Mayor que 1 y menor que 2 horas,56.026912,Mediana propiedad,6240.638151530167,Mediana propiedad,147.0,3,9192.253204,SI,-,
195,Polygon,85,230,OROCUE,CASANARE,85230,85230,Orinoquia,8500,CASANARE,Rural disperso,-,13844,-,1. EOT,SEIS,G2_MEDIO_ALTO,No PDET,NO ZOMAC,Medio,0.423465,2022,3.1.1,Mayor que 10 - hasta 15,Mayor que 10 - hasta 15,0,85230.0,Casanare,YOPAL,5.054213, ,164.296674,Casanare,YOPAL,5.037546,A6. Mayor que 5 y menor que 6 horas,164.196674,"Gran propiedad, latifundios",62463.02461143777,Mediana propiedad,106.0,4,38898.494407,SI,-,
206,Polygon,85,250,PAZ DE ARIPORO,CASANARE,85250,85250,Orinoquia,8500,CASANARE,Rural disperso,-,40354,-,2. PBOT,SEIS,G5_BAJO,No PDET, ZOMAC,Medio,0.731172,2022,3.2.2,Mayor que 30 - hasta 40,Mayor que 30 - hasta 40,0,85250.0,Casanare,PAZ DE ARIPORO,0.0,A1. Menos 1 hora,0.0,Casanare,YOPAL,2.161039,A3. Mayor que 2 y menor que 3 horas,96.988138,"Gran propiedad, latifundios",7999.8682855757,Pequeña propiedad,246.0,3,8072.000006,SI,-,
196,Polygon,85,263,PORE,CASANARE,85263,85263,Orinoquia,8500,CASANARE,Rural,-,12681,-,1. EOT,SEIS,G5_BAJO,No PDET, ZOMAC,Medio,0.474958,2022,3.2.1,Mayor que 20 - hasta 30,Mayor que 20 - hasta 30,0,85263.0,Casanare,PAZ DE ARIPORO,0.585211,A1. Menos 1 hora,22.570563,Casanare,YOPAL,1.666179,A2. Mayor que 1 y menor que 2 horas,75.948947,Mediana propiedad,5179.964096736662,Mediana propiedad,154.0,3,6945.391537,SI,-,
197,Polygon,85,279,RECETOR,CASANARE,85279,85279,Orinoquia,8500,CASANARE,Rural,-,1569,-,1. EOT,SEIS,G3_MEDIO,No PDET, ZOMAC,Medio,0.538028,2022,2.2.1,Mayor que 5 - hasta 8,Mayor que 5 - hasta 8,0,85279.0,Casanare,AGUAZUL,0.935048,A1. Menos 1 hora,35.633304,Casanare,YOPAL,1.518631,A2. Mayor que 1 y menor que 2 horas,59.269553,Mediana propiedad,6789.586395460888,Pequeña propiedad,302.0,4,5491.990912,SI,-,
198,Polygon,85,300,SABANALARGA,CASANARE,85300,85300,Orinoquia,8500,CASANARE,Rural disperso,-,3995,-,1. EOT,SEIS,G5_BAJO,No PDET, ZOMAC,Bajo,0.50887,2022,3.2.1,Mayor que 20 - hasta 30,Mayor que 20 - hasta 30,0,85300.0,Casanare,VILLANUEVA,1.072757,A2. Mayor que 1 y menor que 2 horas,43.11026,Casanare,YOPAL,3.314684,A4. Mayor que 3 y menor que 4 horas,129.449156,"Gran propiedad, latifundios",7718.221289650308,Mediana propiedad,117.0,2,10087.285091,SI,-,
199,Polygon,85,315,SACAMA,CASANARE,85315,85315,Orinoquia,8500,CASANARE,Rural disperso,-,2333,-,1. EOT,SEIS,G5_BAJO,No PDET, ZOMAC,Medio Alto,0.785933,2022,3.1.2,Mayor que 15 - hasta 20,Mayor que 15 - hasta 20,0,85315.0,Arauca,TAME,2.49164,A3. Mayor que 2 y menor que 3 horas,87.479098,Casanare,YOPAL,4.74955,A5. Mayor que 4 y menor que 5 horas,201.521147,Mediana propiedad,485.4644769526749,Pequeña propiedad,57.0,2,854.027675,SI,-,
200,Polygon,85,325,SAN LUIS DE PALENQUE,CASANARE,85325,85325,Orinoquia,8500,CASANARE,Rural disperso,-,8877,-,1. EOT,SEIS,G4_MEDIO_BAJO,No PDET,NO ZOMAC,Medio Bajo,0.565172,2022,3.1.1,Mayor que 10 - hasta 15,Mayor que 10 - hasta 15,0,85325.0,Casanare,PAZ DE ARIPORO,2.546794,A3. Mayor que 2 y menor que 3 horas,88.747222,Casanare,YOPAL,2.999837,A3. Mayor que 2 y menor que 3 horas,107.209459,"Gran propiedad, latifundios",11475.4105441623,Pequeña propiedad,226.0,4,18950.366509,SI,-,
201,Polygon,85,400,TAMARA,CASANARE,85400,85400,Orinoquia,8500,CASANARE,Rural disperso,-,6992,-,1. EOT,SEIS,G1_ALTO,No PDET, ZOMAC,Medio,0.869932,2022,3.2.1,Mayor que 20 - hasta 30,Mayor que 20 - hasta 30,0,85400.0,Casanare,PAZ DE ARIPORO,1.908428,A2. Mayor que 1 y menor que 2 horas,60.10803,Casanare,YOPAL,2.500725,A3. Mayor que 2 y menor que 3 horas,86.350166,Pequeña propiedad,1050.78119196163,Pequeña propiedad,351.0,3,1231.123776,SI,-,
202,Polygon,85,410,TAURAMENA,CASANARE,85410,85410,Orinoquia,8500,CASANARE,Rural disperso,-,26381,-,1. EOT,CINCO,G3_MEDIO,No PDET, ZOMAC,Medio,0.583634,2022,3.1.1,Mayor que 10 - hasta 15,Mayor que 10 - hasta 15,0,85410.0,Casanare,AGUAZUL,1.101016,A2. Mayor que 1 y menor que 2 horas,44.891883,Casanare,YOPAL,1.684599,A2. Mayor que 1 y menor que 2 horas,68.528131,"Gran propiedad, latifundios",131393.38497765,Mediana propiedad,634.0,4,127182.420247,SI,-,
203,Polygon,85,430,TRINIDAD,CASANARE,85430,85430,Orinoquia,8500,CASANARE,Rural disperso,-,14910,-,1. EOT,SEIS,G2_MEDIO_ALTO,No PDET,NO ZOMAC,Medio Bajo,0.516438,2022,3.1.1,Mayor que 10 - hasta 15,Mayor que 10 - hasta 15,0,85430.0,Casanare,PAZ DE ARIPORO,2.313083,A3. Mayor que 2 y menor que 3 horas,80.65311,Casanare,YOPAL,3.285975,A4. Mayor que 3 y menor que 4 horas,116.727835,"Gran propiedad, latifundios",8794.709568731914,Pequeña propiedad,239.0,4,15171.2313,SI,-,
204,Polygon,85,440,VILLANUEVA,CASANARE,85440,85440,Orinoquia,8500,CASANARE,Rural,-,39610,-,2. PBOT,CINCO,G3_MEDIO,No PDET, ZOMAC,Medio Bajo,0.45888,2022,3.2.1,Mayor que 20 - hasta 30,Mayor que 20 - hasta 30,0,85440.0,Casanare,VILLANUEVA,0.0,A1. Menos 1 hora,0.0,Meta,VILLAVICENCIO,2.264984,A3. Mayor que 2 y menor que 3 horas,119.178088,"Gran propiedad, latifundios",28324.69754018915,Pequeña propiedad,1090.0,3,30250.443684,SI,-,
99,Polygon,86,1,MOCOA,PUTUMAYO,86001,86001,Amazonia,8600,PUTUMAYO,Intermedio,si,63639,-,2. PBOT,SEIS,G4_MEDIO_BAJO,PDET Putumayo, ZOMAC,Medio Alto,0.495508,2024,3.3.2,Mayor que 50 - hasta 60,Mayor que 50 - hasta 60,0,86001.0,Putumayo,MOCOA,0.0,A1. Menos 1 hora,0.0,Putumayo,MOCOA,0.0,A1. Menos 1 hora,0.0,Pequeña propiedad,911.782144628579,Pequeña propiedad,914.0,3,1089.183399,SI,-,
100,Polygon,86,219,COLON,PUTUMAYO,86219,86219,Amazonia,8600,PUTUMAYO,Intermedio,-,5800,-,1. EOT,SEIS,G5_BAJO,No PDET,NO ZOMAC,Medio Bajo,0.72465,-,-,Irradiado_Mayor que 20 - hasta 30,Mayor que 20 - hasta 30,1,86219.0,Nariño,SAN JUAN DE PASTO,1.572359,A2. Mayor que 1 y menor que 2 horas,47.745794,Nariño,SAN JUAN DE PASTO,1.576567,A2. Mayor que 1 y menor que 2 horas,47.380108,Pequeña propiedad,2085.6838874264345,Pequeña propiedad,557.0,4,3239.397966,SI,-,
101,Polygon,86,320,ORITO,PUTUMAYO,86320,86320,Amazonia,8600,PUTUMAYO,Intermedio,-,40478,-,2. PBOT,SEIS,G4_MEDIO_BAJO,PDET Putumayo, ZOMAC,Alto,0.762823,-,-,Irradiado_Mayor que 10 - hasta 15,Mayor que 10 - hasta 15,1,86320.0,Putumayo,PUERTO ASÍS,1.510261,A2. Mayor que 1 y menor que 2 horas,60.174221,Putumayo,MOCOA,2.438443,A3. Mayor que 2 y menor que 3 horas,116.725902,"Gran propiedad, latifundios",110129.1068352504,Pequeña propiedad,4058.0,3,94170.533007,SI,-,
109,Polygon,86,568,PUERTO ASIS,PUTUMAYO,86568,86568,Amazonia,8600,PUTUMAYO,Ciudades y aglomeraciones,-,71922,-,2. PBOT,SEIS,G2_MEDIO_ALTO,PDET Putumayo, ZOMAC,Alto,0.802579,-,-,Irradiado_Mayor que 15 - hasta 20,Mayor que 15 - hasta 20,1,86568.0,Putumayo,PUERTO ASÍS,0.0,A1. Menos 1 hora,0.0,Putumayo,MOCOA,1.938917,A2. Mayor que 1 y menor que 2 horas,85.883766,"Gran propiedad, latifundios",156892.8835723466,Pequeña propiedad,4220.0,4,145022.410432,SI,-,
108,Polygon,86,569,PUERTO CAICEDO,PUTUMAYO,86569,86569,Amazonia,8600,PUTUMAYO,Rural,-,16823,-,1. EOT,SEIS,G5_BAJO,PDET Putumayo, ZOMAC,Alto,0.701208,-,-,Irradiado_Mayor que 8 - hasta 10,Mayor que 8 - hasta 10,1,86569.0,Putumayo,PUERTO ASÍS,0.740143,A1. Menos 1 hora,26.593607,Putumayo,MOCOA,1.211957,A2. Mayor que 1 y menor que 2 horas,59.207316,"Gran propiedad, latifundios",36472.59375166841,Pequeña propiedad,1970.0,3,78339.795999,SI,-,
110,Polygon,86,571,PUERTO GUZMAN,PUTUMAYO,86571,86571,Amazonia,8600,PUTUMAYO,Rural disperso,-,38076,-,2. PBOT,SEIS,G1_ALTO,PDET Putumayo, ZOMAC,Alto,0.396722,-,-,Irradiado_Mayor que 8 - hasta 10,Mayor que 8 - hasta 10,1,86571.0,Putumayo,MOCOA,1.24099,A2. Mayor que 1 y menor que 2 horas,48.417366,Putumayo,MOCOA,1.220642,A2. Mayor que 1 y menor que 2 horas,47.71026,"Gran propiedad, latifundios",313620.48999952676,Mediana propiedad,980.0,4,301984.343408,SI,-,
111,Polygon,86,573,LEGUIZAMO,PUTUMAYO,86573,86573,Amazonia,8600,PUTUMAYO,Rural disperso,-,32274,-,2. PBOT,SEIS,G1_ALTO,PDET Putumayo, ZOMAC,Alto,0.853163,-,-,Irradiado_Mayor que 3 - hasta 5,Mayor que 3 - hasta 5,1,nan,,,0.0, ,0.0,,,0.0, ,0.0,,,,,4,265502.345933,SI,-,
102,Polygon,86,749,SIBUNDOY,PUTUMAYO,86749,86749,Amazonia,8600,PUTUMAYO,Intermedio,-,16733,-,1. EOT,SEIS,G1_ALTO,No PDET,NO ZOMAC,Medio Bajo,0.717984,-,-,Irradiado_Mayor que 30 - hasta 40,Mayor que 30 - hasta 40,1,86749.0,Putumayo,MOCOA,1.672745,A2. Mayor que 1 y menor que 2 horas,55.374221,Putumayo,MOCOA,1.658494,A2. Mayor que 1 y menor que 2 horas,54.808535,Pequeña propiedad,3087.5500082104786,Pequeña propiedad,1626.0,1,1796.696639,SI,-,
103,Polygon,86,755,SAN FRANCISCO,PUTUMAYO,86755,86755,Amazonia,8600,PUTUMAYO,Rural,-,6244,-,1. EOT,SEIS,G2_MEDIO_ALTO,No PDET,NO ZOMAC,Medio Bajo,0.748145,-,-,Irradiado_Mayor que 20 - hasta 30,Mayor que 20 - hasta 30,1,86755.0,Putumayo,MOCOA,1.537639,A2. Mayor que 1 y menor que 2 horas,49.673001,Putumayo,MOCOA,1.523387,A2. Mayor que 1 y menor que 2 horas,49.107316,,,,,4,4248.96633,SI,-,
104,Polygon,86,757,SAN MIGUEL,PUTUMAYO,86757,86757,Amazonia,8600,PUTUMAYO,Rural,-,20997,-,1. EOT,SEIS,G3_MEDIO,PDET Putumayo, ZOMAC,Alto,0.705987,-,-,Irradiado_Mayor que 8 - hasta 10,Mayor que 8 - hasta 10,1,86757.0,Putumayo,PUERTO ASÍS,2.158504,A3. Mayor que 2 y menor que 3 horas,99.504581,Putumayo,MOCOA,3.086685,A4. Mayor que 3 y menor que 4 horas,156.056263,Mediana propiedad,13213.05300275504,Pequeña propiedad,2235.0,3,28262.502191,SI,-,
105,Polygon,86,760,SANTIAGO,PUTUMAYO,86760,86760,Amazonia,8600,PUTUMAYO,Rural,-,7753,-,1. EOT,SEIS,G2_MEDIO_ALTO,No PDET,NO ZOMAC,Medio Bajo,0.652022,-,-,Irradiado_Mayor que 20 - hasta 30,Mayor que 20 - hasta 30,1,86760.0,Nariño,SAN JUAN DE PASTO,1.27122,A2. Mayor que 1 y menor que 2 horas,41.461732,Nariño,SAN JUAN DE PASTO,1.275428,A2. Mayor que 1 y menor que 2 horas,41.096046,Pequeña propiedad,2756.8352724860865,Pequeña propiedad,1118.0,4,1878.202517,SI,-,
106,Polygon,86,865,VALLE DEL GUAMUEZ,PUTUMAYO,86865,86865,Amazonia,8600,PUTUMAYO,Intermedio,-,35593,-,2. PBOT,SEIS,G3_MEDIO,PDET Putumayo, ZOMAC,Alto,0.733551,-,-,Irradiado_Mayor que 15 - hasta 20,Mayor que 15 - hasta 20,1,86865.0,Putumayo,PUERTO ASÍS,1.937887,A2. Mayor que 1 y menor que 2 horas,89.527626,Putumayo,MOCOA,2.866068,A3. Mayor que 2 y menor que 3 horas,146.079307,Mediana propiedad,33868.46411289339,Pequeña propiedad,4673.0,3,65080.565893,SI,-,
107,Polygon,86,885,VILLAGARZON,PUTUMAYO,86885,86885,Amazonia,8600,PUTUMAYO,Rural,-,26710,-,1. EOT,SEIS,G3_MEDIO,PDET Putumayo, ZOMAC,Alto,0.650021,-,-,Irradiado_Mayor que 50 - hasta 60,Mayor que 50 - hasta 60,1,86885.0,Putumayo,MOCOA,0.378664,A1. Menos 1 hora,16.095332,Putumayo,MOCOA,0.358316,A1. Menos 1 hora,15.388225,"Gran propiedad, latifundios",69714.73163173028,Pequeña propiedad,2045.0,3,45338.318501,SI,-,
624,Polygon,88,1,SAN ANDRES,SAN ANDRES PROVIDENCIA Y SANTA CATALINA,88001,88001,Insular,8800,ARCHIPIELAGO DE SAN ANDRES,Intermedio,si,0,-,2. PBOT, ,G1_ALTO,No PDET,NO ZOMAC,Bajo,0.388523,-,-,Irradiado_Mayor que 1000,Mayor que 1000,1,nan,,,0.0, ,0.0,,,0.0, ,0.0,Pequeña propiedad,1192.9138377385498,Pequeña propiedad,2198.0,0,0.0,SI,-,
625,Polygon,88,564,PROVIDENCIA Y SANTA CATALINA,SAN ANDRES PROVIDENCIA Y SANTA CATALINA,88564,88564,Insular,8800,ARCHIPIELAGO DE SAN ANDRES,Intermedio,-,5936,-,1. EOT,CINCO,G4_MEDIO_BAJO,No PDET,NO ZOMAC,Bajo,0.579367,-,-,Irradiado_Mayor que 1000,Mayor que 1000,1,nan,,,0.0, ,0.0,,,0.0, ,0.0,Pequeña propiedad,1521.6153847782407,Pequeña propiedad,1415.0,0,0.0,SI,-,
207,Polygon,91,1,LETICIA,AMAZONAS,91001,91001,Amazonia,9100,AMAZONAS,Rural,si,54110,-,2. PBOT,SEIS,G1_ALTO,No PDET,NO ZOMAC,Medio Bajo,0.152042,-,-,Irradiado_Mayor que 50 - hasta 60,Mayor que 50 - hasta 60,1,91001.0,Amazonas,LETICIA,0.0,A1. Menos 1 hora,0.0,Amazonas,LETICIA,0.0,A1. Menos 1 hora,0.0,"Gran propiedad, latifundios",5574.887384334694,Pequeña propiedad,231.0,4,23775.125545,SI,-,
208,Polygon,91,263,EL ENCANTO,AMAZONAS,91263,91263,Amazonia,9100,AMAZONAS, , ,0,Área no municipalizada,, ,G5_BAJO,No PDET,NO ZOMAC,Medio Bajo,0.0,-,-,Irradiado_Mayor que 2 - hasta 3,Mayor que 2 - hasta 3,1,nan,,,0.0, ,0.0,,,0.0, ,0.0,,,,,3,137.4301,SI,-,
209,Polygon,91,405,LA CHORRERA,AMAZONAS,91405,91405,Amazonia,9100,AMAZONAS, , ,0,Área no municipalizada,, ,G1_ALTO,No PDET,NO ZOMAC,Medio Bajo,0.0,-,-,Irradiado_Mayor que 2 - hasta 3,Mayor que 2 - hasta 3,1,nan,,,0.0, ,0.0,,,0.0, ,0.0,,,,,5,359.582229,SI,-,
210,Polygon,91,407,LA PEDRERA,AMAZONAS,91407,91407,Amazonia,9100,AMAZONAS, , ,0,Área no municipalizada,, ,G3_MEDIO,No PDET,NO ZOMAC,Bajo,0.0,-,-,Irradiado_Mayor que 2 - hasta 3,Mayor que 2 - hasta 3,1,nan,,,0.0, ,0.0,,,0.0, ,0.0,,,,,4,28921.402478,SI,-,
211,Polygon,91,430,LA VICTORIA,AMAZONAS,91430,91430,Amazonia,9100,AMAZONAS, , ,0,Área no municipalizada,, ,G3_MEDIO,No PDET,NO ZOMAC,Bajo,0.0,-,-,Irradiado_Mayor que 2 - hasta 3,Mayor que 2 - hasta 3,1,nan,,,0.0, ,0.0,,,0.0, ,0.0,,,,,4,0.981898,SI,-,
212,Polygon,91,460,MIRITI - PARANA,AMAZONAS,91460,91460,Amazonia,9100,AMAZONAS, , ,0,Área no municipalizada,, ,G1_ALTO,No PDET,NO ZOMAC,Bajo,0.0,-,-,Irradiado_Mayor que 2 - hasta 3,Mayor que 2 - hasta 3,1,nan,,,0.0, ,0.0,,,0.0, ,0.0,,,,,3,986.146309,SI,-,
213,Polygon,91,530,PUERTO ALEGRIA,AMAZONAS,91530,91530,Amazonia,9100,AMAZONAS, , ,0,Área no municipalizada,, ,G2_MEDIO_ALTO,No PDET,NO ZOMAC,Medio Bajo,0.0,-,-,Irradiado_Mayor que 2 - hasta 3,Mayor que 2 - hasta 3,1,nan,,,0.0, ,0.0,,,0.0, ,0.0,,,,,3,118.250893,SI,-,
214,Polygon,91,536,PUERTO ARICA,AMAZONAS,91536,91536,Amazonia,9100,AMAZONAS, , ,0,Área no municipalizada,, ,G3_MEDIO,No PDET,NO ZOMAC,Medio Bajo,0.0,-,-,Irradiado_Mayor que 2 - hasta 3,Mayor que 2 - hasta 3,1,nan,,,0.0, ,0.0,,,0.0, ,0.0,,,,,4,38406.764552,SI,-,
215,Polygon,91,540,PUERTO NARIÑO,AMAZONAS,91540,91540,Amazonia,9100,AMAZONAS,Rural disperso,-,10772,-,1. EOT,SEIS,G2_MEDIO_ALTO,No PDET,NO ZOMAC,Bajo,0.37931,-,-,Irradiado_Mayor que 10 - hasta 15,Mayor que 10 - hasta 15,1,nan,,,0.0, ,0.0,,,0.0, ,0.0,Mediana propiedad,168.0614042400632,Mediana propiedad,3.0,3,651.768515,SI,-,
216,Polygon,91,669,PUERTO SANTANDER,AMAZONAS,91669,91669,Amazonia,9100,AMAZONAS, , ,0,Área no municipalizada,, ,G4_MEDIO_BAJO,No PDET,NO ZOMAC,Medio,0.285714,-,-,Irradiado_Mayor que 2 - hasta 3,Mayor que 2 - hasta 3,1,nan,,,0.0, ,0.0,,,0.0, ,0.0,,,,,3,2967.406544,SI,-,
217,Polygon,91,798,TARAPACA,AMAZONAS,91798,91798,Amazonia,9100,AMAZONAS, , ,0,Área no municipalizada,, ,G1_ALTO,No PDET,NO ZOMAC,Bajo,0.25,-,-,Irradiado_Mayor que 2 - hasta 3,Mayor que 2 - hasta 3,1,nan,,,0.0, ,0.0,,,0.0, ,0.0,,,,,4,78127.318943,SI,-,
175,Polygon,94,1,INIRIDA,GUAINIA,94001,94001,Amazonia,9401,GUAINIA,Rural disperso,si,37015,-,2. PBOT,SEIS,G3_MEDIO,No PDET,NO ZOMAC,Medio,0.349112,-,-,Irradiado_Mayor que 8 - hasta 10,Mayor que 8 - hasta 10,1,nan,,,0.0, ,0.0,Guainía,INÍRIDA,0.0,A1. Menos 1 hora,0.0,,,,,4,7098.595563,SI,-,
176,Polygon,94,343,BARRANCO MINA,GUAINIA,94343,94343,Amazonia,9401,GUAINIA,Rural disperso, ,10815,-,1. EOT, ,G3_MEDIO,No PDET,NO ZOMAC,Medio Bajo,0.631579,-,-,Irradiado_Mayor que 3 - hasta 5,Mayor que 3 - hasta 5,1,nan,,,0.0, ,0.0,,,0.0, ,0.0,,,,,4,30393.217743,SI,-,
177,Polygon,94,663,MAPIRIPANA,GUAINIA,94663,94663,Amazonia,9401,GUAINIA, , ,0,Área no municipalizada,, ,G5_BAJO,No PDET,NO ZOMAC,Medio Bajo,0.0,-,-,Irradiado_Mayor que 2 - hasta 3,Mayor que 2 - hasta 3,1,nan,,,0.0, ,0.0,,,0.0, ,0.0,,,,,0,0.0,SI,-,
178,Polygon,94,883,SAN FELIPE,GUAINIA,94883,94883,Amazonia,9401,GUAINIA, , ,0,Área no municipalizada,, ,G3_MEDIO,No PDET,NO ZOMAC,Bajo,0.0,-,-,Irradiado_Mayor que 2 - hasta 3,Mayor que 2 - hasta 3,1,nan,,,0.0, ,0.0,,,0.0, ,0.0,,,,,3,0.091703,SI,-,
179,Polygon,94,884,PUERTO COLOMBIA,GUAINIA,94884,94884,Amazonia,9401,GUAINIA, , ,0,Área no municipalizada,, ,G3_MEDIO,No PDET,NO ZOMAC,Bajo,0.2,-,-,Irradiado_Mayor que 2 - hasta 3,Mayor que 2 - hasta 3,1,nan,,,0.0, ,0.0,,,0.0, ,0.0,,,,,4,0.502378,SI,-,
180,Polygon,94,885,LA GUADALUPE,GUAINIA,94885,94885,Amazonia,9401,GUAINIA, , ,0,Área no municipalizada,, ,G1_ALTO,No PDET,NO ZOMAC,Bajo,0.0,-,-,Irradiado_Mayor que 2 - hasta 3,Mayor que 2 - hasta 3,1,nan,,,0.0, ,0.0,,,0.0, ,0.0,,,,,3,0.033873,SI,-,
181,Polygon,94,886,CACAHUAL,GUAINIA,94886,94886,Amazonia,9401,GUAINIA, , ,0,Área no municipalizada,, ,G2_MEDIO_ALTO,No PDET,NO ZOMAC,Bajo,0.0,-,-,Irradiado_Mayor que 2 - hasta 3,Mayor que 2 - hasta 3,1,nan,,,0.0, ,0.0,,,0.0, ,0.0,,,,,3,0.259045,SI,-,
182,Polygon,94,887,PANA PANA,GUAINIA,94887,94887,Amazonia,9401,GUAINIA, , ,0,Área no municipalizada,, ,G5_BAJO,No PDET,NO ZOMAC,Bajo,0.666667,-,-,Irradiado_Mayor que 2 - hasta 3,Mayor que 2 - hasta 3,1,nan,,,0.0, ,0.0,,,0.0, ,0.0,,,,,3,0.40017,SI,-,
183,Polygon,94,888,MORICHAL,GUAINIA,94888,94888,Amazonia,9401,GUAINIA, , ,0,Área no municipalizada,, ,G5_BAJO,No PDET,NO ZOMAC,Medio,0.333333,-,-,Irradiado_Mayor que 2 - hasta 3,Mayor que 2 - hasta 3,1,nan,,,0.0, ,0.0,,,0.0, ,0.0,,,,,4,337.654436,SI,-,
224,Polygon,95,1,SAN JOSE DEL GUAVIARE,GUAVIARE,95001,95001,Amazonia,9500,GUAVIARE,Rural,si,61403,-,2. PBOT,SEIS,G2_MEDIO_ALTO,PDET Macarena-Guaviare, ZOMAC,Alto,0.336602,-,-,Irradiado_Mayor que 30 - hasta 40,Mayor que 30 - hasta 40,1,95001.0,Guaviare,SAN JOSÉ DEL GUAVIARE,0.0,A1. Menos 1 hora,0.0,Guaviare,SAN JOSÉ DEL GUAVIARE,0.0,A1. Menos 1 hora,0.0,Pequeña propiedad,4.323414612071553,Pequeña propiedad,23.0,3,337949.589466,SI,-,
225,Polygon,95,15,CALAMAR,GUAVIARE,95015,95015,Amazonia,9500,GUAVIARE,Rural disperso,-,11282,-,1. EOT,SEIS,G1_ALTO,PDET Macarena-Guaviare, ZOMAC,Alto,0.352518,-,-,Irradiado_Mayor que 5 - hasta 8,Mayor que 5 - hasta 8,1,95015.0,Guaviare,SAN JOSÉ DEL GUAVIARE,2.598318,A3. Mayor que 2 y menor que 3 horas,76.270058,Guaviare,SAN JOSÉ DEL GUAVIARE,2.580352,A3. Mayor que 2 y menor que 3 horas,75.745794,,,,,3,75405.87219,SI,-,
226,Polygon,95,25,EL RETORNO,GUAVIARE,95025,95025,Amazonia,9500,GUAVIARE,Rural disperso,-,16984,-,1. EOT,SEIS,G4_MEDIO_BAJO,PDET Macarena-Guaviare, ZOMAC,Alto,0.544089,-,-,Irradiado_Mayor que 8 - hasta 10,Mayor que 8 - hasta 10,1,95025.0,Guaviare,SAN JOSÉ DEL GUAVIARE,1.047077,A2. Mayor que 1 y menor que 2 horas,30.693607,Guaviare,SAN JOSÉ DEL GUAVIARE,1.029111,A2. Mayor que 1 y menor que 2 horas,30.169343,,,,,3,142214.443078,SI,-,
227,Polygon,95,200,MIRAFLORES,GUAVIARE,95200,95200,Amazonia,9500,GUAVIARE,Rural disperso,-,7947,-,1. EOT,SEIS,G3_MEDIO,PDET Macarena-Guaviare, ZOMAC,Alto,0.478261,-,-,Irradiado_Mayor que 3 - hasta 5,Mayor que 3 - hasta 5,1,95200.0,Guaviare,SAN JOSÉ DEL GUAVIARE,8.255124, ,212.368961,Guaviare,SAN JOSÉ DEL GUAVIARE,8.237158,A8. Mayor que 8 horas,211.844697,,,,,2,41052.324138,SI,-,
218,Polygon,97,1,MITU,VAUPES,97001,97001,Amazonia,9700,VAUPES,Rural disperso,si,34037,-,2. PBOT,SEIS,G4_MEDIO_BAJO,No PDET,NO ZOMAC,Medio,0.0,-,-,Irradiado_Mayor que 8 - hasta 10,Mayor que 8 - hasta 10,1,nan,,,0.0, ,0.0,Vaupés,MITÚ,0.0,A1. Menos 1 hora,0.0,,,,,3,21.345341,SI,-,
219,Polygon,97,161,CARURU,VAUPES,97161,97161,Amazonia,9700,VAUPES,Rural disperso,-,3497,-,1. EOT,SEIS,G2_MEDIO_ALTO,No PDET, ZOMAC,Medio Alto,0.0,-,-,Irradiado_Mayor que 3 - hasta 5,Mayor que 3 - hasta 5,1,nan,,,0.0, ,0.0,,,0.0, ,0.0,,,,,3,474423.541154,SI,-,
220,Polygon,97,511,PACOA,VAUPES,97511,97511,Amazonia,9700,VAUPES, , ,0,Área no municipalizada,, ,G5_BAJO,No PDET,NO ZOMAC,Medio Bajo,0.0,-,-,Irradiado_Mayor que 2 - hasta 3,Mayor que 2 - hasta 3,1,nan,,,0.0, ,0.0,,,0.0, ,0.0,,,,,4,3793.77269,SI,-,
221,Polygon,97,666,TARAIRA,VAUPES,97666,97666,Amazonia,9700,VAUPES,Rural disperso,-,2543,-,1. EOT,SEIS,G4_MEDIO_BAJO,No PDET,NO ZOMAC,Bajo,0.99,-,-,Irradiado_Mayor que 3 - hasta 5,Mayor que 3 - hasta 5,1,nan,,,0.0, ,0.0,,,0.0, ,0.0,Pequeña propiedad,111.60835889621893,Pequeña propiedad,57.0,5,8180.076589,SI,-,
222,Polygon,97,777,PAPUNAHUA,VAUPES,97777,97777,Amazonia,9700,VAUPES, , ,0,Área no municipalizada,, ,G5_BAJO,No PDET,NO ZOMAC,Bajo,0.0,-,-,Irradiado_Mayor que 2 - hasta 3,Mayor que 2 - hasta 3,1,nan,,,0.0, ,0.0,,,0.0, ,0.0,,,,,3,326.305708,SI,-,
223,Polygon,97,889,YAVARATE,VAUPES,97889,97889,Amazonia,9700,VAUPES, , ,0,Área no municipalizada,, ,G1_ALTO,No PDET,NO ZOMAC,Medio Bajo,0.0,-,-,Irradiado_Mayor que 2 - hasta 3,Mayor que 2 - hasta 3,1,nan,,,0.0, ,0.0,,,0.0, ,0.0,,,,,0,0.0,SI,-,
185,Polygon,99,1,PUERTO CARREÑO,VICHADA,99001,99001,Orinoquia,9900,VICHADA,Rural disperso,si,22218,-,1. EOT,SEIS,G2_MEDIO_ALTO,No PDET,NO ZOMAC,Medio Alto,0.597959,2022,2.2.1,Mayor que 5 - hasta 8,Mayor que 5 - hasta 8,0,nan,,,0.0, ,0.0,Vichada,PUERTO CARREÑO,0.0,A1. Menos 1 hora,0.0,"Gran propiedad, latifundios",1018063.5516095376,Pequeña propiedad,401.0,3,10451.56776,SI,-,
186,Polygon,99,524,LA PRIMAVERA,VICHADA,99524,99524,Orinoquia,9900,VICHADA,Rural disperso,-,10992,-,1. EOT,SEIS,G2_MEDIO_ALTO,No PDET,NO ZOMAC,Medio Bajo,0.575542,2022,2.2.1,Mayor que 5 - hasta 8,Mayor que 5 - hasta 8,0,99524.0,Meta,VILLAVICENCIO,9.933153, ,459.61702,Meta,VILLAVICENCIO,9.90796,A8. Mayor que 8 horas,460.482705,"Gran propiedad, latifundios",1885045.5225075511,Pequeña propiedad,96.0,3,10682.846916,SI,-,
184,Polygon,99,624,SANTA ROSALIA,VICHADA,99624,99624,Orinoquia,9900,VICHADA,Rural disperso,-,4555,-,1. EOT,SEIS,G1_ALTO,No PDET,NO ZOMAC,Medio Bajo,0.770548,2022,2.2.1,Mayor que 5 - hasta 8,Mayor que 5 - hasta 8,0,99624.0,Meta,VILLAVICENCIO,8.340394, ,400.614877,Meta,VILLAVICENCIO,8.315201,A8. Mayor que 8 horas,401.480562,"Gran propiedad, latifundios",171131.8475791701,Pequeña propiedad,86.0,2,20982.940521,SI,-,
187,Polygon,99,773,CUMARIBO,VICHADA,99773,99773,Orinoquia,9900,VICHADA,Rural disperso,-,85539,-,2. PBOT,SEIS,,No PDET, ZOMAC,Medio Alto,0.02322,2022,2.1.3,Mayor que 3 - hasta 5,Mayor que 3 - hasta 5,0,nan,,,0.0, ,0.0,,,0.0, ,0.0,"Gran propiedad, latifundios",2496351.9633475905,"Gran propiedad, latifundios",153.0,3,147576.935048,SI,-,
